solid OpenSCAD_Model
  facet normal -0.7927 0 0.609612
    outer loop
      vertex 73.3738 188 1105.69
      vertex 73.6122 204.8 1106
      vertex 73.3738 204.8 1105.69
    endloop
  endfacet
  facet normal -0.7927 0 0.609612
    outer loop
      vertex 73.6122 204.8 1106
      vertex 73.3738 188 1105.69
      vertex 73.6122 188 1106
    endloop
  endfacet
  facet normal 0.923168 -0 0.384397
    outer loop
      vertex 70.8642 188 1106.36
      vertex 71.0141 204.8 1106
      vertex 70.8642 204.8 1106.36
    endloop
  endfacet
  facet normal 0.923168 0 0.384397
    outer loop
      vertex 71.0141 204.8 1106
      vertex 70.8642 188 1106.36
      vertex 71.0141 188 1106
    endloop
  endfacet
  facet normal -0.923259 0 0.384178
    outer loop
      vertex 73.6122 188 1106
      vertex 73.762 204.8 1106.36
      vertex 73.6122 204.8 1106
    endloop
  endfacet
  facet normal -0.923259 0 0.384178
    outer loop
      vertex 73.762 204.8 1106.36
      vertex 73.6122 188 1106
      vertex 73.762 188 1106.36
    endloop
  endfacet
  facet normal -0.382983 0 -0.923755
    outer loop
      vertex 72.7013 188 1108.2
      vertex 73.0631 204.8 1108.05
      vertex 73.0631 188 1108.05
    endloop
  endfacet
  facet normal -0.382983 0 -0.923755
    outer loop
      vertex 73.0631 204.8 1108.05
      vertex 72.7013 188 1108.2
      vertex 72.7013 204.8 1108.2
    endloop
  endfacet
  facet normal 0.611433 0 -0.791296
    outer loop
      vertex 71.2525 188 1107.81
      vertex 71.5631 204.8 1108.05
      vertex 71.5631 188 1108.05
    endloop
  endfacet
  facet normal 0.611433 0 -0.791296
    outer loop
      vertex 71.5631 204.8 1108.05
      vertex 71.2525 188 1107.81
      vertex 71.2525 204.8 1107.81
    endloop
  endfacet
  facet normal -0.991525 0 -0.129915
    outer loop
      vertex 73.8131 188 1106.75
      vertex 73.762 204.8 1107.14
      vertex 73.8131 204.8 1106.75
    endloop
  endfacet
  facet normal -0.991525 -0 -0.129915
    outer loop
      vertex 73.762 204.8 1107.14
      vertex 73.8131 188 1106.75
      vertex 73.762 188 1107.14
    endloop
  endfacet
  facet normal 0.382983 0 -0.923755
    outer loop
      vertex 71.5631 188 1108.05
      vertex 71.9249 204.8 1108.2
      vertex 71.9249 188 1108.2
    endloop
  endfacet
  facet normal 0.382983 0 -0.923755
    outer loop
      vertex 71.9249 204.8 1108.2
      vertex 71.5631 188 1108.05
      vertex 71.5631 204.8 1108.05
    endloop
  endfacet
  facet normal -0.127744 0 0.991807
    outer loop
      vertex 72.3131 204.8 1105.25
      vertex 72.7013 188 1105.3
      vertex 72.7013 204.8 1105.3
    endloop
  endfacet
  facet normal -0.127744 0 0.991807
    outer loop
      vertex 72.7013 188 1105.3
      vertex 72.3131 204.8 1105.25
      vertex 72.3131 188 1105.25
    endloop
  endfacet
  facet normal -0.61131 0 -0.791391
    outer loop
      vertex 73.0631 188 1108.05
      vertex 73.3738 204.8 1107.81
      vertex 73.3738 188 1107.81
    endloop
  endfacet
  facet normal -0.61131 0 -0.791391
    outer loop
      vertex 73.3738 204.8 1107.81
      vertex 73.0631 188 1108.05
      vertex 73.0631 204.8 1108.05
    endloop
  endfacet
  facet normal 0.991525 0 -0.129915
    outer loop
      vertex 70.8642 188 1107.14
      vertex 70.8131 204.8 1106.75
      vertex 70.8642 204.8 1107.14
    endloop
  endfacet
  facet normal 0.991525 0 -0.129915
    outer loop
      vertex 70.8131 204.8 1106.75
      vertex 70.8642 188 1107.14
      vertex 70.8131 188 1106.75
    endloop
  endfacet
  facet normal 0.382983 0 0.923755
    outer loop
      vertex 71.5631 204.8 1105.45
      vertex 71.9249 188 1105.3
      vertex 71.9249 204.8 1105.3
    endloop
  endfacet
  facet normal 0.382983 0 0.923755
    outer loop
      vertex 71.9249 188 1105.3
      vertex 71.5631 204.8 1105.45
      vertex 71.5631 188 1105.45
    endloop
  endfacet
  facet normal 0.991525 -0 0.129915
    outer loop
      vertex 70.8131 188 1106.75
      vertex 70.8642 204.8 1106.36
      vertex 70.8131 204.8 1106.75
    endloop
  endfacet
  facet normal 0.991525 0 0.129915
    outer loop
      vertex 70.8642 204.8 1106.36
      vertex 70.8131 188 1106.75
      vertex 70.8642 188 1106.36
    endloop
  endfacet
  facet normal -0.61131 0 0.791391
    outer loop
      vertex 73.0631 204.8 1105.45
      vertex 73.3738 188 1105.69
      vertex 73.3738 204.8 1105.69
    endloop
  endfacet
  facet normal -0.61131 0 0.791391
    outer loop
      vertex 73.3738 188 1105.69
      vertex 73.0631 204.8 1105.45
      vertex 73.0631 188 1105.45
    endloop
  endfacet
  facet normal -0.991525 0 0.129915
    outer loop
      vertex 73.762 188 1106.36
      vertex 73.8131 204.8 1106.75
      vertex 73.762 204.8 1106.36
    endloop
  endfacet
  facet normal -0.991525 0 0.129915
    outer loop
      vertex 73.8131 204.8 1106.75
      vertex 73.762 188 1106.36
      vertex 73.8131 188 1106.75
    endloop
  endfacet
  facet normal -0.127744 0 -0.991807
    outer loop
      vertex 72.3131 188 1108.25
      vertex 72.7013 204.8 1108.2
      vertex 72.7013 188 1108.2
    endloop
  endfacet
  facet normal -0.127744 0 -0.991807
    outer loop
      vertex 72.7013 204.8 1108.2
      vertex 72.3131 188 1108.25
      vertex 72.3131 204.8 1108.25
    endloop
  endfacet
  facet normal 0.127744 0 0.991807
    outer loop
      vertex 71.9249 204.8 1105.3
      vertex 72.3131 188 1105.25
      vertex 72.3131 204.8 1105.25
    endloop
  endfacet
  facet normal 0.127744 0 0.991807
    outer loop
      vertex 72.3131 188 1105.25
      vertex 71.9249 204.8 1105.3
      vertex 71.9249 188 1105.3
    endloop
  endfacet
  facet normal 0.611433 0 0.791296
    outer loop
      vertex 71.2525 204.8 1105.69
      vertex 71.5631 188 1105.45
      vertex 71.5631 204.8 1105.45
    endloop
  endfacet
  facet normal 0.611433 0 0.791296
    outer loop
      vertex 71.5631 188 1105.45
      vertex 71.2525 204.8 1105.69
      vertex 71.2525 188 1105.69
    endloop
  endfacet
  facet normal 0.7927 -0 0.609612
    outer loop
      vertex 71.0141 188 1106
      vertex 71.2525 204.8 1105.69
      vertex 71.0141 204.8 1106
    endloop
  endfacet
  facet normal 0.7927 0 0.609612
    outer loop
      vertex 71.2525 204.8 1105.69
      vertex 71.0141 188 1106
      vertex 71.2525 188 1105.69
    endloop
  endfacet
  facet normal 0.127744 0 -0.991807
    outer loop
      vertex 71.9249 188 1108.2
      vertex 72.3131 204.8 1108.25
      vertex 72.3131 188 1108.25
    endloop
  endfacet
  facet normal 0.127744 0 -0.991807
    outer loop
      vertex 72.3131 204.8 1108.25
      vertex 71.9249 188 1108.2
      vertex 71.9249 204.8 1108.2
    endloop
  endfacet
  facet normal -0.382983 0 0.923755
    outer loop
      vertex 72.7013 204.8 1105.3
      vertex 73.0631 188 1105.45
      vertex 73.0631 204.8 1105.45
    endloop
  endfacet
  facet normal -0.382983 0 0.923755
    outer loop
      vertex 73.0631 188 1105.45
      vertex 72.7013 204.8 1105.3
      vertex 72.7013 188 1105.3
    endloop
  endfacet
  facet normal 0.923168 0 -0.384397
    outer loop
      vertex 71.0141 188 1107.5
      vertex 70.8642 204.8 1107.14
      vertex 71.0141 204.8 1107.5
    endloop
  endfacet
  facet normal 0.923168 0 -0.384397
    outer loop
      vertex 70.8642 204.8 1107.14
      vertex 71.0141 188 1107.5
      vertex 70.8642 188 1107.14
    endloop
  endfacet
  facet normal 0.7927 0 -0.609612
    outer loop
      vertex 71.2525 188 1107.81
      vertex 71.0141 204.8 1107.5
      vertex 71.2525 204.8 1107.81
    endloop
  endfacet
  facet normal 0.7927 0 -0.609612
    outer loop
      vertex 71.0141 204.8 1107.5
      vertex 71.2525 188 1107.81
      vertex 71.0141 188 1107.5
    endloop
  endfacet
  facet normal -0.7927 0 -0.609612
    outer loop
      vertex 73.6122 188 1107.5
      vertex 73.3738 204.8 1107.81
      vertex 73.6122 204.8 1107.5
    endloop
  endfacet
  facet normal -0.7927 -0 -0.609612
    outer loop
      vertex 73.3738 204.8 1107.81
      vertex 73.6122 188 1107.5
      vertex 73.3738 188 1107.81
    endloop
  endfacet
  facet normal -0.923259 0 -0.384178
    outer loop
      vertex 73.762 188 1107.14
      vertex 73.6122 204.8 1107.5
      vertex 73.762 204.8 1107.14
    endloop
  endfacet
  facet normal -0.923259 -0 -0.384178
    outer loop
      vertex 73.6122 204.8 1107.5
      vertex 73.762 188 1107.14
      vertex 73.6122 188 1107.5
    endloop
  endfacet
  facet normal -0.923213 0 0.384288
    outer loop
      vertex 1.29904 188 1147.75
      vertex 1.44889 204.8 1148.11
      vertex 1.29904 204.8 1147.75
    endloop
  endfacet
  facet normal -0.923213 0 0.384288
    outer loop
      vertex 1.44889 204.8 1148.11
      vertex 1.29904 188 1147.75
      vertex 1.44889 188 1148.11
    endloop
  endfacet
  facet normal -0.991522 0 0.12994
    outer loop
      vertex 1.44889 188 1148.11
      vertex 1.5 204.8 1148.5
      vertex 1.44889 204.8 1148.11
    endloop
  endfacet
  facet normal -0.991522 0 0.12994
    outer loop
      vertex 1.5 204.8 1148.5
      vertex 1.44889 188 1148.11
      vertex 1.5 188 1148.5
    endloop
  endfacet
  facet normal -0.611359 0 -0.791353
    outer loop
      vertex 0.75 188 1149.8
      vertex 1.06066 204.8 1149.56
      vertex 1.06066 188 1149.56
    endloop
  endfacet
  facet normal -0.611359 0 -0.791353
    outer loop
      vertex 1.06066 204.8 1149.56
      vertex 0.75 188 1149.8
      vertex 0.75 204.8 1149.8
    endloop
  endfacet
  facet normal -0.383008 0 0.923745
    outer loop
      vertex 0.388228 204.8 1147.05
      vertex 0.75 188 1147.2
      vertex 0.75 204.8 1147.2
    endloop
  endfacet
  facet normal -0.383008 0 0.923745
    outer loop
      vertex 0.75 188 1147.2
      vertex 0.388228 204.8 1147.05
      vertex 0.388228 188 1147.05
    endloop
  endfacet
  facet normal -0.792725 0 -0.60958
    outer loop
      vertex 1.29904 188 1149.25
      vertex 1.06066 204.8 1149.56
      vertex 1.29904 204.8 1149.25
    endloop
  endfacet
  facet normal -0.792725 -0 -0.60958
    outer loop
      vertex 1.06066 204.8 1149.56
      vertex 1.29904 188 1149.25
      vertex 1.06066 188 1149.56
    endloop
  endfacet
  facet normal -0.611359 0 0.791353
    outer loop
      vertex 0.75 204.8 1147.2
      vertex 1.06066 188 1147.44
      vertex 1.06066 204.8 1147.44
    endloop
  endfacet
  facet normal -0.611359 0 0.791353
    outer loop
      vertex 1.06066 188 1147.44
      vertex 0.75 204.8 1147.2
      vertex 0.75 188 1147.2
    endloop
  endfacet
  facet normal 0.383008 0 -0.923745
    outer loop
      vertex -0.75 188 1149.8
      vertex -0.388228 204.8 1149.95
      vertex -0.388228 188 1149.95
    endloop
  endfacet
  facet normal 0.383008 0 -0.923745
    outer loop
      vertex -0.388228 204.8 1149.95
      vertex -0.75 188 1149.8
      vertex -0.75 204.8 1149.8
    endloop
  endfacet
  facet normal 0.127735 0 0.991808
    outer loop
      vertex -0.388228 204.8 1147.05
      vertex 0 188 1147
      vertex 0 204.8 1147
    endloop
  endfacet
  facet normal 0.127735 0 0.991808
    outer loop
      vertex 0 188 1147
      vertex -0.388228 204.8 1147.05
      vertex -0.388228 188 1147.05
    endloop
  endfacet
  facet normal 0.127735 0 -0.991808
    outer loop
      vertex -0.388228 188 1149.95
      vertex 0 204.8 1150
      vertex 0 188 1150
    endloop
  endfacet
  facet normal 0.127735 0 -0.991808
    outer loop
      vertex 0 204.8 1150
      vertex -0.388228 188 1149.95
      vertex -0.388228 204.8 1149.95
    endloop
  endfacet
  facet normal -0.923213 0 -0.384288
    outer loop
      vertex 1.44889 188 1148.89
      vertex 1.29904 204.8 1149.25
      vertex 1.44889 204.8 1148.89
    endloop
  endfacet
  facet normal -0.923213 -0 -0.384288
    outer loop
      vertex 1.29904 204.8 1149.25
      vertex 1.44889 188 1148.89
      vertex 1.29904 188 1149.25
    endloop
  endfacet
  facet normal 0.991522 -0 0.12994
    outer loop
      vertex -1.5 188 1148.5
      vertex -1.44889 204.8 1148.11
      vertex -1.5 204.8 1148.5
    endloop
  endfacet
  facet normal 0.991522 0 0.12994
    outer loop
      vertex -1.44889 204.8 1148.11
      vertex -1.5 188 1148.5
      vertex -1.44889 188 1148.11
    endloop
  endfacet
  facet normal 0.611359 0 0.791353
    outer loop
      vertex -1.06066 204.8 1147.44
      vertex -0.75 188 1147.2
      vertex -0.75 204.8 1147.2
    endloop
  endfacet
  facet normal 0.611359 0 0.791353
    outer loop
      vertex -0.75 188 1147.2
      vertex -1.06066 204.8 1147.44
      vertex -1.06066 188 1147.44
    endloop
  endfacet
  facet normal 0.611359 0 -0.791353
    outer loop
      vertex -1.06066 188 1149.56
      vertex -0.75 204.8 1149.8
      vertex -0.75 188 1149.8
    endloop
  endfacet
  facet normal 0.611359 0 -0.791353
    outer loop
      vertex -0.75 204.8 1149.8
      vertex -1.06066 188 1149.56
      vertex -1.06066 204.8 1149.56
    endloop
  endfacet
  facet normal 0.792725 0 -0.60958
    outer loop
      vertex -1.06066 188 1149.56
      vertex -1.29904 204.8 1149.25
      vertex -1.06066 204.8 1149.56
    endloop
  endfacet
  facet normal 0.792725 0 -0.60958
    outer loop
      vertex -1.29904 204.8 1149.25
      vertex -1.06066 188 1149.56
      vertex -1.29904 188 1149.25
    endloop
  endfacet
  facet normal 0.383008 0 0.923745
    outer loop
      vertex -0.75 204.8 1147.2
      vertex -0.388228 188 1147.05
      vertex -0.388228 204.8 1147.05
    endloop
  endfacet
  facet normal 0.383008 0 0.923745
    outer loop
      vertex -0.388228 188 1147.05
      vertex -0.75 204.8 1147.2
      vertex -0.75 188 1147.2
    endloop
  endfacet
  facet normal -0.792725 0 0.60958
    outer loop
      vertex 1.06066 188 1147.44
      vertex 1.29904 204.8 1147.75
      vertex 1.06066 204.8 1147.44
    endloop
  endfacet
  facet normal -0.792725 0 0.60958
    outer loop
      vertex 1.29904 204.8 1147.75
      vertex 1.06066 188 1147.44
      vertex 1.29904 188 1147.75
    endloop
  endfacet
  facet normal -0.991522 0 -0.12994
    outer loop
      vertex 1.5 188 1148.5
      vertex 1.44889 204.8 1148.89
      vertex 1.5 204.8 1148.5
    endloop
  endfacet
  facet normal -0.991522 -0 -0.12994
    outer loop
      vertex 1.44889 204.8 1148.89
      vertex 1.5 188 1148.5
      vertex 1.44889 188 1148.89
    endloop
  endfacet
  facet normal 0.923213 -0 0.384288
    outer loop
      vertex -1.44889 188 1148.11
      vertex -1.29904 204.8 1147.75
      vertex -1.44889 204.8 1148.11
    endloop
  endfacet
  facet normal 0.923213 0 0.384288
    outer loop
      vertex -1.29904 204.8 1147.75
      vertex -1.44889 188 1148.11
      vertex -1.29904 188 1147.75
    endloop
  endfacet
  facet normal 0.991522 0 -0.12994
    outer loop
      vertex -1.44889 188 1148.89
      vertex -1.5 204.8 1148.5
      vertex -1.44889 204.8 1148.89
    endloop
  endfacet
  facet normal 0.991522 0 -0.12994
    outer loop
      vertex -1.5 204.8 1148.5
      vertex -1.44889 188 1148.89
      vertex -1.5 188 1148.5
    endloop
  endfacet
  facet normal 0.792725 -0 0.60958
    outer loop
      vertex -1.29904 188 1147.75
      vertex -1.06066 204.8 1147.44
      vertex -1.29904 204.8 1147.75
    endloop
  endfacet
  facet normal 0.792725 0 0.60958
    outer loop
      vertex -1.06066 204.8 1147.44
      vertex -1.29904 188 1147.75
      vertex -1.06066 188 1147.44
    endloop
  endfacet
  facet normal -0.127735 0 0.991808
    outer loop
      vertex 0 204.8 1147
      vertex 0.388228 188 1147.05
      vertex 0.388228 204.8 1147.05
    endloop
  endfacet
  facet normal -0.127735 0 0.991808
    outer loop
      vertex 0.388228 188 1147.05
      vertex 0 204.8 1147
      vertex 0 188 1147
    endloop
  endfacet
  facet normal -0.127735 0 -0.991808
    outer loop
      vertex 0 188 1150
      vertex 0.388228 204.8 1149.95
      vertex 0.388228 188 1149.95
    endloop
  endfacet
  facet normal -0.127735 0 -0.991808
    outer loop
      vertex 0.388228 204.8 1149.95
      vertex 0 188 1150
      vertex 0 204.8 1150
    endloop
  endfacet
  facet normal 0.923213 0 -0.384288
    outer loop
      vertex -1.29904 188 1149.25
      vertex -1.44889 204.8 1148.89
      vertex -1.29904 204.8 1149.25
    endloop
  endfacet
  facet normal 0.923213 0 -0.384288
    outer loop
      vertex -1.44889 204.8 1148.89
      vertex -1.29904 188 1149.25
      vertex -1.44889 188 1148.89
    endloop
  endfacet
  facet normal -0.383008 0 -0.923745
    outer loop
      vertex 0.388228 188 1149.95
      vertex 0.75 204.8 1149.8
      vertex 0.75 188 1149.8
    endloop
  endfacet
  facet normal -0.383008 0 -0.923745
    outer loop
      vertex 0.75 204.8 1149.8
      vertex 0.388228 188 1149.95
      vertex 0.388228 204.8 1149.95
    endloop
  endfacet
  facet normal -0.923168 0 0.384397
    outer loop
      vertex -71.0141 188 1106
      vertex -70.8642 204.8 1106.36
      vertex -71.0141 204.8 1106
    endloop
  endfacet
  facet normal -0.923168 0 0.384397
    outer loop
      vertex -70.8642 204.8 1106.36
      vertex -71.0141 188 1106
      vertex -70.8642 188 1106.36
    endloop
  endfacet
  facet normal -0.991525 0 0.129915
    outer loop
      vertex -70.8642 188 1106.36
      vertex -70.8131 204.8 1106.75
      vertex -70.8642 204.8 1106.36
    endloop
  endfacet
  facet normal -0.991525 0 0.129915
    outer loop
      vertex -70.8131 204.8 1106.75
      vertex -70.8642 188 1106.36
      vertex -70.8131 188 1106.75
    endloop
  endfacet
  facet normal -0.7927 0 0.609612
    outer loop
      vertex -71.2525 188 1105.69
      vertex -71.0141 204.8 1106
      vertex -71.2525 204.8 1105.69
    endloop
  endfacet
  facet normal -0.7927 0 0.609612
    outer loop
      vertex -71.0141 204.8 1106
      vertex -71.2525 188 1105.69
      vertex -71.0141 188 1106
    endloop
  endfacet
  facet normal -0.611433 0 0.791296
    outer loop
      vertex -71.5631 204.8 1105.45
      vertex -71.2525 188 1105.69
      vertex -71.2525 204.8 1105.69
    endloop
  endfacet
  facet normal -0.611433 0 0.791296
    outer loop
      vertex -71.2525 188 1105.69
      vertex -71.5631 204.8 1105.45
      vertex -71.5631 188 1105.45
    endloop
  endfacet
  facet normal 0.127744 0 0.991807
    outer loop
      vertex -72.7013 204.8 1105.3
      vertex -72.3131 188 1105.25
      vertex -72.3131 204.8 1105.25
    endloop
  endfacet
  facet normal 0.127744 0 0.991807
    outer loop
      vertex -72.3131 188 1105.25
      vertex -72.7013 204.8 1105.3
      vertex -72.7013 188 1105.3
    endloop
  endfacet
  facet normal 0.61131 0 0.791391
    outer loop
      vertex -73.3738 204.8 1105.69
      vertex -73.0631 188 1105.45
      vertex -73.0631 204.8 1105.45
    endloop
  endfacet
  facet normal 0.61131 0 0.791391
    outer loop
      vertex -73.0631 188 1105.45
      vertex -73.3738 204.8 1105.69
      vertex -73.3738 188 1105.69
    endloop
  endfacet
  facet normal -0.382983 0 -0.923755
    outer loop
      vertex -71.9249 188 1108.2
      vertex -71.5631 204.8 1108.05
      vertex -71.5631 188 1108.05
    endloop
  endfacet
  facet normal -0.382983 0 -0.923755
    outer loop
      vertex -71.5631 204.8 1108.05
      vertex -71.9249 188 1108.2
      vertex -71.9249 204.8 1108.2
    endloop
  endfacet
  facet normal -0.127744 0 0.991807
    outer loop
      vertex -72.3131 204.8 1105.25
      vertex -71.9249 188 1105.3
      vertex -71.9249 204.8 1105.3
    endloop
  endfacet
  facet normal -0.127744 0 0.991807
    outer loop
      vertex -71.9249 188 1105.3
      vertex -72.3131 204.8 1105.25
      vertex -72.3131 188 1105.25
    endloop
  endfacet
  facet normal 0.7927 -0 0.609612
    outer loop
      vertex -73.6122 188 1106
      vertex -73.3738 204.8 1105.69
      vertex -73.6122 204.8 1106
    endloop
  endfacet
  facet normal 0.7927 0 0.609612
    outer loop
      vertex -73.3738 204.8 1105.69
      vertex -73.6122 188 1106
      vertex -73.3738 188 1105.69
    endloop
  endfacet
  facet normal -0.611433 0 -0.791296
    outer loop
      vertex -71.5631 188 1108.05
      vertex -71.2525 204.8 1107.81
      vertex -71.2525 188 1107.81
    endloop
  endfacet
  facet normal -0.611433 0 -0.791296
    outer loop
      vertex -71.2525 204.8 1107.81
      vertex -71.5631 188 1108.05
      vertex -71.5631 204.8 1108.05
    endloop
  endfacet
  facet normal -0.7927 0 -0.609612
    outer loop
      vertex -71.0141 188 1107.5
      vertex -71.2525 204.8 1107.81
      vertex -71.0141 204.8 1107.5
    endloop
  endfacet
  facet normal -0.7927 -0 -0.609612
    outer loop
      vertex -71.2525 204.8 1107.81
      vertex -71.0141 188 1107.5
      vertex -71.2525 188 1107.81
    endloop
  endfacet
  facet normal -0.991525 0 -0.129915
    outer loop
      vertex -70.8131 188 1106.75
      vertex -70.8642 204.8 1107.14
      vertex -70.8131 204.8 1106.75
    endloop
  endfacet
  facet normal -0.991525 -0 -0.129915
    outer loop
      vertex -70.8642 204.8 1107.14
      vertex -70.8131 188 1106.75
      vertex -70.8642 188 1107.14
    endloop
  endfacet
  facet normal 0.991525 -0 0.129915
    outer loop
      vertex -73.8131 188 1106.75
      vertex -73.762 204.8 1106.36
      vertex -73.8131 204.8 1106.75
    endloop
  endfacet
  facet normal 0.991525 0 0.129915
    outer loop
      vertex -73.762 204.8 1106.36
      vertex -73.8131 188 1106.75
      vertex -73.762 188 1106.36
    endloop
  endfacet
  facet normal 0.382983 0 0.923755
    outer loop
      vertex -73.0631 204.8 1105.45
      vertex -72.7013 188 1105.3
      vertex -72.7013 204.8 1105.3
    endloop
  endfacet
  facet normal 0.382983 0 0.923755
    outer loop
      vertex -72.7013 188 1105.3
      vertex -73.0631 204.8 1105.45
      vertex -73.0631 188 1105.45
    endloop
  endfacet
  facet normal 0.61131 0 -0.791391
    outer loop
      vertex -73.3738 188 1107.81
      vertex -73.0631 204.8 1108.05
      vertex -73.0631 188 1108.05
    endloop
  endfacet
  facet normal 0.61131 0 -0.791391
    outer loop
      vertex -73.0631 204.8 1108.05
      vertex -73.3738 188 1107.81
      vertex -73.3738 204.8 1107.81
    endloop
  endfacet
  facet normal -0.127744 0 -0.991807
    outer loop
      vertex -72.3131 188 1108.25
      vertex -71.9249 204.8 1108.2
      vertex -71.9249 188 1108.2
    endloop
  endfacet
  facet normal -0.127744 0 -0.991807
    outer loop
      vertex -71.9249 204.8 1108.2
      vertex -72.3131 188 1108.25
      vertex -72.3131 204.8 1108.25
    endloop
  endfacet
  facet normal 0.923259 -0 0.384178
    outer loop
      vertex -73.762 188 1106.36
      vertex -73.6122 204.8 1106
      vertex -73.762 204.8 1106.36
    endloop
  endfacet
  facet normal 0.923259 0 0.384178
    outer loop
      vertex -73.6122 204.8 1106
      vertex -73.762 188 1106.36
      vertex -73.6122 188 1106
    endloop
  endfacet
  facet normal -0.382983 0 0.923755
    outer loop
      vertex -71.9249 204.8 1105.3
      vertex -71.5631 188 1105.45
      vertex -71.5631 204.8 1105.45
    endloop
  endfacet
  facet normal -0.382983 0 0.923755
    outer loop
      vertex -71.5631 188 1105.45
      vertex -71.9249 204.8 1105.3
      vertex -71.9249 188 1105.3
    endloop
  endfacet
  facet normal 0.991525 0 -0.129915
    outer loop
      vertex -73.762 188 1107.14
      vertex -73.8131 204.8 1106.75
      vertex -73.762 204.8 1107.14
    endloop
  endfacet
  facet normal 0.991525 0 -0.129915
    outer loop
      vertex -73.8131 204.8 1106.75
      vertex -73.762 188 1107.14
      vertex -73.8131 188 1106.75
    endloop
  endfacet
  facet normal 0.923259 0 -0.384178
    outer loop
      vertex -73.6122 188 1107.5
      vertex -73.762 204.8 1107.14
      vertex -73.6122 204.8 1107.5
    endloop
  endfacet
  facet normal 0.923259 0 -0.384178
    outer loop
      vertex -73.762 204.8 1107.14
      vertex -73.6122 188 1107.5
      vertex -73.762 188 1107.14
    endloop
  endfacet
  facet normal 0.7927 0 -0.609612
    outer loop
      vertex -73.3738 188 1107.81
      vertex -73.6122 204.8 1107.5
      vertex -73.3738 204.8 1107.81
    endloop
  endfacet
  facet normal 0.7927 0 -0.609612
    outer loop
      vertex -73.6122 204.8 1107.5
      vertex -73.3738 188 1107.81
      vertex -73.6122 188 1107.5
    endloop
  endfacet
  facet normal -0.923168 0 -0.384397
    outer loop
      vertex -70.8642 188 1107.14
      vertex -71.0141 204.8 1107.5
      vertex -70.8642 204.8 1107.14
    endloop
  endfacet
  facet normal -0.923168 -0 -0.384397
    outer loop
      vertex -71.0141 204.8 1107.5
      vertex -70.8642 188 1107.14
      vertex -71.0141 188 1107.5
    endloop
  endfacet
  facet normal 0.127744 0 -0.991807
    outer loop
      vertex -72.7013 188 1108.2
      vertex -72.3131 204.8 1108.25
      vertex -72.3131 188 1108.25
    endloop
  endfacet
  facet normal 0.127744 0 -0.991807
    outer loop
      vertex -72.3131 204.8 1108.25
      vertex -72.7013 188 1108.2
      vertex -72.7013 204.8 1108.2
    endloop
  endfacet
  facet normal 0.382983 0 -0.923755
    outer loop
      vertex -73.0631 188 1108.05
      vertex -72.7013 204.8 1108.2
      vertex -72.7013 188 1108.2
    endloop
  endfacet
  facet normal 0.382983 0 -0.923755
    outer loop
      vertex -72.7013 204.8 1108.2
      vertex -73.0631 188 1108.05
      vertex -73.0631 204.8 1108.05
    endloop
  endfacet
  facet normal -0.923168 0 0.384397
    outer loop
      vertex -71.0141 188 1022.5
      vertex -70.8642 204.8 1022.86
      vertex -71.0141 204.8 1022.5
    endloop
  endfacet
  facet normal -0.923168 0 0.384397
    outer loop
      vertex -70.8642 204.8 1022.86
      vertex -71.0141 188 1022.5
      vertex -70.8642 188 1022.86
    endloop
  endfacet
  facet normal -0.991525 0 0.129915
    outer loop
      vertex -70.8642 188 1022.86
      vertex -70.8131 204.8 1023.25
      vertex -70.8642 204.8 1022.86
    endloop
  endfacet
  facet normal -0.991525 0 0.129915
    outer loop
      vertex -70.8131 204.8 1023.25
      vertex -70.8642 188 1022.86
      vertex -70.8131 188 1023.25
    endloop
  endfacet
  facet normal -0.7927 0 0.609612
    outer loop
      vertex -71.2525 188 1022.19
      vertex -71.0141 204.8 1022.5
      vertex -71.2525 204.8 1022.19
    endloop
  endfacet
  facet normal -0.7927 0 0.609612
    outer loop
      vertex -71.0141 204.8 1022.5
      vertex -71.2525 188 1022.19
      vertex -71.0141 188 1022.5
    endloop
  endfacet
  facet normal -0.611433 0 0.791296
    outer loop
      vertex -71.5631 204.8 1021.95
      vertex -71.2525 188 1022.19
      vertex -71.2525 204.8 1022.19
    endloop
  endfacet
  facet normal -0.611433 0 0.791296
    outer loop
      vertex -71.2525 188 1022.19
      vertex -71.5631 204.8 1021.95
      vertex -71.5631 188 1021.95
    endloop
  endfacet
  facet normal 0.127744 0 0.991807
    outer loop
      vertex -72.7013 204.8 1021.8
      vertex -72.3131 188 1021.75
      vertex -72.3131 204.8 1021.75
    endloop
  endfacet
  facet normal 0.127744 0 0.991807
    outer loop
      vertex -72.3131 188 1021.75
      vertex -72.7013 204.8 1021.8
      vertex -72.7013 188 1021.8
    endloop
  endfacet
  facet normal 0.61131 0 0.791391
    outer loop
      vertex -73.3738 204.8 1022.19
      vertex -73.0631 188 1021.95
      vertex -73.0631 204.8 1021.95
    endloop
  endfacet
  facet normal 0.61131 0 0.791391
    outer loop
      vertex -73.0631 188 1021.95
      vertex -73.3738 204.8 1022.19
      vertex -73.3738 188 1022.19
    endloop
  endfacet
  facet normal -0.382983 0 -0.923755
    outer loop
      vertex -71.9249 188 1024.7
      vertex -71.5631 204.8 1024.55
      vertex -71.5631 188 1024.55
    endloop
  endfacet
  facet normal -0.382983 0 -0.923755
    outer loop
      vertex -71.5631 204.8 1024.55
      vertex -71.9249 188 1024.7
      vertex -71.9249 204.8 1024.7
    endloop
  endfacet
  facet normal -0.127744 0 0.991807
    outer loop
      vertex -72.3131 204.8 1021.75
      vertex -71.9249 188 1021.8
      vertex -71.9249 204.8 1021.8
    endloop
  endfacet
  facet normal -0.127744 0 0.991807
    outer loop
      vertex -71.9249 188 1021.8
      vertex -72.3131 204.8 1021.75
      vertex -72.3131 188 1021.75
    endloop
  endfacet
  facet normal 0.7927 -0 0.609612
    outer loop
      vertex -73.6122 188 1022.5
      vertex -73.3738 204.8 1022.19
      vertex -73.6122 204.8 1022.5
    endloop
  endfacet
  facet normal 0.7927 0 0.609612
    outer loop
      vertex -73.3738 204.8 1022.19
      vertex -73.6122 188 1022.5
      vertex -73.3738 188 1022.19
    endloop
  endfacet
  facet normal -0.611433 0 -0.791296
    outer loop
      vertex -71.5631 188 1024.55
      vertex -71.2525 204.8 1024.31
      vertex -71.2525 188 1024.31
    endloop
  endfacet
  facet normal -0.611433 0 -0.791296
    outer loop
      vertex -71.2525 204.8 1024.31
      vertex -71.5631 188 1024.55
      vertex -71.5631 204.8 1024.55
    endloop
  endfacet
  facet normal -0.7927 0 -0.609612
    outer loop
      vertex -71.0141 188 1024
      vertex -71.2525 204.8 1024.31
      vertex -71.0141 204.8 1024
    endloop
  endfacet
  facet normal -0.7927 -0 -0.609612
    outer loop
      vertex -71.2525 204.8 1024.31
      vertex -71.0141 188 1024
      vertex -71.2525 188 1024.31
    endloop
  endfacet
  facet normal -0.991525 0 -0.129915
    outer loop
      vertex -70.8131 188 1023.25
      vertex -70.8642 204.8 1023.64
      vertex -70.8131 204.8 1023.25
    endloop
  endfacet
  facet normal -0.991525 -0 -0.129915
    outer loop
      vertex -70.8642 204.8 1023.64
      vertex -70.8131 188 1023.25
      vertex -70.8642 188 1023.64
    endloop
  endfacet
  facet normal 0.991525 -0 0.129915
    outer loop
      vertex -73.8131 188 1023.25
      vertex -73.762 204.8 1022.86
      vertex -73.8131 204.8 1023.25
    endloop
  endfacet
  facet normal 0.991525 0 0.129915
    outer loop
      vertex -73.762 204.8 1022.86
      vertex -73.8131 188 1023.25
      vertex -73.762 188 1022.86
    endloop
  endfacet
  facet normal 0.382983 0 0.923755
    outer loop
      vertex -73.0631 204.8 1021.95
      vertex -72.7013 188 1021.8
      vertex -72.7013 204.8 1021.8
    endloop
  endfacet
  facet normal 0.382983 0 0.923755
    outer loop
      vertex -72.7013 188 1021.8
      vertex -73.0631 204.8 1021.95
      vertex -73.0631 188 1021.95
    endloop
  endfacet
  facet normal 0.61131 0 -0.791391
    outer loop
      vertex -73.3738 188 1024.31
      vertex -73.0631 204.8 1024.55
      vertex -73.0631 188 1024.55
    endloop
  endfacet
  facet normal 0.61131 0 -0.791391
    outer loop
      vertex -73.0631 204.8 1024.55
      vertex -73.3738 188 1024.31
      vertex -73.3738 204.8 1024.31
    endloop
  endfacet
  facet normal -0.127744 0 -0.991807
    outer loop
      vertex -72.3131 188 1024.75
      vertex -71.9249 204.8 1024.7
      vertex -71.9249 188 1024.7
    endloop
  endfacet
  facet normal -0.127744 0 -0.991807
    outer loop
      vertex -71.9249 204.8 1024.7
      vertex -72.3131 188 1024.75
      vertex -72.3131 204.8 1024.75
    endloop
  endfacet
  facet normal 0.923259 -0 0.384178
    outer loop
      vertex -73.762 188 1022.86
      vertex -73.6122 204.8 1022.5
      vertex -73.762 204.8 1022.86
    endloop
  endfacet
  facet normal 0.923259 0 0.384178
    outer loop
      vertex -73.6122 204.8 1022.5
      vertex -73.762 188 1022.86
      vertex -73.6122 188 1022.5
    endloop
  endfacet
  facet normal -0.382983 0 0.923755
    outer loop
      vertex -71.9249 204.8 1021.8
      vertex -71.5631 188 1021.95
      vertex -71.5631 204.8 1021.95
    endloop
  endfacet
  facet normal -0.382983 0 0.923755
    outer loop
      vertex -71.5631 188 1021.95
      vertex -71.9249 204.8 1021.8
      vertex -71.9249 188 1021.8
    endloop
  endfacet
  facet normal 0.991525 0 -0.129915
    outer loop
      vertex -73.762 188 1023.64
      vertex -73.8131 204.8 1023.25
      vertex -73.762 204.8 1023.64
    endloop
  endfacet
  facet normal 0.991525 0 -0.129915
    outer loop
      vertex -73.8131 204.8 1023.25
      vertex -73.762 188 1023.64
      vertex -73.8131 188 1023.25
    endloop
  endfacet
  facet normal 0.923259 0 -0.384178
    outer loop
      vertex -73.6122 188 1024
      vertex -73.762 204.8 1023.64
      vertex -73.6122 204.8 1024
    endloop
  endfacet
  facet normal 0.923259 0 -0.384178
    outer loop
      vertex -73.762 204.8 1023.64
      vertex -73.6122 188 1024
      vertex -73.762 188 1023.64
    endloop
  endfacet
  facet normal 0.7927 0 -0.609612
    outer loop
      vertex -73.3738 188 1024.31
      vertex -73.6122 204.8 1024
      vertex -73.3738 204.8 1024.31
    endloop
  endfacet
  facet normal 0.7927 0 -0.609612
    outer loop
      vertex -73.6122 204.8 1024
      vertex -73.3738 188 1024.31
      vertex -73.6122 188 1024
    endloop
  endfacet
  facet normal -0.923168 0 -0.384397
    outer loop
      vertex -70.8642 188 1023.64
      vertex -71.0141 204.8 1024
      vertex -70.8642 204.8 1023.64
    endloop
  endfacet
  facet normal -0.923168 -0 -0.384397
    outer loop
      vertex -71.0141 204.8 1024
      vertex -70.8642 188 1023.64
      vertex -71.0141 188 1024
    endloop
  endfacet
  facet normal 0.127744 0 -0.991807
    outer loop
      vertex -72.7013 188 1024.7
      vertex -72.3131 204.8 1024.75
      vertex -72.3131 188 1024.75
    endloop
  endfacet
  facet normal 0.127744 0 -0.991807
    outer loop
      vertex -72.3131 204.8 1024.75
      vertex -72.7013 188 1024.7
      vertex -72.7013 204.8 1024.7
    endloop
  endfacet
  facet normal 0.382983 0 -0.923755
    outer loop
      vertex -73.0631 188 1024.55
      vertex -72.7013 204.8 1024.7
      vertex -72.7013 188 1024.7
    endloop
  endfacet
  facet normal 0.382983 0 -0.923755
    outer loop
      vertex -72.7013 204.8 1024.7
      vertex -73.0631 188 1024.55
      vertex -73.0631 204.8 1024.55
    endloop
  endfacet
  facet normal -0.923966 0 0.382476
    outer loop
      vertex 1.29904 188 980.75
      vertex 1.44889 204.8 981.112
      vertex 1.29904 204.8 980.75
    endloop
  endfacet
  facet normal -0.923966 0 0.382476
    outer loop
      vertex 1.44889 204.8 981.112
      vertex 1.29904 188 980.75
      vertex 1.44889 188 981.112
    endloop
  endfacet
  facet normal -0.991435 0 0.130599
    outer loop
      vertex 1.44889 188 981.112
      vertex 1.5 204.8 981.5
      vertex 1.44889 204.8 981.112
    endloop
  endfacet
  facet normal -0.991435 0 0.130599
    outer loop
      vertex 1.5 204.8 981.5
      vertex 1.44889 188 981.112
      vertex 1.5 188 981.5
    endloop
  endfacet
  facet normal -0.608154 0 -0.793819
    outer loop
      vertex 0.75 188 982.799
      vertex 1.06066 204.8 982.561
      vertex 1.06066 188 982.561
    endloop
  endfacet
  facet normal -0.608154 0 -0.793819
    outer loop
      vertex 1.06066 204.8 982.561
      vertex 0.75 188 982.799
      vertex 0.75 204.8 982.799
    endloop
  endfacet
  facet normal -0.383008 0 0.923745
    outer loop
      vertex 0.388228 204.8 980.051
      vertex 0.75 188 980.201
      vertex 0.75 204.8 980.201
    endloop
  endfacet
  facet normal -0.383008 0 0.923745
    outer loop
      vertex 0.75 188 980.201
      vertex 0.388228 204.8 980.051
      vertex 0.388228 188 980.051
    endloop
  endfacet
  facet normal -0.793672 0 -0.608346
    outer loop
      vertex 1.29904 188 982.25
      vertex 1.06066 204.8 982.561
      vertex 1.29904 204.8 982.25
    endloop
  endfacet
  facet normal -0.793672 -0 -0.608346
    outer loop
      vertex 1.06066 204.8 982.561
      vertex 1.29904 188 982.25
      vertex 1.06066 188 982.561
    endloop
  endfacet
  facet normal -0.608154 0 0.793819
    outer loop
      vertex 0.75 204.8 980.201
      vertex 1.06066 188 980.439
      vertex 1.06066 204.8 980.439
    endloop
  endfacet
  facet normal -0.608154 0 0.793819
    outer loop
      vertex 1.06066 188 980.439
      vertex 0.75 204.8 980.201
      vertex 0.75 188 980.201
    endloop
  endfacet
  facet normal 0.383008 0 -0.923745
    outer loop
      vertex -0.75 188 982.799
      vertex -0.388228 204.8 982.949
      vertex -0.388228 188 982.949
    endloop
  endfacet
  facet normal 0.383008 0 -0.923745
    outer loop
      vertex -0.388228 204.8 982.949
      vertex -0.75 188 982.799
      vertex -0.75 204.8 982.799
    endloop
  endfacet
  facet normal 0.130247 0 0.991482
    outer loop
      vertex -0.388228 204.8 980.051
      vertex 0 188 980
      vertex 0 204.8 980
    endloop
  endfacet
  facet normal 0.130247 0 0.991482
    outer loop
      vertex 0 188 980
      vertex -0.388228 204.8 980.051
      vertex -0.388228 188 980.051
    endloop
  endfacet
  facet normal 0.130247 0 -0.991482
    outer loop
      vertex -0.388228 188 982.949
      vertex 0 204.8 983
      vertex 0 188 983
    endloop
  endfacet
  facet normal 0.130247 0 -0.991482
    outer loop
      vertex 0 204.8 983
      vertex -0.388228 188 982.949
      vertex -0.388228 204.8 982.949
    endloop
  endfacet
  facet normal -0.923966 0 -0.382476
    outer loop
      vertex 1.44889 188 981.888
      vertex 1.29904 204.8 982.25
      vertex 1.44889 204.8 981.888
    endloop
  endfacet
  facet normal -0.923966 -0 -0.382476
    outer loop
      vertex 1.29904 204.8 982.25
      vertex 1.44889 188 981.888
      vertex 1.29904 188 982.25
    endloop
  endfacet
  facet normal 0.991435 -0 0.130599
    outer loop
      vertex -1.5 188 981.5
      vertex -1.44889 204.8 981.112
      vertex -1.5 204.8 981.5
    endloop
  endfacet
  facet normal 0.991435 0 0.130599
    outer loop
      vertex -1.44889 204.8 981.112
      vertex -1.5 188 981.5
      vertex -1.44889 188 981.112
    endloop
  endfacet
  facet normal 0.608154 0 0.793819
    outer loop
      vertex -1.06066 204.8 980.439
      vertex -0.75 188 980.201
      vertex -0.75 204.8 980.201
    endloop
  endfacet
  facet normal 0.608154 0 0.793819
    outer loop
      vertex -0.75 188 980.201
      vertex -1.06066 204.8 980.439
      vertex -1.06066 188 980.439
    endloop
  endfacet
  facet normal 0.608154 0 -0.793819
    outer loop
      vertex -1.06066 188 982.561
      vertex -0.75 204.8 982.799
      vertex -0.75 188 982.799
    endloop
  endfacet
  facet normal 0.608154 0 -0.793819
    outer loop
      vertex -0.75 204.8 982.799
      vertex -1.06066 188 982.561
      vertex -1.06066 204.8 982.561
    endloop
  endfacet
  facet normal 0.793672 0 -0.608346
    outer loop
      vertex -1.06066 188 982.561
      vertex -1.29904 204.8 982.25
      vertex -1.06066 204.8 982.561
    endloop
  endfacet
  facet normal 0.793672 0 -0.608346
    outer loop
      vertex -1.29904 204.8 982.25
      vertex -1.06066 188 982.561
      vertex -1.29904 188 982.25
    endloop
  endfacet
  facet normal 0.383008 0 0.923745
    outer loop
      vertex -0.75 204.8 980.201
      vertex -0.388228 188 980.051
      vertex -0.388228 204.8 980.051
    endloop
  endfacet
  facet normal 0.383008 0 0.923745
    outer loop
      vertex -0.388228 188 980.051
      vertex -0.75 204.8 980.201
      vertex -0.75 188 980.201
    endloop
  endfacet
  facet normal -0.793672 0 0.608346
    outer loop
      vertex 1.06066 188 980.439
      vertex 1.29904 204.8 980.75
      vertex 1.06066 204.8 980.439
    endloop
  endfacet
  facet normal -0.793672 0 0.608346
    outer loop
      vertex 1.29904 204.8 980.75
      vertex 1.06066 188 980.439
      vertex 1.29904 188 980.75
    endloop
  endfacet
  facet normal -0.991435 0 -0.130599
    outer loop
      vertex 1.5 188 981.5
      vertex 1.44889 204.8 981.888
      vertex 1.5 204.8 981.5
    endloop
  endfacet
  facet normal -0.991435 -0 -0.130599
    outer loop
      vertex 1.44889 204.8 981.888
      vertex 1.5 188 981.5
      vertex 1.44889 188 981.888
    endloop
  endfacet
  facet normal 0.923966 -0 0.382476
    outer loop
      vertex -1.44889 188 981.112
      vertex -1.29904 204.8 980.75
      vertex -1.44889 204.8 981.112
    endloop
  endfacet
  facet normal 0.923966 0 0.382476
    outer loop
      vertex -1.29904 204.8 980.75
      vertex -1.44889 188 981.112
      vertex -1.29904 188 980.75
    endloop
  endfacet
  facet normal 0.991435 0 -0.130599
    outer loop
      vertex -1.44889 188 981.888
      vertex -1.5 204.8 981.5
      vertex -1.44889 204.8 981.888
    endloop
  endfacet
  facet normal 0.991435 0 -0.130599
    outer loop
      vertex -1.5 204.8 981.5
      vertex -1.44889 188 981.888
      vertex -1.5 188 981.5
    endloop
  endfacet
  facet normal 0.793672 -0 0.608346
    outer loop
      vertex -1.29904 188 980.75
      vertex -1.06066 204.8 980.439
      vertex -1.29904 204.8 980.75
    endloop
  endfacet
  facet normal 0.793672 0 0.608346
    outer loop
      vertex -1.06066 204.8 980.439
      vertex -1.29904 188 980.75
      vertex -1.06066 188 980.439
    endloop
  endfacet
  facet normal -0.130247 0 0.991482
    outer loop
      vertex 0 204.8 980
      vertex 0.388228 188 980.051
      vertex 0.388228 204.8 980.051
    endloop
  endfacet
  facet normal -0.130247 0 0.991482
    outer loop
      vertex 0.388228 188 980.051
      vertex 0 204.8 980
      vertex 0 188 980
    endloop
  endfacet
  facet normal -0.130247 0 -0.991482
    outer loop
      vertex 0 188 983
      vertex 0.388228 204.8 982.949
      vertex 0.388228 188 982.949
    endloop
  endfacet
  facet normal -0.130247 0 -0.991482
    outer loop
      vertex 0.388228 204.8 982.949
      vertex 0 188 983
      vertex 0 204.8 983
    endloop
  endfacet
  facet normal 0.923966 0 -0.382476
    outer loop
      vertex -1.29904 188 982.25
      vertex -1.44889 204.8 981.888
      vertex -1.29904 204.8 982.25
    endloop
  endfacet
  facet normal 0.923966 0 -0.382476
    outer loop
      vertex -1.44889 204.8 981.888
      vertex -1.29904 188 982.25
      vertex -1.44889 188 981.888
    endloop
  endfacet
  facet normal -0.383008 0 -0.923745
    outer loop
      vertex 0.388228 188 982.949
      vertex 0.75 204.8 982.799
      vertex 0.75 188 982.799
    endloop
  endfacet
  facet normal -0.383008 0 -0.923745
    outer loop
      vertex 0.75 204.8 982.799
      vertex 0.388228 188 982.949
      vertex 0.388228 204.8 982.949
    endloop
  endfacet
  facet normal -0.923259 0 0.384178
    outer loop
      vertex 73.6122 188 1022.5
      vertex 73.762 204.8 1022.86
      vertex 73.6122 204.8 1022.5
    endloop
  endfacet
  facet normal -0.923259 0 0.384178
    outer loop
      vertex 73.762 204.8 1022.86
      vertex 73.6122 188 1022.5
      vertex 73.762 188 1022.86
    endloop
  endfacet
  facet normal -0.991525 0 0.129915
    outer loop
      vertex 73.762 188 1022.86
      vertex 73.8131 204.8 1023.25
      vertex 73.762 204.8 1022.86
    endloop
  endfacet
  facet normal -0.991525 0 0.129915
    outer loop
      vertex 73.8131 204.8 1023.25
      vertex 73.762 188 1022.86
      vertex 73.8131 188 1023.25
    endloop
  endfacet
  facet normal -0.7927 0 0.609612
    outer loop
      vertex 73.3738 188 1022.19
      vertex 73.6122 204.8 1022.5
      vertex 73.3738 204.8 1022.19
    endloop
  endfacet
  facet normal -0.7927 0 0.609612
    outer loop
      vertex 73.6122 204.8 1022.5
      vertex 73.3738 188 1022.19
      vertex 73.6122 188 1022.5
    endloop
  endfacet
  facet normal -0.61131 0 0.791391
    outer loop
      vertex 73.0631 204.8 1021.95
      vertex 73.3738 188 1022.19
      vertex 73.3738 204.8 1022.19
    endloop
  endfacet
  facet normal -0.61131 0 0.791391
    outer loop
      vertex 73.3738 188 1022.19
      vertex 73.0631 204.8 1021.95
      vertex 73.0631 188 1021.95
    endloop
  endfacet
  facet normal 0.127744 0 0.991807
    outer loop
      vertex 71.9249 204.8 1021.8
      vertex 72.3131 188 1021.75
      vertex 72.3131 204.8 1021.75
    endloop
  endfacet
  facet normal 0.127744 0 0.991807
    outer loop
      vertex 72.3131 188 1021.75
      vertex 71.9249 204.8 1021.8
      vertex 71.9249 188 1021.8
    endloop
  endfacet
  facet normal 0.611433 0 0.791296
    outer loop
      vertex 71.2525 204.8 1022.19
      vertex 71.5631 188 1021.95
      vertex 71.5631 204.8 1021.95
    endloop
  endfacet
  facet normal 0.611433 0 0.791296
    outer loop
      vertex 71.5631 188 1021.95
      vertex 71.2525 204.8 1022.19
      vertex 71.2525 188 1022.19
    endloop
  endfacet
  facet normal -0.382983 0 -0.923755
    outer loop
      vertex 72.7013 188 1024.7
      vertex 73.0631 204.8 1024.55
      vertex 73.0631 188 1024.55
    endloop
  endfacet
  facet normal -0.382983 0 -0.923755
    outer loop
      vertex 73.0631 204.8 1024.55
      vertex 72.7013 188 1024.7
      vertex 72.7013 204.8 1024.7
    endloop
  endfacet
  facet normal -0.127744 0 0.991807
    outer loop
      vertex 72.3131 204.8 1021.75
      vertex 72.7013 188 1021.8
      vertex 72.7013 204.8 1021.8
    endloop
  endfacet
  facet normal -0.127744 0 0.991807
    outer loop
      vertex 72.7013 188 1021.8
      vertex 72.3131 204.8 1021.75
      vertex 72.3131 188 1021.75
    endloop
  endfacet
  facet normal 0.7927 -0 0.609612
    outer loop
      vertex 71.0141 188 1022.5
      vertex 71.2525 204.8 1022.19
      vertex 71.0141 204.8 1022.5
    endloop
  endfacet
  facet normal 0.7927 0 0.609612
    outer loop
      vertex 71.2525 204.8 1022.19
      vertex 71.0141 188 1022.5
      vertex 71.2525 188 1022.19
    endloop
  endfacet
  facet normal -0.61131 0 -0.791391
    outer loop
      vertex 73.0631 188 1024.55
      vertex 73.3738 204.8 1024.31
      vertex 73.3738 188 1024.31
    endloop
  endfacet
  facet normal -0.61131 0 -0.791391
    outer loop
      vertex 73.3738 204.8 1024.31
      vertex 73.0631 188 1024.55
      vertex 73.0631 204.8 1024.55
    endloop
  endfacet
  facet normal -0.7927 0 -0.609612
    outer loop
      vertex 73.6122 188 1024
      vertex 73.3738 204.8 1024.31
      vertex 73.6122 204.8 1024
    endloop
  endfacet
  facet normal -0.7927 -0 -0.609612
    outer loop
      vertex 73.3738 204.8 1024.31
      vertex 73.6122 188 1024
      vertex 73.3738 188 1024.31
    endloop
  endfacet
  facet normal -0.991525 0 -0.129915
    outer loop
      vertex 73.8131 188 1023.25
      vertex 73.762 204.8 1023.64
      vertex 73.8131 204.8 1023.25
    endloop
  endfacet
  facet normal -0.991525 -0 -0.129915
    outer loop
      vertex 73.762 204.8 1023.64
      vertex 73.8131 188 1023.25
      vertex 73.762 188 1023.64
    endloop
  endfacet
  facet normal 0.991525 -0 0.129915
    outer loop
      vertex 70.8131 188 1023.25
      vertex 70.8642 204.8 1022.86
      vertex 70.8131 204.8 1023.25
    endloop
  endfacet
  facet normal 0.991525 0 0.129915
    outer loop
      vertex 70.8642 204.8 1022.86
      vertex 70.8131 188 1023.25
      vertex 70.8642 188 1022.86
    endloop
  endfacet
  facet normal 0.382983 0 0.923755
    outer loop
      vertex 71.5631 204.8 1021.95
      vertex 71.9249 188 1021.8
      vertex 71.9249 204.8 1021.8
    endloop
  endfacet
  facet normal 0.382983 0 0.923755
    outer loop
      vertex 71.9249 188 1021.8
      vertex 71.5631 204.8 1021.95
      vertex 71.5631 188 1021.95
    endloop
  endfacet
  facet normal 0.611433 0 -0.791296
    outer loop
      vertex 71.2525 188 1024.31
      vertex 71.5631 204.8 1024.55
      vertex 71.5631 188 1024.55
    endloop
  endfacet
  facet normal 0.611433 0 -0.791296
    outer loop
      vertex 71.5631 204.8 1024.55
      vertex 71.2525 188 1024.31
      vertex 71.2525 204.8 1024.31
    endloop
  endfacet
  facet normal -0.127744 0 -0.991807
    outer loop
      vertex 72.3131 188 1024.75
      vertex 72.7013 204.8 1024.7
      vertex 72.7013 188 1024.7
    endloop
  endfacet
  facet normal -0.127744 0 -0.991807
    outer loop
      vertex 72.7013 204.8 1024.7
      vertex 72.3131 188 1024.75
      vertex 72.3131 204.8 1024.75
    endloop
  endfacet
  facet normal 0.923168 -0 0.384397
    outer loop
      vertex 70.8642 188 1022.86
      vertex 71.0141 204.8 1022.5
      vertex 70.8642 204.8 1022.86
    endloop
  endfacet
  facet normal 0.923168 0 0.384397
    outer loop
      vertex 71.0141 204.8 1022.5
      vertex 70.8642 188 1022.86
      vertex 71.0141 188 1022.5
    endloop
  endfacet
  facet normal -0.382983 0 0.923755
    outer loop
      vertex 72.7013 204.8 1021.8
      vertex 73.0631 188 1021.95
      vertex 73.0631 204.8 1021.95
    endloop
  endfacet
  facet normal -0.382983 0 0.923755
    outer loop
      vertex 73.0631 188 1021.95
      vertex 72.7013 204.8 1021.8
      vertex 72.7013 188 1021.8
    endloop
  endfacet
  facet normal 0.991525 0 -0.129915
    outer loop
      vertex 70.8642 188 1023.64
      vertex 70.8131 204.8 1023.25
      vertex 70.8642 204.8 1023.64
    endloop
  endfacet
  facet normal 0.991525 0 -0.129915
    outer loop
      vertex 70.8131 204.8 1023.25
      vertex 70.8642 188 1023.64
      vertex 70.8131 188 1023.25
    endloop
  endfacet
  facet normal 0.923168 0 -0.384397
    outer loop
      vertex 71.0141 188 1024
      vertex 70.8642 204.8 1023.64
      vertex 71.0141 204.8 1024
    endloop
  endfacet
  facet normal 0.923168 0 -0.384397
    outer loop
      vertex 70.8642 204.8 1023.64
      vertex 71.0141 188 1024
      vertex 70.8642 188 1023.64
    endloop
  endfacet
  facet normal 0.7927 0 -0.609612
    outer loop
      vertex 71.2525 188 1024.31
      vertex 71.0141 204.8 1024
      vertex 71.2525 204.8 1024.31
    endloop
  endfacet
  facet normal 0.7927 0 -0.609612
    outer loop
      vertex 71.0141 204.8 1024
      vertex 71.2525 188 1024.31
      vertex 71.0141 188 1024
    endloop
  endfacet
  facet normal -0.923259 0 -0.384178
    outer loop
      vertex 73.762 188 1023.64
      vertex 73.6122 204.8 1024
      vertex 73.762 204.8 1023.64
    endloop
  endfacet
  facet normal -0.923259 -0 -0.384178
    outer loop
      vertex 73.6122 204.8 1024
      vertex 73.762 188 1023.64
      vertex 73.6122 188 1024
    endloop
  endfacet
  facet normal 0.127744 0 -0.991807
    outer loop
      vertex 71.9249 188 1024.7
      vertex 72.3131 204.8 1024.75
      vertex 72.3131 188 1024.75
    endloop
  endfacet
  facet normal 0.127744 0 -0.991807
    outer loop
      vertex 72.3131 204.8 1024.75
      vertex 71.9249 188 1024.7
      vertex 71.9249 204.8 1024.7
    endloop
  endfacet
  facet normal 0.382983 0 -0.923755
    outer loop
      vertex 71.5631 188 1024.55
      vertex 71.9249 204.8 1024.7
      vertex 71.9249 188 1024.7
    endloop
  endfacet
  facet normal 0.382983 0 -0.923755
    outer loop
      vertex 71.9249 204.8 1024.7
      vertex 71.5631 188 1024.55
      vertex 71.5631 204.8 1024.55
    endloop
  endfacet
  facet normal -0.803379 0 0.595468
    outer loop
      vertex 56.1592 188 1018.91
      vertex 60.4063 204.8 1024.64
      vertex 56.1592 204.8 1018.91
    endloop
  endfacet
  facet normal -0.803379 0 0.595468
    outer loop
      vertex 60.4063 204.8 1024.64
      vertex 56.1592 188 1018.91
      vertex 60.4063 188 1024.64
    endloop
  endfacet
  facet normal -0.98917 0 0.146776
    outer loop
      vertex 71.2541 188 1050.83
      vertex 72.3002 204.8 1057.88
      vertex 71.2541 204.8 1050.83
    endloop
  endfacet
  facet normal -0.98917 0 0.146776
    outer loop
      vertex 72.3002 204.8 1057.88
      vertex 71.2541 188 1050.83
      vertex 72.3002 188 1057.88
    endloop
  endfacet
  facet normal -0.998795 0 0.04907
    outer loop
      vertex 72.3002 188 1057.88
      vertex 72.65 204.8 1065
      vertex 72.3002 204.8 1057.88
    endloop
  endfacet
  facet normal -0.998795 0 0.04907
    outer loop
      vertex 72.65 204.8 1065
      vertex 72.3002 188 1057.88
      vertex 72.65 188 1065
    endloop
  endfacet
  facet normal -0.970063 0 0.242852
    outer loop
      vertex 69.5217 188 1043.91
      vertex 71.2541 204.8 1050.83
      vertex 69.5217 204.8 1043.91
    endloop
  endfacet
  facet normal -0.970063 0 0.242852
    outer loop
      vertex 71.2541 204.8 1050.83
      vertex 69.5217 188 1043.91
      vertex 71.2541 188 1050.83
    endloop
  endfacet
  facet normal 0.740784 -0 0.671743
    outer loop
      vertex -56.1592 188 1018.91
      vertex -51.3713 204.8 1013.63
      vertex -56.1592 204.8 1018.91
    endloop
  endfacet
  facet normal 0.740784 0 0.671743
    outer loop
      vertex -51.3713 204.8 1013.63
      vertex -56.1592 188 1018.91
      vertex -51.3713 188 1013.63
    endloop
  endfacet
  facet normal 0.0490916 0 0.998794
    outer loop
      vertex -7.12094 204.8 992.7
      vertex 0 188 992.35
      vertex 0 204.8 992.35
    endloop
  endfacet
  facet normal 0.0490916 0 0.998794
    outer loop
      vertex 0 188 992.35
      vertex -7.12094 204.8 992.7
      vertex -7.12094 188 992.7
    endloop
  endfacet
  facet normal -0.671723 0 -0.740802
    outer loop
      vertex 46.0887 188 1121.16
      vertex 51.3713 204.8 1116.37
      vertex 51.3713 188 1116.37
    endloop
  endfacet
  facet normal -0.671723 0 -0.740802
    outer loop
      vertex 51.3713 204.8 1116.37
      vertex 46.0887 188 1121.16
      vertex 46.0887 204.8 1121.16
    endloop
  endfacet
  facet normal -0.146714 0 0.989179
    outer loop
      vertex 7.12094 204.8 992.7
      vertex 14.1733 188 993.746
      vertex 14.1733 204.8 993.746
    endloop
  endfacet
  facet normal -0.146714 0 0.989179
    outer loop
      vertex 14.1733 188 993.746
      vertex 7.12094 204.8 992.7
      vertex 7.12094 188 992.7
    endloop
  endfacet
  facet normal -0.671723 0 0.740802
    outer loop
      vertex 46.0887 204.8 1008.84
      vertex 51.3713 188 1013.63
      vertex 51.3713 204.8 1013.63
    endloop
  endfacet
  facet normal -0.671723 0 0.740802
    outer loop
      vertex 51.3713 188 1013.63
      vertex 46.0887 204.8 1008.84
      vertex 46.0887 188 1008.84
    endloop
  endfacet
  facet normal 0.803379 0 -0.595468
    outer loop
      vertex -56.1592 188 1111.09
      vertex -60.4063 204.8 1105.36
      vertex -56.1592 204.8 1111.09
    endloop
  endfacet
  facet normal 0.803379 0 -0.595468
    outer loop
      vertex -60.4063 204.8 1105.36
      vertex -56.1592 188 1111.09
      vertex -60.4063 188 1105.36
    endloop
  endfacet
  facet normal 0.336905 0 0.941539
    outer loop
      vertex -27.802 204.8 997.88
      vertex -21.0892 188 995.478
      vertex -21.0892 204.8 995.478
    endloop
  endfacet
  facet normal 0.336905 0 0.941539
    outer loop
      vertex -21.0892 188 995.478
      vertex -27.802 204.8 997.88
      vertex -27.802 188 997.88
    endloop
  endfacet
  facet normal 0.242935 0 0.970043
    outer loop
      vertex -21.0892 204.8 995.478
      vertex -14.1733 188 993.746
      vertex -14.1733 204.8 993.746
    endloop
  endfacet
  facet normal 0.242935 0 0.970043
    outer loop
      vertex -14.1733 188 993.746
      vertex -21.0892 204.8 995.478
      vertex -21.0892 188 995.478
    endloop
  endfacet
  facet normal -0.941503 0 0.337005
    outer loop
      vertex 67.1199 188 1037.2
      vertex 69.5217 204.8 1043.91
      vertex 67.1199 204.8 1037.2
    endloop
  endfacet
  facet normal -0.941503 0 0.337005
    outer loop
      vertex 69.5217 204.8 1043.91
      vertex 67.1199 188 1037.2
      vertex 69.5217 188 1043.91
    endloop
  endfacet
  facet normal -0.595965 0 -0.80301
    outer loop
      vertex 40.3622 188 1125.41
      vertex 46.0887 204.8 1121.16
      vertex 46.0887 188 1121.16
    endloop
  endfacet
  facet normal -0.595965 0 -0.80301
    outer loop
      vertex 46.0887 204.8 1121.16
      vertex 40.3622 188 1125.41
      vertex 40.3622 204.8 1125.41
    endloop
  endfacet
  facet normal -0.0490916 0 -0.998794
    outer loop
      vertex 0 188 1137.65
      vertex 7.12094 204.8 1137.3
      vertex 7.12094 188 1137.3
    endloop
  endfacet
  facet normal -0.0490916 0 -0.998794
    outer loop
      vertex 7.12094 204.8 1137.3
      vertex 0 188 1137.65
      vertex 0 204.8 1137.65
    endloop
  endfacet
  facet normal -0.242671 0 -0.970109
    outer loop
      vertex 14.1733 188 1136.25
      vertex 21.0892 204.8 1134.52
      vertex 21.0892 188 1134.52
    endloop
  endfacet
  facet normal -0.242671 0 -0.970109
    outer loop
      vertex 21.0892 204.8 1134.52
      vertex 14.1733 188 1136.25
      vertex 14.1733 204.8 1136.25
    endloop
  endfacet
  facet normal 0.740784 0 -0.671743
    outer loop
      vertex -51.3713 188 1116.37
      vertex -56.1592 204.8 1111.09
      vertex -51.3713 204.8 1116.37
    endloop
  endfacet
  facet normal 0.740784 0 -0.671743
    outer loop
      vertex -56.1592 204.8 1111.09
      vertex -51.3713 188 1116.37
      vertex -56.1592 188 1111.09
    endloop
  endfacet
  facet normal 0.941503 -0 0.337005
    outer loop
      vertex -69.5217 188 1043.91
      vertex -67.1199 204.8 1037.2
      vertex -69.5217 204.8 1043.91
    endloop
  endfacet
  facet normal 0.941503 0 0.337005
    outer loop
      vertex -67.1199 204.8 1037.2
      vertex -69.5217 188 1043.91
      vertex -67.1199 188 1037.2
    endloop
  endfacet
  facet normal 0.970063 0 -0.242852
    outer loop
      vertex -69.5217 188 1086.09
      vertex -71.2541 204.8 1079.17
      vertex -69.5217 204.8 1086.09
    endloop
  endfacet
  facet normal 0.970063 0 -0.242852
    outer loop
      vertex -71.2541 204.8 1079.17
      vertex -69.5217 188 1086.09
      vertex -71.2541 188 1079.17
    endloop
  endfacet
  facet normal 0.998795 0 -0.04907
    outer loop
      vertex -72.3002 188 1072.12
      vertex -72.65 204.8 1065
      vertex -72.3002 204.8 1072.12
    endloop
  endfacet
  facet normal 0.998795 0 -0.04907
    outer loop
      vertex -72.65 204.8 1065
      vertex -72.3002 188 1072.12
      vertex -72.65 188 1065
    endloop
  endfacet
  facet normal -0.857536 0 0.514424
    outer loop
      vertex 60.4063 188 1024.64
      vertex 64.0716 204.8 1030.75
      vertex 60.4063 204.8 1024.64
    endloop
  endfacet
  facet normal -0.857536 0 0.514424
    outer loop
      vertex 64.0716 204.8 1030.75
      vertex 60.4063 188 1024.64
      vertex 64.0716 188 1030.75
    endloop
  endfacet
  facet normal -0.513555 0 -0.858057
    outer loop
      vertex 34.247 188 1129.07
      vertex 40.3622 204.8 1125.41
      vertex 40.3622 188 1125.41
    endloop
  endfacet
  facet normal -0.513555 0 -0.858057
    outer loop
      vertex 40.3622 204.8 1125.41
      vertex 34.247 188 1129.07
      vertex 34.247 204.8 1129.07
    endloop
  endfacet
  facet normal -0.904115 0 0.427289
    outer loop
      vertex 64.0716 188 1030.75
      vertex 67.1199 204.8 1037.2
      vertex 64.0716 204.8 1030.75
    endloop
  endfacet
  facet normal -0.904115 0 0.427289
    outer loop
      vertex 67.1199 204.8 1037.2
      vertex 64.0716 188 1030.75
      vertex 67.1199 188 1037.2
    endloop
  endfacet
  facet normal -0.970063 0 -0.242852
    outer loop
      vertex 71.2541 188 1079.17
      vertex 69.5217 204.8 1086.09
      vertex 71.2541 204.8 1079.17
    endloop
  endfacet
  facet normal -0.970063 -0 -0.242852
    outer loop
      vertex 69.5217 204.8 1086.09
      vertex 71.2541 188 1079.17
      vertex 69.5217 188 1086.09
    endloop
  endfacet
  facet normal 0.242671 0 -0.970109
    outer loop
      vertex -21.0892 188 1134.52
      vertex -14.1733 204.8 1136.25
      vertex -14.1733 188 1136.25
    endloop
  endfacet
  facet normal 0.242671 0 -0.970109
    outer loop
      vertex -14.1733 204.8 1136.25
      vertex -21.0892 188 1134.52
      vertex -21.0892 204.8 1134.52
    endloop
  endfacet
  facet normal -0.941503 0 -0.337005
    outer loop
      vertex 69.5217 188 1086.09
      vertex 67.1199 204.8 1092.8
      vertex 69.5217 204.8 1086.09
    endloop
  endfacet
  facet normal -0.941503 -0 -0.337005
    outer loop
      vertex 67.1199 204.8 1092.8
      vertex 69.5217 188 1086.09
      vertex 67.1199 188 1092.8
    endloop
  endfacet
  facet normal -0.98917 0 -0.146776
    outer loop
      vertex 72.3002 188 1072.12
      vertex 71.2541 204.8 1079.17
      vertex 72.3002 204.8 1072.12
    endloop
  endfacet
  facet normal -0.98917 -0 -0.146776
    outer loop
      vertex 71.2541 204.8 1079.17
      vertex 72.3002 188 1072.12
      vertex 71.2541 188 1079.17
    endloop
  endfacet
  facet normal -0.336656 0 -0.941628
    outer loop
      vertex 21.0892 188 1134.52
      vertex 27.802 204.8 1132.12
      vertex 27.802 188 1132.12
    endloop
  endfacet
  facet normal -0.336656 0 -0.941628
    outer loop
      vertex 27.802 204.8 1132.12
      vertex 21.0892 188 1134.52
      vertex 21.0892 204.8 1134.52
    endloop
  endfacet
  facet normal 0.998795 -0 0.04907
    outer loop
      vertex -72.65 188 1065
      vertex -72.3002 204.8 1057.88
      vertex -72.65 204.8 1065
    endloop
  endfacet
  facet normal 0.998795 0 0.04907
    outer loop
      vertex -72.3002 204.8 1057.88
      vertex -72.65 188 1065
      vertex -72.3002 188 1057.88
    endloop
  endfacet
  facet normal 0.0490916 0 -0.998794
    outer loop
      vertex -7.12094 188 1137.3
      vertex 0 204.8 1137.65
      vertex 0 188 1137.65
    endloop
  endfacet
  facet normal 0.0490916 0 -0.998794
    outer loop
      vertex 0 204.8 1137.65
      vertex -7.12094 188 1137.3
      vertex -7.12094 204.8 1137.3
    endloop
  endfacet
  facet normal 0.904115 -0 0.427289
    outer loop
      vertex -67.1199 188 1037.2
      vertex -64.0716 204.8 1030.75
      vertex -67.1199 204.8 1037.2
    endloop
  endfacet
  facet normal 0.904115 0 0.427289
    outer loop
      vertex -64.0716 204.8 1030.75
      vertex -67.1199 188 1037.2
      vertex -64.0716 188 1030.75
    endloop
  endfacet
  facet normal 0.146714 0 0.989179
    outer loop
      vertex -14.1733 204.8 993.746
      vertex -7.12094 188 992.7
      vertex -7.12094 204.8 992.7
    endloop
  endfacet
  facet normal 0.146714 0 0.989179
    outer loop
      vertex -7.12094 188 992.7
      vertex -14.1733 204.8 993.746
      vertex -14.1733 188 993.746
    endloop
  endfacet
  facet normal 0.671723 0 0.740802
    outer loop
      vertex -51.3713 204.8 1013.63
      vertex -46.0887 188 1008.84
      vertex -46.0887 204.8 1008.84
    endloop
  endfacet
  facet normal 0.671723 0 0.740802
    outer loop
      vertex -46.0887 188 1008.84
      vertex -51.3713 204.8 1013.63
      vertex -51.3713 188 1013.63
    endloop
  endfacet
  facet normal 0.595965 0 0.80301
    outer loop
      vertex -46.0887 204.8 1008.84
      vertex -40.3622 188 1004.59
      vertex -40.3622 204.8 1004.59
    endloop
  endfacet
  facet normal 0.595965 0 0.80301
    outer loop
      vertex -40.3622 188 1004.59
      vertex -46.0887 204.8 1008.84
      vertex -46.0887 188 1008.84
    endloop
  endfacet
  facet normal 0.427755 0 -0.903895
    outer loop
      vertex -34.247 188 1129.07
      vertex -27.802 204.8 1132.12
      vertex -27.802 188 1132.12
    endloop
  endfacet
  facet normal 0.427755 0 -0.903895
    outer loop
      vertex -27.802 204.8 1132.12
      vertex -34.247 188 1129.07
      vertex -34.247 204.8 1129.07
    endloop
  endfacet
  facet normal -0.998795 0 -0.04907
    outer loop
      vertex 72.65 188 1065
      vertex 72.3002 204.8 1072.12
      vertex 72.65 204.8 1065
    endloop
  endfacet
  facet normal -0.998795 -0 -0.04907
    outer loop
      vertex 72.3002 204.8 1072.12
      vertex 72.65 188 1065
      vertex 72.3002 188 1072.12
    endloop
  endfacet
  facet normal 0.671723 0 -0.740802
    outer loop
      vertex -51.3713 188 1116.37
      vertex -46.0887 204.8 1121.16
      vertex -46.0887 188 1121.16
    endloop
  endfacet
  facet normal 0.671723 0 -0.740802
    outer loop
      vertex -46.0887 204.8 1121.16
      vertex -51.3713 188 1116.37
      vertex -51.3713 204.8 1116.37
    endloop
  endfacet
  facet normal -0.427755 0 -0.903895
    outer loop
      vertex 27.802 188 1132.12
      vertex 34.247 204.8 1129.07
      vertex 34.247 188 1129.07
    endloop
  endfacet
  facet normal -0.427755 0 -0.903895
    outer loop
      vertex 34.247 204.8 1129.07
      vertex 27.802 188 1132.12
      vertex 27.802 204.8 1132.12
    endloop
  endfacet
  facet normal -0.513555 0 0.858057
    outer loop
      vertex 34.247 204.8 1000.93
      vertex 40.3622 188 1004.59
      vertex 40.3622 204.8 1004.59
    endloop
  endfacet
  facet normal -0.513555 0 0.858057
    outer loop
      vertex 40.3622 188 1004.59
      vertex 34.247 204.8 1000.93
      vertex 34.247 188 1000.93
    endloop
  endfacet
  facet normal 0.98917 -0 0.146776
    outer loop
      vertex -72.3002 188 1057.88
      vertex -71.2541 204.8 1050.83
      vertex -72.3002 204.8 1057.88
    endloop
  endfacet
  facet normal 0.98917 0 0.146776
    outer loop
      vertex -71.2541 204.8 1050.83
      vertex -72.3002 188 1057.88
      vertex -71.2541 188 1050.83
    endloop
  endfacet
  facet normal -0.595965 0 0.80301
    outer loop
      vertex 40.3622 204.8 1004.59
      vertex 46.0887 188 1008.84
      vertex 46.0887 204.8 1008.84
    endloop
  endfacet
  facet normal -0.595965 0 0.80301
    outer loop
      vertex 46.0887 188 1008.84
      vertex 40.3622 204.8 1004.59
      vertex 40.3622 188 1004.59
    endloop
  endfacet
  facet normal -0.147263 0 -0.989097
    outer loop
      vertex 7.12094 188 1137.3
      vertex 14.1733 204.8 1136.25
      vertex 14.1733 188 1136.25
    endloop
  endfacet
  facet normal -0.147263 0 -0.989097
    outer loop
      vertex 14.1733 204.8 1136.25
      vertex 7.12094 188 1137.3
      vertex 7.12094 204.8 1137.3
    endloop
  endfacet
  facet normal 0.513555 0 0.858057
    outer loop
      vertex -40.3622 204.8 1004.59
      vertex -34.247 188 1000.93
      vertex -34.247 204.8 1000.93
    endloop
  endfacet
  facet normal 0.513555 0 0.858057
    outer loop
      vertex -34.247 188 1000.93
      vertex -40.3622 204.8 1004.59
      vertex -40.3622 188 1004.59
    endloop
  endfacet
  facet normal -0.803379 0 -0.595468
    outer loop
      vertex 60.4063 188 1105.36
      vertex 56.1592 204.8 1111.09
      vertex 60.4063 204.8 1105.36
    endloop
  endfacet
  facet normal -0.803379 -0 -0.595468
    outer loop
      vertex 56.1592 204.8 1111.09
      vertex 60.4063 188 1105.36
      vertex 56.1592 188 1111.09
    endloop
  endfacet
  facet normal -0.857536 0 -0.514424
    outer loop
      vertex 64.0716 188 1099.25
      vertex 60.4063 204.8 1105.36
      vertex 64.0716 204.8 1099.25
    endloop
  endfacet
  facet normal -0.857536 -0 -0.514424
    outer loop
      vertex 60.4063 204.8 1105.36
      vertex 64.0716 188 1099.25
      vertex 60.4063 188 1105.36
    endloop
  endfacet
  facet normal -0.740784 0 -0.671743
    outer loop
      vertex 56.1592 188 1111.09
      vertex 51.3713 204.8 1116.37
      vertex 56.1592 204.8 1111.09
    endloop
  endfacet
  facet normal -0.740784 -0 -0.671743
    outer loop
      vertex 51.3713 204.8 1116.37
      vertex 56.1592 188 1111.09
      vertex 51.3713 188 1116.37
    endloop
  endfacet
  facet normal 0.857536 -0 0.514424
    outer loop
      vertex -64.0716 188 1030.75
      vertex -60.4063 204.8 1024.64
      vertex -64.0716 204.8 1030.75
    endloop
  endfacet
  facet normal 0.857536 0 0.514424
    outer loop
      vertex -60.4063 204.8 1024.64
      vertex -64.0716 188 1030.75
      vertex -60.4063 188 1024.64
    endloop
  endfacet
  facet normal 0.970063 -0 0.242852
    outer loop
      vertex -71.2541 188 1050.83
      vertex -69.5217 204.8 1043.91
      vertex -71.2541 204.8 1050.83
    endloop
  endfacet
  facet normal 0.970063 0 0.242852
    outer loop
      vertex -69.5217 204.8 1043.91
      vertex -71.2541 188 1050.83
      vertex -69.5217 188 1043.91
    endloop
  endfacet
  facet normal 0.857536 0 -0.514424
    outer loop
      vertex -60.4063 188 1105.36
      vertex -64.0716 204.8 1099.25
      vertex -60.4063 204.8 1105.36
    endloop
  endfacet
  facet normal 0.857536 0 -0.514424
    outer loop
      vertex -64.0716 204.8 1099.25
      vertex -60.4063 188 1105.36
      vertex -64.0716 188 1099.25
    endloop
  endfacet
  facet normal -0.0490916 0 0.998794
    outer loop
      vertex 0 204.8 992.35
      vertex 7.12094 188 992.7
      vertex 7.12094 204.8 992.7
    endloop
  endfacet
  facet normal -0.0490916 0 0.998794
    outer loop
      vertex 7.12094 188 992.7
      vertex 0 204.8 992.35
      vertex 0 188 992.35
    endloop
  endfacet
  facet normal -0.427755 0 0.903895
    outer loop
      vertex 27.802 204.8 997.88
      vertex 34.247 188 1000.93
      vertex 34.247 204.8 1000.93
    endloop
  endfacet
  facet normal -0.427755 0 0.903895
    outer loop
      vertex 34.247 188 1000.93
      vertex 27.802 204.8 997.88
      vertex 27.802 188 997.88
    endloop
  endfacet
  facet normal -0.336905 0 0.941539
    outer loop
      vertex 21.0892 204.8 995.478
      vertex 27.802 188 997.88
      vertex 27.802 204.8 997.88
    endloop
  endfacet
  facet normal -0.336905 0 0.941539
    outer loop
      vertex 27.802 188 997.88
      vertex 21.0892 204.8 995.478
      vertex 21.0892 188 995.478
    endloop
  endfacet
  facet normal -0.740784 0 0.671743
    outer loop
      vertex 51.3713 188 1013.63
      vertex 56.1592 204.8 1018.91
      vertex 51.3713 204.8 1013.63
    endloop
  endfacet
  facet normal -0.740784 0 0.671743
    outer loop
      vertex 56.1592 204.8 1018.91
      vertex 51.3713 188 1013.63
      vertex 56.1592 188 1018.91
    endloop
  endfacet
  facet normal -0.242935 0 0.970043
    outer loop
      vertex 14.1733 204.8 993.746
      vertex 21.0892 188 995.478
      vertex 21.0892 204.8 995.478
    endloop
  endfacet
  facet normal -0.242935 0 0.970043
    outer loop
      vertex 21.0892 188 995.478
      vertex 14.1733 204.8 993.746
      vertex 14.1733 188 993.746
    endloop
  endfacet
  facet normal 0.803379 -0 0.595468
    outer loop
      vertex -60.4063 188 1024.64
      vertex -56.1592 204.8 1018.91
      vertex -60.4063 204.8 1024.64
    endloop
  endfacet
  facet normal 0.803379 0 0.595468
    outer loop
      vertex -56.1592 204.8 1018.91
      vertex -60.4063 188 1024.64
      vertex -56.1592 188 1018.91
    endloop
  endfacet
  facet normal 0.98917 0 -0.146776
    outer loop
      vertex -71.2541 188 1079.17
      vertex -72.3002 204.8 1072.12
      vertex -71.2541 204.8 1079.17
    endloop
  endfacet
  facet normal 0.98917 0 -0.146776
    outer loop
      vertex -72.3002 204.8 1072.12
      vertex -71.2541 188 1079.17
      vertex -72.3002 188 1072.12
    endloop
  endfacet
  facet normal 0.941503 0 -0.337005
    outer loop
      vertex -67.1199 188 1092.8
      vertex -69.5217 204.8 1086.09
      vertex -67.1199 204.8 1092.8
    endloop
  endfacet
  facet normal 0.941503 0 -0.337005
    outer loop
      vertex -69.5217 204.8 1086.09
      vertex -67.1199 188 1092.8
      vertex -69.5217 188 1086.09
    endloop
  endfacet
  facet normal 0.336656 0 -0.941628
    outer loop
      vertex -27.802 188 1132.12
      vertex -21.0892 204.8 1134.52
      vertex -21.0892 188 1134.52
    endloop
  endfacet
  facet normal 0.336656 0 -0.941628
    outer loop
      vertex -21.0892 204.8 1134.52
      vertex -27.802 188 1132.12
      vertex -27.802 204.8 1132.12
    endloop
  endfacet
  facet normal -0.904115 0 -0.427289
    outer loop
      vertex 67.1199 188 1092.8
      vertex 64.0716 204.8 1099.25
      vertex 67.1199 204.8 1092.8
    endloop
  endfacet
  facet normal -0.904115 -0 -0.427289
    outer loop
      vertex 64.0716 204.8 1099.25
      vertex 67.1199 188 1092.8
      vertex 64.0716 188 1099.25
    endloop
  endfacet
  facet normal 0.595965 0 -0.80301
    outer loop
      vertex -46.0887 188 1121.16
      vertex -40.3622 204.8 1125.41
      vertex -40.3622 188 1125.41
    endloop
  endfacet
  facet normal 0.595965 0 -0.80301
    outer loop
      vertex -40.3622 204.8 1125.41
      vertex -46.0887 188 1121.16
      vertex -46.0887 204.8 1121.16
    endloop
  endfacet
  facet normal 0.904115 0 -0.427289
    outer loop
      vertex -64.0716 188 1099.25
      vertex -67.1199 204.8 1092.8
      vertex -64.0716 204.8 1099.25
    endloop
  endfacet
  facet normal 0.904115 0 -0.427289
    outer loop
      vertex -67.1199 204.8 1092.8
      vertex -64.0716 188 1099.25
      vertex -67.1199 188 1092.8
    endloop
  endfacet
  facet normal 0.427755 0 0.903895
    outer loop
      vertex -34.247 204.8 1000.93
      vertex -27.802 188 997.88
      vertex -27.802 204.8 997.88
    endloop
  endfacet
  facet normal 0.427755 0 0.903895
    outer loop
      vertex -27.802 188 997.88
      vertex -34.247 204.8 1000.93
      vertex -34.247 188 1000.93
    endloop
  endfacet
  facet normal 0.147263 0 -0.989097
    outer loop
      vertex -14.1733 188 1136.25
      vertex -7.12094 204.8 1137.3
      vertex -7.12094 188 1137.3
    endloop
  endfacet
  facet normal 0.147263 0 -0.989097
    outer loop
      vertex -7.12094 204.8 1137.3
      vertex -14.1733 188 1136.25
      vertex -14.1733 204.8 1136.25
    endloop
  endfacet
  facet normal 0.513555 0 -0.858057
    outer loop
      vertex -40.3622 188 1125.41
      vertex -34.247 204.8 1129.07
      vertex -34.247 188 1129.07
    endloop
  endfacet
  facet normal 0.513555 0 -0.858057
    outer loop
      vertex -34.247 204.8 1129.07
      vertex -40.3622 188 1125.41
      vertex -40.3622 204.8 1125.41
    endloop
  endfacet
  facet normal -0.146705 0 0.98918
    outer loop
      vertex 8.81664 210 975.483
      vertex 17.5484 204.8 976.778
      vertex 17.5484 210 976.778
    endloop
  endfacet
  facet normal -0.146705 0 0.98918
    outer loop
      vertex 17.5484 204.8 976.778
      vertex 8.81664 210 975.483
      vertex 8.81664 204.8 975.483
    endloop
  endfacet
  facet normal -0.989171 0 0.146767
    outer loop
      vertex 88.2216 204.8 1047.45
      vertex 89.5169 210 1056.18
      vertex 88.2216 210 1047.45
    endloop
  endfacet
  facet normal -0.989171 0 0.146767
    outer loop
      vertex 89.5169 210 1056.18
      vertex 88.2216 204.8 1047.45
      vertex 89.5169 204.8 1056.18
    endloop
  endfacet
  facet normal -0.998797 0 0.0490452
    outer loop
      vertex 89.5169 204.8 1056.18
      vertex 89.95 210 1065
      vertex 89.5169 210 1056.18
    endloop
  endfacet
  facet normal -0.998797 0 0.0490452
    outer loop
      vertex 89.95 210 1065
      vertex 89.5169 204.8 1056.18
      vertex 89.95 204.8 1065
    endloop
  endfacet
  facet normal -0.803202 0 0.595706
    outer loop
      vertex 69.5323 204.8 1007.94
      vertex 74.7907 210 1015.03
      vertex 69.5323 210 1007.94
    endloop
  endfacet
  facet normal -0.803202 0 0.595706
    outer loop
      vertex 74.7907 210 1015.03
      vertex 69.5323 204.8 1007.94
      vertex 74.7907 204.8 1015.03
    endloop
  endfacet
  facet normal 0.242464 0 -0.97016
    outer loop
      vertex -26.1111 204.8 1151.08
      vertex -17.5484 210 1153.22
      vertex -17.5484 204.8 1153.22
    endloop
  endfacet
  facet normal 0.242464 0 -0.97016
    outer loop
      vertex -17.5484 210 1153.22
      vertex -26.1111 204.8 1151.08
      vertex -26.1111 210 1151.08
    endloop
  endfacet
  facet normal 0.427174 0 -0.90417
    outer loop
      vertex -42.4021 204.8 1144.33
      vertex -34.4224 210 1148.1
      vertex -34.4224 204.8 1148.1
    endloop
  endfacet
  facet normal 0.427174 0 -0.90417
    outer loop
      vertex -34.4224 210 1148.1
      vertex -42.4021 204.8 1144.33
      vertex -42.4021 210 1144.33
    endloop
  endfacet
  facet normal -0.0490526 0 0.998796
    outer loop
      vertex 0 210 975.05
      vertex 8.81664 204.8 975.483
      vertex 8.81664 210 975.483
    endloop
  endfacet
  facet normal -0.0490526 0 0.998796
    outer loop
      vertex 8.81664 204.8 975.483
      vertex 0 210 975.05
      vertex 0 204.8 975.05
    endloop
  endfacet
  facet normal 0.147259 0 -0.989098
    outer loop
      vertex -17.5484 204.8 1153.22
      vertex -8.81664 210 1154.52
      vertex -8.81664 204.8 1154.52
    endloop
  endfacet
  facet normal 0.147259 0 -0.989098
    outer loop
      vertex -8.81664 210 1154.52
      vertex -17.5484 204.8 1153.22
      vertex -17.5484 210 1153.22
    endloop
  endfacet
  facet normal 0.857688 -0 0.514171
    outer loop
      vertex -79.3288 204.8 1022.6
      vertex -74.7907 210 1015.03
      vertex -79.3288 210 1022.6
    endloop
  endfacet
  facet normal 0.857688 0 0.514171
    outer loop
      vertex -74.7907 210 1015.03
      vertex -79.3288 204.8 1022.6
      vertex -74.7907 204.8 1015.03
    endloop
  endfacet
  facet normal 0.671804 0 0.740729
    outer loop
      vertex -63.6043 210 1001.4
      vertex -57.0637 204.8 995.468
      vertex -57.0637 210 995.468
    endloop
  endfacet
  facet normal 0.671804 0 0.740729
    outer loop
      vertex -57.0637 204.8 995.468
      vertex -63.6043 210 1001.4
      vertex -63.6043 204.8 1001.4
    endloop
  endfacet
  facet normal -0.337509 0 -0.941322
    outer loop
      vertex 26.1111 204.8 1151.08
      vertex 34.4224 210 1148.1
      vertex 34.4224 204.8 1148.1
    endloop
  endfacet
  facet normal -0.337509 0 -0.941322
    outer loop
      vertex 34.4224 210 1148.1
      vertex 26.1111 204.8 1151.08
      vertex 26.1111 210 1151.08
    endloop
  endfacet
  facet normal -0.903992 0 -0.42755
    outer loop
      vertex 83.103 204.8 1099.42
      vertex 79.3288 210 1107.4
      vertex 83.103 210 1099.42
    endloop
  endfacet
  facet normal -0.903992 -0 -0.42755
    outer loop
      vertex 79.3288 210 1107.4
      vertex 83.103 204.8 1099.42
      vertex 79.3288 204.8 1107.4
    endloop
  endfacet
  facet normal -0.0487135 0 -0.998813
    outer loop
      vertex 0 204.8 1154.95
      vertex 8.81664 210 1154.52
      vertex 8.81664 204.8 1154.52
    endloop
  endfacet
  facet normal -0.0487135 0 -0.998813
    outer loop
      vertex 8.81664 210 1154.52
      vertex 0 204.8 1154.95
      vertex 0 210 1154.95
    endloop
  endfacet
  facet normal -0.671804 0 0.740729
    outer loop
      vertex 57.0637 210 995.468
      vertex 63.6043 204.8 1001.4
      vertex 63.6043 210 1001.4
    endloop
  endfacet
  facet normal -0.671804 0 0.740729
    outer loop
      vertex 63.6043 204.8 1001.4
      vertex 57.0637 210 995.468
      vertex 57.0637 204.8 995.468
    endloop
  endfacet
  facet normal 0.146705 0 0.98918
    outer loop
      vertex -17.5484 210 976.778
      vertex -8.81664 204.8 975.483
      vertex -8.81664 210 975.483
    endloop
  endfacet
  facet normal 0.146705 0 0.98918
    outer loop
      vertex -8.81664 204.8 975.483
      vertex -17.5484 210 976.778
      vertex -17.5484 204.8 976.778
    endloop
  endfacet
  facet normal 0.970014 0 -0.243048
    outer loop
      vertex -86.0768 204.8 1091.11
      vertex -88.2216 210 1082.55
      vertex -86.0768 210 1091.11
    endloop
  endfacet
  facet normal 0.970014 0 -0.243048
    outer loop
      vertex -88.2216 210 1082.55
      vertex -86.0768 204.8 1091.11
      vertex -88.2216 204.8 1082.55
    endloop
  endfacet
  facet normal -0.514259 0 -0.857635
    outer loop
      vertex 42.4021 204.8 1144.33
      vertex 49.9735 210 1139.79
      vertex 49.9735 204.8 1139.79
    endloop
  endfacet
  facet normal -0.514259 0 -0.857635
    outer loop
      vertex 49.9735 210 1139.79
      vertex 42.4021 204.8 1144.33
      vertex 42.4021 210 1144.33
    endloop
  endfacet
  facet normal 0.595813 0 -0.803124
    outer loop
      vertex -57.0637 204.8 1134.53
      vertex -49.9735 210 1139.79
      vertex -49.9735 204.8 1139.79
    endloop
  endfacet
  facet normal 0.595813 0 -0.803124
    outer loop
      vertex -49.9735 210 1139.79
      vertex -57.0637 204.8 1134.53
      vertex -57.0637 210 1134.53
    endloop
  endfacet
  facet normal -0.514093 0 0.857735
    outer loop
      vertex 42.4021 210 985.671
      vertex 49.9735 204.8 990.209
      vertex 49.9735 210 990.209
    endloop
  endfacet
  facet normal -0.514093 0 0.857735
    outer loop
      vertex 49.9735 204.8 990.209
      vertex 42.4021 210 985.671
      vertex 42.4021 204.8 985.671
    endloop
  endfacet
  facet normal -0.857688 0 -0.514171
    outer loop
      vertex 79.3288 204.8 1107.4
      vertex 74.7907 210 1114.97
      vertex 79.3288 210 1107.4
    endloop
  endfacet
  facet normal -0.857688 -0 -0.514171
    outer loop
      vertex 74.7907 210 1114.97
      vertex 79.3288 204.8 1107.4
      vertex 74.7907 204.8 1114.97
    endloop
  endfacet
  facet normal -0.427544 0 0.903994
    outer loop
      vertex 34.4224 210 981.897
      vertex 42.4021 204.8 985.671
      vertex 42.4021 210 985.671
    endloop
  endfacet
  facet normal -0.427544 0 0.903994
    outer loop
      vertex 42.4021 204.8 985.671
      vertex 34.4224 210 981.897
      vertex 34.4224 204.8 981.897
    endloop
  endfacet
  facet normal 0.337509 0 -0.941322
    outer loop
      vertex -34.4224 204.8 1148.1
      vertex -26.1111 210 1151.08
      vertex -26.1111 204.8 1151.08
    endloop
  endfacet
  facet normal 0.337509 0 -0.941322
    outer loop
      vertex -26.1111 210 1151.08
      vertex -34.4224 204.8 1148.1
      vertex -34.4224 210 1148.1
    endloop
  endfacet
  facet normal 0.998797 0 -0.0490452
    outer loop
      vertex -89.5169 204.8 1073.82
      vertex -89.95 210 1065
      vertex -89.5169 210 1073.82
    endloop
  endfacet
  facet normal 0.998797 0 -0.0490452
    outer loop
      vertex -89.95 210 1065
      vertex -89.5169 204.8 1073.82
      vertex -89.95 204.8 1065
    endloop
  endfacet
  facet normal 0.0490526 0 0.998796
    outer loop
      vertex -8.81664 210 975.483
      vertex 0 204.8 975.05
      vertex 0 210 975.05
    endloop
  endfacet
  facet normal 0.0490526 0 0.998796
    outer loop
      vertex 0 204.8 975.05
      vertex -8.81664 210 975.483
      vertex -8.81664 204.8 975.483
    endloop
  endfacet
  facet normal -0.336907 0 0.941538
    outer loop
      vertex 26.1111 210 978.923
      vertex 34.4224 204.8 981.897
      vertex 34.4224 210 981.897
    endloop
  endfacet
  facet normal -0.336907 0 0.941538
    outer loop
      vertex 34.4224 204.8 981.897
      vertex 26.1111 210 978.923
      vertex 26.1111 204.8 978.923
    endloop
  endfacet
  facet normal -0.970014 0 -0.243048
    outer loop
      vertex 88.2216 204.8 1082.55
      vertex 86.0768 210 1091.11
      vertex 88.2216 210 1082.55
    endloop
  endfacet
  facet normal -0.970014 -0 -0.243048
    outer loop
      vertex 86.0768 210 1091.11
      vertex 88.2216 204.8 1082.55
      vertex 86.0768 204.8 1091.11
    endloop
  endfacet
  facet normal 0.941528 0 -0.336933
    outer loop
      vertex -83.103 204.8 1099.42
      vertex -86.0768 210 1091.11
      vertex -83.103 210 1099.42
    endloop
  endfacet
  facet normal 0.941528 0 -0.336933
    outer loop
      vertex -86.0768 210 1091.11
      vertex -83.103 204.8 1099.42
      vertex -86.0768 204.8 1091.11
    endloop
  endfacet
  facet normal 0.970014 -0 0.243048
    outer loop
      vertex -88.2216 204.8 1047.45
      vertex -86.0768 210 1038.89
      vertex -88.2216 210 1047.45
    endloop
  endfacet
  facet normal 0.970014 0 0.243048
    outer loop
      vertex -86.0768 210 1038.89
      vertex -88.2216 204.8 1047.45
      vertex -86.0768 204.8 1038.89
    endloop
  endfacet
  facet normal -0.857688 0 0.514171
    outer loop
      vertex 74.7907 204.8 1015.03
      vertex 79.3288 210 1022.6
      vertex 74.7907 210 1015.03
    endloop
  endfacet
  facet normal -0.857688 0 0.514171
    outer loop
      vertex 79.3288 210 1022.6
      vertex 74.7907 204.8 1015.03
      vertex 79.3288 204.8 1022.6
    endloop
  endfacet
  facet normal 0.242997 0 0.970027
    outer loop
      vertex -26.1111 210 978.923
      vertex -17.5484 204.8 976.778
      vertex -17.5484 210 976.778
    endloop
  endfacet
  facet normal 0.242997 0 0.970027
    outer loop
      vertex -17.5484 204.8 976.778
      vertex -26.1111 210 978.923
      vertex -26.1111 204.8 978.923
    endloop
  endfacet
  facet normal -0.989171 0 -0.146767
    outer loop
      vertex 89.5169 204.8 1073.82
      vertex 88.2216 210 1082.55
      vertex 89.5169 210 1073.82
    endloop
  endfacet
  facet normal -0.989171 -0 -0.146767
    outer loop
      vertex 88.2216 210 1082.55
      vertex 89.5169 204.8 1073.82
      vertex 88.2216 204.8 1082.55
    endloop
  endfacet
  facet normal -0.427174 0 -0.90417
    outer loop
      vertex 34.4224 204.8 1148.1
      vertex 42.4021 210 1144.33
      vertex 42.4021 204.8 1144.33
    endloop
  endfacet
  facet normal -0.427174 0 -0.90417
    outer loop
      vertex 42.4021 210 1144.33
      vertex 34.4224 204.8 1148.1
      vertex 34.4224 210 1148.1
    endloop
  endfacet
  facet normal -0.903992 0 0.42755
    outer loop
      vertex 79.3288 204.8 1022.6
      vertex 83.103 210 1030.58
      vertex 79.3288 210 1022.6
    endloop
  endfacet
  facet normal -0.903992 0 0.42755
    outer loop
      vertex 83.103 210 1030.58
      vertex 79.3288 204.8 1022.6
      vertex 83.103 204.8 1030.58
    endloop
  endfacet
  facet normal -0.242997 0 0.970027
    outer loop
      vertex 17.5484 210 976.778
      vertex 26.1111 204.8 978.923
      vertex 26.1111 210 978.923
    endloop
  endfacet
  facet normal -0.242997 0 0.970027
    outer loop
      vertex 26.1111 204.8 978.923
      vertex 17.5484 210 976.778
      vertex 17.5484 204.8 976.778
    endloop
  endfacet
  facet normal 0.740924 -0 0.671589
    outer loop
      vertex -69.5323 204.8 1007.94
      vertex -63.6043 210 1001.4
      vertex -69.5323 210 1007.94
    endloop
  endfacet
  facet normal 0.740924 0 0.671589
    outer loop
      vertex -63.6043 210 1001.4
      vertex -69.5323 204.8 1007.94
      vertex -63.6043 204.8 1001.4
    endloop
  endfacet
  facet normal -0.998797 0 -0.0490452
    outer loop
      vertex 89.95 204.8 1065
      vertex 89.5169 210 1073.82
      vertex 89.95 210 1065
    endloop
  endfacet
  facet normal -0.998797 -0 -0.0490452
    outer loop
      vertex 89.5169 210 1073.82
      vertex 89.95 204.8 1065
      vertex 89.5169 204.8 1073.82
    endloop
  endfacet
  facet normal 0.427544 0 0.903994
    outer loop
      vertex -42.4021 210 985.671
      vertex -34.4224 204.8 981.897
      vertex -34.4224 210 981.897
    endloop
  endfacet
  facet normal 0.427544 0 0.903994
    outer loop
      vertex -34.4224 204.8 981.897
      vertex -42.4021 210 985.671
      vertex -42.4021 204.8 985.671
    endloop
  endfacet
  facet normal 0 1 0
    outer loop
      vertex 67.1199 204.8 1037.2
      vertex 72.7013 204.8 1024.7
      vertex 72.3131 204.8 1024.75
    endloop
  endfacet
  facet normal 0 1 0
    outer loop
      vertex 83.103 204.8 1030.58
      vertex 73.0631 204.8 1024.55
      vertex 72.7013 204.8 1024.7
    endloop
  endfacet
  facet normal 0 1 0
    outer loop
      vertex 83.103 204.8 1030.58
      vertex 73.3738 204.8 1024.31
      vertex 73.0631 204.8 1024.55
    endloop
  endfacet
  facet normal 0 1 -0
    outer loop
      vertex 79.3288 204.8 1022.6
      vertex 73.3738 204.8 1024.31
      vertex 83.103 204.8 1030.58
    endloop
  endfacet
  facet normal 0 1 0
    outer loop
      vertex 73.3738 204.8 1024.31
      vertex 79.3288 204.8 1022.6
      vertex 73.6122 204.8 1024
    endloop
  endfacet
  facet normal 0 1 0
    outer loop
      vertex 73.6122 204.8 1024
      vertex 79.3288 204.8 1022.6
      vertex 73.762 204.8 1023.64
    endloop
  endfacet
  facet normal 0 1 0
    outer loop
      vertex 73.762 204.8 1023.64
      vertex 79.3288 204.8 1022.6
      vertex 73.8131 204.8 1023.25
    endloop
  endfacet
  facet normal 0 1 0
    outer loop
      vertex 73.8131 204.8 1023.25
      vertex 79.3288 204.8 1022.6
      vertex 73.762 204.8 1022.86
    endloop
  endfacet
  facet normal 0 1 0
    outer loop
      vertex 79.3288 204.8 1022.6
      vertex 73.6122 204.8 1022.5
      vertex 73.762 204.8 1022.86
    endloop
  endfacet
  facet normal 0 1 0
    outer loop
      vertex 79.3288 204.8 1022.6
      vertex 73.3738 204.8 1022.19
      vertex 73.6122 204.8 1022.5
    endloop
  endfacet
  facet normal 0 1 -0
    outer loop
      vertex 74.7907 204.8 1015.03
      vertex 73.3738 204.8 1022.19
      vertex 79.3288 204.8 1022.6
    endloop
  endfacet
  facet normal 0 1 0
    outer loop
      vertex 73.3738 204.8 1022.19
      vertex 74.7907 204.8 1015.03
      vertex 73.0631 204.8 1021.95
    endloop
  endfacet
  facet normal 0 1 0
    outer loop
      vertex 73.0631 204.8 1021.95
      vertex 74.7907 204.8 1015.03
      vertex 72.7013 204.8 1021.8
    endloop
  endfacet
  facet normal 0 1 0
    outer loop
      vertex 72.7013 204.8 1021.8
      vertex 74.7907 204.8 1015.03
      vertex 72.3131 204.8 1021.75
    endloop
  endfacet
  facet normal 0 1 0
    outer loop
      vertex 69.5323 204.8 1007.94
      vertex 72.3131 204.8 1021.75
      vertex 74.7907 204.8 1015.03
    endloop
  endfacet
  facet normal 0 1 0
    outer loop
      vertex 72.3131 204.8 1021.75
      vertex 69.5323 204.8 1007.94
      vertex 56.1592 204.8 1018.91
    endloop
  endfacet
  facet normal 0 1 0
    outer loop
      vertex 56.1592 204.8 1018.91
      vertex 69.5323 204.8 1007.94
      vertex 51.3713 204.8 1013.63
    endloop
  endfacet
  facet normal 0 1 -0
    outer loop
      vertex 63.6043 204.8 1001.4
      vertex 51.3713 204.8 1013.63
      vertex 69.5323 204.8 1007.94
    endloop
  endfacet
  facet normal 0 1 0
    outer loop
      vertex 51.3713 204.8 1013.63
      vertex 63.6043 204.8 1001.4
      vertex 46.0887 204.8 1008.84
    endloop
  endfacet
  facet normal 0 1 -0
    outer loop
      vertex 57.0637 204.8 995.468
      vertex 46.0887 204.8 1008.84
      vertex 63.6043 204.8 1001.4
    endloop
  endfacet
  facet normal 0 1 0
    outer loop
      vertex 46.0887 204.8 1008.84
      vertex 57.0637 204.8 995.468
      vertex 40.3622 204.8 1004.59
    endloop
  endfacet
  facet normal 0 1 -0
    outer loop
      vertex 49.9735 204.8 990.209
      vertex 40.3622 204.8 1004.59
      vertex 57.0637 204.8 995.468
    endloop
  endfacet
  facet normal 0 1 0
    outer loop
      vertex 40.3622 204.8 1004.59
      vertex 49.9735 204.8 990.209
      vertex 34.247 204.8 1000.93
    endloop
  endfacet
  facet normal 0 1 -0
    outer loop
      vertex 42.4021 204.8 985.671
      vertex 34.247 204.8 1000.93
      vertex 49.9735 204.8 990.209
    endloop
  endfacet
  facet normal 0 1 0
    outer loop
      vertex 34.247 204.8 1000.93
      vertex 42.4021 204.8 985.671
      vertex 27.802 204.8 997.88
    endloop
  endfacet
  facet normal 0 1 -0
    outer loop
      vertex 34.4224 204.8 981.897
      vertex 27.802 204.8 997.88
      vertex 42.4021 204.8 985.671
    endloop
  endfacet
  facet normal 0 1 -0
    outer loop
      vertex 26.1111 204.8 978.923
      vertex 21.0892 204.8 995.478
      vertex 34.4224 204.8 981.897
    endloop
  endfacet
  facet normal 0 1 0
    outer loop
      vertex 27.802 204.8 997.88
      vertex 34.4224 204.8 981.897
      vertex 21.0892 204.8 995.478
    endloop
  endfacet
  facet normal 0 1 0
    outer loop
      vertex -67.1199 204.8 1037.2
      vertex -72.7013 204.8 1024.7
      vertex -83.103 204.8 1030.58
    endloop
  endfacet
  facet normal 0 1 -0
    outer loop
      vertex -73.0631 204.8 1024.55
      vertex -83.103 204.8 1030.58
      vertex -72.7013 204.8 1024.7
    endloop
  endfacet
  facet normal 0 1 -0
    outer loop
      vertex -73.3738 204.8 1024.31
      vertex -83.103 204.8 1030.58
      vertex -73.0631 204.8 1024.55
    endloop
  endfacet
  facet normal 0 1 0
    outer loop
      vertex -79.3288 204.8 1022.6
      vertex -73.3738 204.8 1024.31
      vertex -73.6122 204.8 1024
    endloop
  endfacet
  facet normal 0 1 0
    outer loop
      vertex -79.3288 204.8 1022.6
      vertex -73.6122 204.8 1024
      vertex -73.762 204.8 1023.64
    endloop
  endfacet
  facet normal 0 1 0
    outer loop
      vertex -79.3288 204.8 1022.6
      vertex -73.762 204.8 1023.64
      vertex -73.8131 204.8 1023.25
    endloop
  endfacet
  facet normal 0 1 0
    outer loop
      vertex -79.3288 204.8 1022.6
      vertex -73.8131 204.8 1023.25
      vertex -73.762 204.8 1022.86
    endloop
  endfacet
  facet normal 0 1 0
    outer loop
      vertex -73.3738 204.8 1024.31
      vertex -79.3288 204.8 1022.6
      vertex -83.103 204.8 1030.58
    endloop
  endfacet
  facet normal 0 1 0
    outer loop
      vertex -73.6122 204.8 1022.5
      vertex -79.3288 204.8 1022.6
      vertex -73.762 204.8 1022.86
    endloop
  endfacet
  facet normal 0 1 0
    outer loop
      vertex -73.3738 204.8 1022.19
      vertex -79.3288 204.8 1022.6
      vertex -73.6122 204.8 1022.5
    endloop
  endfacet
  facet normal 0 1 0
    outer loop
      vertex -74.7907 204.8 1015.03
      vertex -73.3738 204.8 1022.19
      vertex -73.0631 204.8 1021.95
    endloop
  endfacet
  facet normal 0 1 0
    outer loop
      vertex -74.7907 204.8 1015.03
      vertex -73.0631 204.8 1021.95
      vertex -72.7013 204.8 1021.8
    endloop
  endfacet
  facet normal 0 1 0
    outer loop
      vertex -74.7907 204.8 1015.03
      vertex -72.7013 204.8 1021.8
      vertex -72.3131 204.8 1021.75
    endloop
  endfacet
  facet normal 0 1 0
    outer loop
      vertex -71.5631 204.8 1021.95
      vertex -74.7907 204.8 1015.03
      vertex -71.9249 204.8 1021.8
    endloop
  endfacet
  facet normal 0 1 0
    outer loop
      vertex -73.3738 204.8 1022.19
      vertex -74.7907 204.8 1015.03
      vertex -79.3288 204.8 1022.6
    endloop
  endfacet
  facet normal 0 1 0
    outer loop
      vertex -69.5323 204.8 1007.94
      vertex -56.1592 204.8 1018.91
      vertex -51.3713 204.8 1013.63
    endloop
  endfacet
  facet normal 0 1 0
    outer loop
      vertex -63.6043 204.8 1001.4
      vertex -51.3713 204.8 1013.63
      vertex -46.0887 204.8 1008.84
    endloop
  endfacet
  facet normal 0 1 0
    outer loop
      vertex -71.9249 204.8 1021.8
      vertex -74.7907 204.8 1015.03
      vertex -72.3131 204.8 1021.75
    endloop
  endfacet
  facet normal 0 1 0
    outer loop
      vertex -57.0637 204.8 995.468
      vertex -46.0887 204.8 1008.84
      vertex -40.3622 204.8 1004.59
    endloop
  endfacet
  facet normal 0 1 0
    outer loop
      vertex -51.3713 204.8 1013.63
      vertex -63.6043 204.8 1001.4
      vertex -69.5323 204.8 1007.94
    endloop
  endfacet
  facet normal 0 1 0
    outer loop
      vertex -49.9735 204.8 990.209
      vertex -40.3622 204.8 1004.59
      vertex -34.247 204.8 1000.93
    endloop
  endfacet
  facet normal 0 1 0
    outer loop
      vertex -42.4021 204.8 985.671
      vertex -34.247 204.8 1000.93
      vertex -27.802 204.8 997.88
    endloop
  endfacet
  facet normal 0 1 0
    outer loop
      vertex -34.4224 204.8 981.897
      vertex -27.802 204.8 997.88
      vertex -21.0892 204.8 995.478
    endloop
  endfacet
  facet normal 0 1 0
    outer loop
      vertex -46.0887 204.8 1008.84
      vertex -57.0637 204.8 995.468
      vertex -63.6043 204.8 1001.4
    endloop
  endfacet
  facet normal 0 1 0
    outer loop
      vertex -26.1111 204.8 978.923
      vertex -21.0892 204.8 995.478
      vertex -14.1733 204.8 993.746
    endloop
  endfacet
  facet normal 0 1 0
    outer loop
      vertex -17.5484 204.8 976.778
      vertex -14.1733 204.8 993.746
      vertex -7.12094 204.8 992.7
    endloop
  endfacet
  facet normal 0 1 0
    outer loop
      vertex -40.3622 204.8 1004.59
      vertex -49.9735 204.8 990.209
      vertex -57.0637 204.8 995.468
    endloop
  endfacet
  facet normal 0 1 -0
    outer loop
      vertex -0.75 204.8 982.799
      vertex -7.12094 204.8 992.7
      vertex 0 204.8 992.35
    endloop
  endfacet
  facet normal 0 1 0
    outer loop
      vertex 21.0892 204.8 995.478
      vertex 26.1111 204.8 978.923
      vertex 14.1733 204.8 993.746
    endloop
  endfacet
  facet normal 0 1 -0
    outer loop
      vertex 17.5484 204.8 976.778
      vertex 14.1733 204.8 993.746
      vertex 26.1111 204.8 978.923
    endloop
  endfacet
  facet normal 0 1 0
    outer loop
      vertex -0.388228 204.8 982.949
      vertex 0 204.8 992.35
      vertex 0 204.8 983
    endloop
  endfacet
  facet normal 0 1 0
    outer loop
      vertex -0.75 204.8 982.799
      vertex 0 204.8 992.35
      vertex -0.388228 204.8 982.949
    endloop
  endfacet
  facet normal 0 1 0
    outer loop
      vertex 0 204.8 992.35
      vertex 0.388228 204.8 982.949
      vertex 0 204.8 983
    endloop
  endfacet
  facet normal 0 1 0
    outer loop
      vertex 0 204.8 992.35
      vertex 0.75 204.8 982.799
      vertex 0.388228 204.8 982.949
    endloop
  endfacet
  facet normal 0 1 0
    outer loop
      vertex 14.1733 204.8 993.746
      vertex 17.5484 204.8 976.778
      vertex 7.12094 204.8 992.7
    endloop
  endfacet
  facet normal 0 1 -0
    outer loop
      vertex 8.81664 204.8 975.483
      vertex 7.12094 204.8 992.7
      vertex 17.5484 204.8 976.778
    endloop
  endfacet
  facet normal 0 1 0
    outer loop
      vertex 7.12094 204.8 992.7
      vertex 0.75 204.8 982.799
      vertex 0 204.8 992.35
    endloop
  endfacet
  facet normal -0 1 0
    outer loop
      vertex 1.06066 204.8 982.561
      vertex 7.12094 204.8 992.7
      vertex 1.29904 204.8 982.25
    endloop
  endfacet
  facet normal -0 1 0
    outer loop
      vertex 0.75 204.8 982.799
      vertex 7.12094 204.8 992.7
      vertex 1.06066 204.8 982.561
    endloop
  endfacet
  facet normal 0 1 0
    outer loop
      vertex 7.12094 204.8 992.7
      vertex 1.44889 204.8 981.888
      vertex 1.29904 204.8 982.25
    endloop
  endfacet
  facet normal 0 1 0
    outer loop
      vertex 7.12094 204.8 992.7
      vertex 8.81664 204.8 975.483
      vertex 1.44889 204.8 981.888
    endloop
  endfacet
  facet normal 0 1 0
    outer loop
      vertex 1.44889 204.8 981.888
      vertex 8.81664 204.8 975.483
      vertex 1.5 204.8 981.5
    endloop
  endfacet
  facet normal 0 1 0
    outer loop
      vertex 1.5 204.8 981.5
      vertex 8.81664 204.8 975.483
      vertex 1.44889 204.8 981.112
    endloop
  endfacet
  facet normal 0 1 0
    outer loop
      vertex 1.44889 204.8 981.112
      vertex 8.81664 204.8 975.483
      vertex 1.29904 204.8 980.75
    endloop
  endfacet
  facet normal 0 1 0
    outer loop
      vertex 1.29904 204.8 980.75
      vertex 8.81664 204.8 975.483
      vertex 1.06066 204.8 980.439
    endloop
  endfacet
  facet normal 0 1 0
    outer loop
      vertex 0 204.8 975.05
      vertex 1.06066 204.8 980.439
      vertex 8.81664 204.8 975.483
    endloop
  endfacet
  facet normal 0 1 0
    outer loop
      vertex -34.247 204.8 1000.93
      vertex -42.4021 204.8 985.671
      vertex -49.9735 204.8 990.209
    endloop
  endfacet
  facet normal 0 1 0
    outer loop
      vertex -7.12094 204.8 992.7
      vertex -0.75 204.8 982.799
      vertex -1.06066 204.8 982.561
    endloop
  endfacet
  facet normal 0 1 0
    outer loop
      vertex -7.12094 204.8 992.7
      vertex -1.06066 204.8 982.561
      vertex -1.29904 204.8 982.25
    endloop
  endfacet
  facet normal 0 1 -0
    outer loop
      vertex -1.44889 204.8 981.888
      vertex -7.12094 204.8 992.7
      vertex -1.29904 204.8 982.25
    endloop
  endfacet
  facet normal 0 1 0
    outer loop
      vertex -27.802 204.8 997.88
      vertex -34.4224 204.8 981.897
      vertex -42.4021 204.8 985.671
    endloop
  endfacet
  facet normal 0 1 0
    outer loop
      vertex -8.81664 204.8 975.483
      vertex -7.12094 204.8 992.7
      vertex -1.44889 204.8 981.888
    endloop
  endfacet
  facet normal 0 1 0
    outer loop
      vertex -8.81664 204.8 975.483
      vertex -1.44889 204.8 981.888
      vertex -1.5 204.8 981.5
    endloop
  endfacet
  facet normal 0 1 0
    outer loop
      vertex -8.81664 204.8 975.483
      vertex -1.5 204.8 981.5
      vertex -1.44889 204.8 981.112
    endloop
  endfacet
  facet normal 0 1 0
    outer loop
      vertex -8.81664 204.8 975.483
      vertex -1.44889 204.8 981.112
      vertex -1.29904 204.8 980.75
    endloop
  endfacet
  facet normal 0 1 0
    outer loop
      vertex -8.81664 204.8 975.483
      vertex -1.29904 204.8 980.75
      vertex -1.06066 204.8 980.439
    endloop
  endfacet
  facet normal 0 1 0
    outer loop
      vertex 0 204.8 975.05
      vertex -1.06066 204.8 980.439
      vertex -0.75 204.8 980.201
    endloop
  endfacet
  facet normal 0 1 0
    outer loop
      vertex 0 204.8 975.05
      vertex -0.75 204.8 980.201
      vertex -0.388228 204.8 980.051
    endloop
  endfacet
  facet normal 0 1 -0
    outer loop
      vertex 0 204.8 975.05
      vertex -0.388228 204.8 980.051
      vertex 0 204.8 980
    endloop
  endfacet
  facet normal 0 1 0
    outer loop
      vertex -21.0892 204.8 995.478
      vertex -26.1111 204.8 978.923
      vertex -34.4224 204.8 981.897
    endloop
  endfacet
  facet normal 0 1 0
    outer loop
      vertex 1.06066 204.8 980.439
      vertex 0 204.8 975.05
      vertex 0.75 204.8 980.201
    endloop
  endfacet
  facet normal 0 1 0
    outer loop
      vertex 0.75 204.8 980.201
      vertex 0 204.8 975.05
      vertex 0.388228 204.8 980.051
    endloop
  endfacet
  facet normal 0 1 0
    outer loop
      vertex -14.1733 204.8 993.746
      vertex -17.5484 204.8 976.778
      vertex -26.1111 204.8 978.923
    endloop
  endfacet
  facet normal 0 1 0
    outer loop
      vertex 0.388228 204.8 980.051
      vertex 0 204.8 975.05
      vertex 0 204.8 980
    endloop
  endfacet
  facet normal 0 1 0
    outer loop
      vertex -7.12094 204.8 992.7
      vertex -8.81664 204.8 975.483
      vertex -17.5484 204.8 976.778
    endloop
  endfacet
  facet normal 0 1 0
    outer loop
      vertex -1.06066 204.8 980.439
      vertex 0 204.8 975.05
      vertex -8.81664 204.8 975.483
    endloop
  endfacet
  facet normal 0 1 -0
    outer loop
      vertex 1.06066 204.8 1149.56
      vertex 0 204.8 1154.95
      vertex 8.81664 204.8 1154.52
    endloop
  endfacet
  facet normal 0 1 0
    outer loop
      vertex 7.12094 204.8 1137.3
      vertex 8.81664 204.8 1154.52
      vertex 17.5484 204.8 1153.22
    endloop
  endfacet
  facet normal 0 1 0
    outer loop
      vertex 0 204.8 1154.95
      vertex 0.388228 204.8 1149.95
      vertex 0 204.8 1150
    endloop
  endfacet
  facet normal 0 1 0
    outer loop
      vertex 14.1733 204.8 1136.25
      vertex 17.5484 204.8 1153.22
      vertex 26.1111 204.8 1151.08
    endloop
  endfacet
  facet normal 0 1 0
    outer loop
      vertex -0.75 204.8 1149.8
      vertex 0 204.8 1154.95
      vertex -0.388228 204.8 1149.95
    endloop
  endfacet
  facet normal 0 1 0
    outer loop
      vertex -1.06066 204.8 1149.56
      vertex 0 204.8 1154.95
      vertex -0.75 204.8 1149.8
    endloop
  endfacet
  facet normal 0 1 0
    outer loop
      vertex -0.388228 204.8 1149.95
      vertex 0 204.8 1154.95
      vertex 0 204.8 1150
    endloop
  endfacet
  facet normal 0 1 0
    outer loop
      vertex 0 204.8 1154.95
      vertex 0.75 204.8 1149.8
      vertex 0.388228 204.8 1149.95
    endloop
  endfacet
  facet normal 0 1 0
    outer loop
      vertex 0 204.8 1154.95
      vertex 1.06066 204.8 1149.56
      vertex 0.75 204.8 1149.8
    endloop
  endfacet
  facet normal 0 1 0
    outer loop
      vertex 8.81664 204.8 1154.52
      vertex 1.29904 204.8 1149.25
      vertex 1.06066 204.8 1149.56
    endloop
  endfacet
  facet normal 0 1 0
    outer loop
      vertex 8.81664 204.8 1154.52
      vertex 1.44889 204.8 1148.89
      vertex 1.29904 204.8 1149.25
    endloop
  endfacet
  facet normal 0 1 0
    outer loop
      vertex 8.81664 204.8 1154.52
      vertex 1.5 204.8 1148.5
      vertex 1.44889 204.8 1148.89
    endloop
  endfacet
  facet normal -0 1 0
    outer loop
      vertex 7.12094 204.8 1137.3
      vertex 17.5484 204.8 1153.22
      vertex 14.1733 204.8 1136.25
    endloop
  endfacet
  facet normal 0 1 0
    outer loop
      vertex 21.0892 204.8 1134.52
      vertex 26.1111 204.8 1151.08
      vertex 34.4224 204.8 1148.1
    endloop
  endfacet
  facet normal 0 1 0
    outer loop
      vertex 8.81664 204.8 1154.52
      vertex 1.44889 204.8 1148.11
      vertex 1.5 204.8 1148.5
    endloop
  endfacet
  facet normal 0 1 0
    outer loop
      vertex 8.81664 204.8 1154.52
      vertex 7.12094 204.8 1137.3
      vertex 1.44889 204.8 1148.11
    endloop
  endfacet
  facet normal 0 1 0
    outer loop
      vertex 1.44889 204.8 1148.11
      vertex 7.12094 204.8 1137.3
      vertex 1.29904 204.8 1147.75
    endloop
  endfacet
  facet normal 0 1 0
    outer loop
      vertex 1.29904 204.8 1147.75
      vertex 7.12094 204.8 1137.3
      vertex 1.06066 204.8 1147.44
    endloop
  endfacet
  facet normal 0 1 0
    outer loop
      vertex 1.06066 204.8 1147.44
      vertex 7.12094 204.8 1137.3
      vertex 0.75 204.8 1147.2
    endloop
  endfacet
  facet normal 0 1 0
    outer loop
      vertex 27.802 204.8 1132.12
      vertex 34.4224 204.8 1148.1
      vertex 42.4021 204.8 1144.33
    endloop
  endfacet
  facet normal 0 1 0
    outer loop
      vertex 0 204.8 1154.95
      vertex -1.06066 204.8 1149.56
      vertex -8.81664 204.8 1154.52
    endloop
  endfacet
  facet normal 0 1 -0
    outer loop
      vertex -1.29904 204.8 1149.25
      vertex -8.81664 204.8 1154.52
      vertex -1.06066 204.8 1149.56
    endloop
  endfacet
  facet normal 0 1 -0
    outer loop
      vertex -1.44889 204.8 1148.89
      vertex -8.81664 204.8 1154.52
      vertex -1.29904 204.8 1149.25
    endloop
  endfacet
  facet normal 0 1 -0
    outer loop
      vertex -1.5 204.8 1148.5
      vertex -8.81664 204.8 1154.52
      vertex -1.44889 204.8 1148.89
    endloop
  endfacet
  facet normal 0 1 0
    outer loop
      vertex -1.44889 204.8 1148.11
      vertex -8.81664 204.8 1154.52
      vertex -1.5 204.8 1148.5
    endloop
  endfacet
  facet normal 0 1 -0
    outer loop
      vertex -7.12094 204.8 1137.3
      vertex -8.81664 204.8 1154.52
      vertex -1.44889 204.8 1148.11
    endloop
  endfacet
  facet normal 0 1 0
    outer loop
      vertex -8.81664 204.8 1154.52
      vertex -7.12094 204.8 1137.3
      vertex -17.5484 204.8 1153.22
    endloop
  endfacet
  facet normal 0 1 0
    outer loop
      vertex -17.5484 204.8 1153.22
      vertex -14.1733 204.8 1136.25
      vertex -26.1111 204.8 1151.08
    endloop
  endfacet
  facet normal 0 1 0
    outer loop
      vertex -7.12094 204.8 1137.3
      vertex -1.44889 204.8 1148.11
      vertex -1.29904 204.8 1147.75
    endloop
  endfacet
  facet normal 0 1 0
    outer loop
      vertex -7.12094 204.8 1137.3
      vertex -1.29904 204.8 1147.75
      vertex -1.06066 204.8 1147.44
    endloop
  endfacet
  facet normal 0 1 0
    outer loop
      vertex -7.12094 204.8 1137.3
      vertex -1.06066 204.8 1147.44
      vertex -0.75 204.8 1147.2
    endloop
  endfacet
  facet normal 0 1 0
    outer loop
      vertex 0 204.8 1137.65
      vertex -0.75 204.8 1147.2
      vertex -0.388228 204.8 1147.05
    endloop
  endfacet
  facet normal 0 1 -0
    outer loop
      vertex 0 204.8 1137.65
      vertex -0.388228 204.8 1147.05
      vertex 0 204.8 1147
    endloop
  endfacet
  facet normal -0 1 0
    outer loop
      vertex 0 204.8 1137.65
      vertex 0.75 204.8 1147.2
      vertex 7.12094 204.8 1137.3
    endloop
  endfacet
  facet normal 0 1 0
    outer loop
      vertex -0.75 204.8 1147.2
      vertex 0 204.8 1137.65
      vertex -7.12094 204.8 1137.3
    endloop
  endfacet
  facet normal 0 1 0
    outer loop
      vertex 34.247 204.8 1129.07
      vertex 42.4021 204.8 1144.33
      vertex 49.9735 204.8 1139.79
    endloop
  endfacet
  facet normal 0 1 0
    outer loop
      vertex -17.5484 204.8 1153.22
      vertex -7.12094 204.8 1137.3
      vertex -14.1733 204.8 1136.25
    endloop
  endfacet
  facet normal 0 1 -0
    outer loop
      vertex -21.0892 204.8 1134.52
      vertex -26.1111 204.8 1151.08
      vertex -14.1733 204.8 1136.25
    endloop
  endfacet
  facet normal 0 1 0
    outer loop
      vertex 0.388228 204.8 1147.05
      vertex 0 204.8 1137.65
      vertex 0 204.8 1147
    endloop
  endfacet
  facet normal 0 1 0
    outer loop
      vertex 0.75 204.8 1147.2
      vertex 0 204.8 1137.65
      vertex 0.388228 204.8 1147.05
    endloop
  endfacet
  facet normal 0 1 0
    outer loop
      vertex 40.3622 204.8 1125.41
      vertex 49.9735 204.8 1139.79
      vertex 57.0637 204.8 1134.53
    endloop
  endfacet
  facet normal 0 1 0
    outer loop
      vertex 26.1111 204.8 1151.08
      vertex 21.0892 204.8 1134.52
      vertex 14.1733 204.8 1136.25
    endloop
  endfacet
  facet normal 0 1 0
    outer loop
      vertex 34.4224 204.8 1148.1
      vertex 27.802 204.8 1132.12
      vertex 21.0892 204.8 1134.52
    endloop
  endfacet
  facet normal 0 1 0
    outer loop
      vertex 42.4021 204.8 1144.33
      vertex 34.247 204.8 1129.07
      vertex 27.802 204.8 1132.12
    endloop
  endfacet
  facet normal 0 1 0
    outer loop
      vertex 46.0887 204.8 1121.16
      vertex 57.0637 204.8 1134.53
      vertex 63.6043 204.8 1128.6
    endloop
  endfacet
  facet normal 0 1 0
    outer loop
      vertex 49.9735 204.8 1139.79
      vertex 40.3622 204.8 1125.41
      vertex 34.247 204.8 1129.07
    endloop
  endfacet
  facet normal 0 1 0
    outer loop
      vertex 51.3713 204.8 1116.37
      vertex 63.6043 204.8 1128.6
      vertex 69.5323 204.8 1122.06
    endloop
  endfacet
  facet normal 0 1 0
    outer loop
      vertex 57.0637 204.8 1134.53
      vertex 46.0887 204.8 1121.16
      vertex 40.3622 204.8 1125.41
    endloop
  endfacet
  facet normal 0 1 0
    outer loop
      vertex 63.6043 204.8 1128.6
      vertex 51.3713 204.8 1116.37
      vertex 46.0887 204.8 1121.16
    endloop
  endfacet
  facet normal 0 1 -0
    outer loop
      vertex 71.5631 204.8 1108.05
      vertex 69.5323 204.8 1122.06
      vertex 74.7907 204.8 1114.97
    endloop
  endfacet
  facet normal 0 1 0
    outer loop
      vertex 69.5323 204.8 1122.06
      vertex 56.1592 204.8 1111.09
      vertex 51.3713 204.8 1116.37
    endloop
  endfacet
  facet normal 0 1 0
    outer loop
      vertex 71.9249 204.8 1108.2
      vertex 74.7907 204.8 1114.97
      vertex 72.3131 204.8 1108.25
    endloop
  endfacet
  facet normal 0 1 0
    outer loop
      vertex 74.7907 204.8 1114.97
      vertex 72.7013 204.8 1108.2
      vertex 72.3131 204.8 1108.25
    endloop
  endfacet
  facet normal 0 1 0
    outer loop
      vertex 74.7907 204.8 1114.97
      vertex 73.0631 204.8 1108.05
      vertex 72.7013 204.8 1108.2
    endloop
  endfacet
  facet normal 0 1 0
    outer loop
      vertex 74.7907 204.8 1114.97
      vertex 73.3738 204.8 1107.81
      vertex 73.0631 204.8 1108.05
    endloop
  endfacet
  facet normal 0 1 0
    outer loop
      vertex 79.3288 204.8 1107.4
      vertex 73.3738 204.8 1107.81
      vertex 74.7907 204.8 1114.97
    endloop
  endfacet
  facet normal 0 1 0
    outer loop
      vertex 73.3738 204.8 1107.81
      vertex 79.3288 204.8 1107.4
      vertex 73.6122 204.8 1107.5
    endloop
  endfacet
  facet normal 0 1 0
    outer loop
      vertex 79.3288 204.8 1107.4
      vertex 73.762 204.8 1107.14
      vertex 73.6122 204.8 1107.5
    endloop
  endfacet
  facet normal 0 1 0
    outer loop
      vertex 79.3288 204.8 1107.4
      vertex 73.8131 204.8 1106.75
      vertex 73.762 204.8 1107.14
    endloop
  endfacet
  facet normal 0 1 0
    outer loop
      vertex 79.3288 204.8 1107.4
      vertex 73.762 204.8 1106.36
      vertex 73.8131 204.8 1106.75
    endloop
  endfacet
  facet normal 0 1 0
    outer loop
      vertex 79.3288 204.8 1107.4
      vertex 73.6122 204.8 1106
      vertex 73.762 204.8 1106.36
    endloop
  endfacet
  facet normal 0 1 0
    outer loop
      vertex 79.3288 204.8 1107.4
      vertex 73.3738 204.8 1105.69
      vertex 73.6122 204.8 1106
    endloop
  endfacet
  facet normal 0 1 0
    outer loop
      vertex 83.103 204.8 1099.42
      vertex 73.3738 204.8 1105.69
      vertex 79.3288 204.8 1107.4
    endloop
  endfacet
  facet normal 0 1 0
    outer loop
      vertex 73.3738 204.8 1105.69
      vertex 83.103 204.8 1099.42
      vertex 73.0631 204.8 1105.45
    endloop
  endfacet
  facet normal 0 1 0
    outer loop
      vertex 67.1199 204.8 1092.8
      vertex 72.7013 204.8 1105.3
      vertex 83.103 204.8 1099.42
    endloop
  endfacet
  facet normal 0 1 0
    outer loop
      vertex 73.0631 204.8 1105.45
      vertex 83.103 204.8 1099.42
      vertex 72.7013 204.8 1105.3
    endloop
  endfacet
  facet normal 0 1 0
    outer loop
      vertex -74.7907 204.8 1114.97
      vertex -71.9249 204.8 1108.2
      vertex -72.3131 204.8 1108.25
    endloop
  endfacet
  facet normal 0 1 0
    outer loop
      vertex -69.5323 204.8 1122.06
      vertex -71.5631 204.8 1108.05
      vertex -71.9249 204.8 1108.2
    endloop
  endfacet
  facet normal 0 1 0
    outer loop
      vertex -69.5323 204.8 1122.06
      vertex -71.2525 204.8 1107.81
      vertex -71.5631 204.8 1108.05
    endloop
  endfacet
  facet normal 0 1 0
    outer loop
      vertex -56.1592 204.8 1111.09
      vertex -71.0141 204.8 1107.5
      vertex -71.2525 204.8 1107.81
    endloop
  endfacet
  facet normal 0 1 -0
    outer loop
      vertex -60.4063 204.8 1105.36
      vertex -71.0141 204.8 1107.5
      vertex -56.1592 204.8 1111.09
    endloop
  endfacet
  facet normal 0 1 0
    outer loop
      vertex -71.0141 204.8 1107.5
      vertex -60.4063 204.8 1105.36
      vertex -70.8642 204.8 1107.14
    endloop
  endfacet
  facet normal 0 1 0
    outer loop
      vertex -70.8642 204.8 1107.14
      vertex -60.4063 204.8 1105.36
      vertex -70.8131 204.8 1106.75
    endloop
  endfacet
  facet normal 0 1 0
    outer loop
      vertex -70.8131 204.8 1106.75
      vertex -60.4063 204.8 1105.36
      vertex -70.8642 204.8 1106.36
    endloop
  endfacet
  facet normal 0 1 -0
    outer loop
      vertex -64.0716 204.8 1099.25
      vertex -70.8642 204.8 1106.36
      vertex -60.4063 204.8 1105.36
    endloop
  endfacet
  facet normal 0 1 0
    outer loop
      vertex -70.8642 204.8 1106.36
      vertex -64.0716 204.8 1099.25
      vertex -71.0141 204.8 1106
    endloop
  endfacet
  facet normal 0 1 0
    outer loop
      vertex -71.0141 204.8 1106
      vertex -64.0716 204.8 1099.25
      vertex -71.2525 204.8 1105.69
    endloop
  endfacet
  facet normal 0 1 0
    outer loop
      vertex -71.2525 204.8 1105.69
      vertex -64.0716 204.8 1099.25
      vertex -71.5631 204.8 1105.45
    endloop
  endfacet
  facet normal 0 1 0
    outer loop
      vertex -71.5631 204.8 1105.45
      vertex -64.0716 204.8 1099.25
      vertex -71.9249 204.8 1105.3
    endloop
  endfacet
  facet normal 0 1 -0
    outer loop
      vertex -67.1199 204.8 1092.8
      vertex -71.9249 204.8 1105.3
      vertex -64.0716 204.8 1099.25
    endloop
  endfacet
  facet normal 0 1 0
    outer loop
      vertex -71.9249 204.8 1105.3
      vertex -67.1199 204.8 1092.8
      vertex -72.3131 204.8 1105.25
    endloop
  endfacet
  facet normal 0 1 0
    outer loop
      vertex -72.3131 204.8 1105.25
      vertex -67.1199 204.8 1092.8
      vertex -83.103 204.8 1099.42
    endloop
  endfacet
  facet normal 0 1 0
    outer loop
      vertex -67.1199 204.8 1092.8
      vertex -86.0768 204.8 1091.11
      vertex -83.103 204.8 1099.42
    endloop
  endfacet
  facet normal 0 1 -0
    outer loop
      vertex -69.5217 204.8 1086.09
      vertex -86.0768 204.8 1091.11
      vertex -67.1199 204.8 1092.8
    endloop
  endfacet
  facet normal 0 1 0
    outer loop
      vertex -69.5217 204.8 1086.09
      vertex -88.2216 204.8 1082.55
      vertex -86.0768 204.8 1091.11
    endloop
  endfacet
  facet normal 0 1 -0
    outer loop
      vertex -71.2541 204.8 1079.17
      vertex -88.2216 204.8 1082.55
      vertex -69.5217 204.8 1086.09
    endloop
  endfacet
  facet normal 0 1 0
    outer loop
      vertex -71.2541 204.8 1079.17
      vertex -89.5169 204.8 1073.82
      vertex -88.2216 204.8 1082.55
    endloop
  endfacet
  facet normal 0 1 -0
    outer loop
      vertex -72.3002 204.8 1072.12
      vertex -89.5169 204.8 1073.82
      vertex -71.2541 204.8 1079.17
    endloop
  endfacet
  facet normal 0 1 -0
    outer loop
      vertex -72.65 204.8 1065
      vertex -89.5169 204.8 1073.82
      vertex -72.3002 204.8 1072.12
    endloop
  endfacet
  facet normal 0 1 0
    outer loop
      vertex -72.65 204.8 1065
      vertex -89.95 204.8 1065
      vertex -89.5169 204.8 1073.82
    endloop
  endfacet
  facet normal 0 1 0
    outer loop
      vertex -72.3002 204.8 1057.88
      vertex -89.95 204.8 1065
      vertex -72.65 204.8 1065
    endloop
  endfacet
  facet normal 0 1 0
    outer loop
      vertex -72.3002 204.8 1057.88
      vertex -89.5169 204.8 1056.18
      vertex -89.95 204.8 1065
    endloop
  endfacet
  facet normal 0 1 0
    outer loop
      vertex -71.2541 204.8 1050.83
      vertex -89.5169 204.8 1056.18
      vertex -72.3002 204.8 1057.88
    endloop
  endfacet
  facet normal 0 1 0
    outer loop
      vertex -71.2541 204.8 1050.83
      vertex -88.2216 204.8 1047.45
      vertex -89.5169 204.8 1056.18
    endloop
  endfacet
  facet normal 0 1 0
    outer loop
      vertex -69.5217 204.8 1043.91
      vertex -88.2216 204.8 1047.45
      vertex -71.2541 204.8 1050.83
    endloop
  endfacet
  facet normal 0 1 0
    outer loop
      vertex -69.5217 204.8 1043.91
      vertex -86.0768 204.8 1038.89
      vertex -88.2216 204.8 1047.45
    endloop
  endfacet
  facet normal 0 1 0
    outer loop
      vertex -67.1199 204.8 1037.2
      vertex -86.0768 204.8 1038.89
      vertex -69.5217 204.8 1043.91
    endloop
  endfacet
  facet normal 0 1 0
    outer loop
      vertex -71.9249 204.8 1024.7
      vertex -67.1199 204.8 1037.2
      vertex -64.0716 204.8 1030.75
    endloop
  endfacet
  facet normal 0 1 0
    outer loop
      vertex -67.1199 204.8 1037.2
      vertex -83.103 204.8 1030.58
      vertex -86.0768 204.8 1038.89
    endloop
  endfacet
  facet normal 0 1 0
    outer loop
      vertex -72.7013 204.8 1024.7
      vertex -67.1199 204.8 1037.2
      vertex -72.3131 204.8 1024.75
    endloop
  endfacet
  facet normal 0 1 0
    outer loop
      vertex -67.1199 204.8 1037.2
      vertex -71.9249 204.8 1024.7
      vertex -72.3131 204.8 1024.75
    endloop
  endfacet
  facet normal 0 1 0
    outer loop
      vertex -70.8642 204.8 1023.64
      vertex -64.0716 204.8 1030.75
      vertex -60.4063 204.8 1024.64
    endloop
  endfacet
  facet normal 0 1 0
    outer loop
      vertex -64.0716 204.8 1030.75
      vertex -71.5631 204.8 1024.55
      vertex -71.9249 204.8 1024.7
    endloop
  endfacet
  facet normal 0 1 0
    outer loop
      vertex -64.0716 204.8 1030.75
      vertex -71.2525 204.8 1024.31
      vertex -71.5631 204.8 1024.55
    endloop
  endfacet
  facet normal 0 1 0
    outer loop
      vertex -64.0716 204.8 1030.75
      vertex -71.0141 204.8 1024
      vertex -71.2525 204.8 1024.31
    endloop
  endfacet
  facet normal 0 1 0
    outer loop
      vertex -64.0716 204.8 1030.75
      vertex -70.8642 204.8 1023.64
      vertex -71.0141 204.8 1024
    endloop
  endfacet
  facet normal 0 1 0
    outer loop
      vertex -60.4063 204.8 1024.64
      vertex -70.8131 204.8 1023.25
      vertex -70.8642 204.8 1023.64
    endloop
  endfacet
  facet normal 0 1 0
    outer loop
      vertex -60.4063 204.8 1024.64
      vertex -70.8642 204.8 1022.86
      vertex -70.8131 204.8 1023.25
    endloop
  endfacet
  facet normal 0 1 0
    outer loop
      vertex -60.4063 204.8 1024.64
      vertex -71.0141 204.8 1022.5
      vertex -70.8642 204.8 1022.86
    endloop
  endfacet
  facet normal 0 1 0
    outer loop
      vertex -60.4063 204.8 1024.64
      vertex -71.2525 204.8 1022.19
      vertex -71.0141 204.8 1022.5
    endloop
  endfacet
  facet normal 0 1 0
    outer loop
      vertex -56.1592 204.8 1018.91
      vertex -71.2525 204.8 1022.19
      vertex -60.4063 204.8 1024.64
    endloop
  endfacet
  facet normal 0 1 -0
    outer loop
      vertex -69.5323 204.8 1007.94
      vertex -71.2525 204.8 1022.19
      vertex -56.1592 204.8 1018.91
    endloop
  endfacet
  facet normal -0 1 0
    outer loop
      vertex -74.7907 204.8 1015.03
      vertex -71.5631 204.8 1021.95
      vertex -69.5323 204.8 1007.94
    endloop
  endfacet
  facet normal 0 1 0
    outer loop
      vertex -71.2525 204.8 1022.19
      vertex -69.5323 204.8 1007.94
      vertex -71.5631 204.8 1021.95
    endloop
  endfacet
  facet normal 0 1 0
    outer loop
      vertex -26.1111 204.8 1151.08
      vertex -21.0892 204.8 1134.52
      vertex -34.4224 204.8 1148.1
    endloop
  endfacet
  facet normal 0 1 -0
    outer loop
      vertex -27.802 204.8 1132.12
      vertex -34.4224 204.8 1148.1
      vertex -21.0892 204.8 1134.52
    endloop
  endfacet
  facet normal 0 1 0
    outer loop
      vertex -34.4224 204.8 1148.1
      vertex -27.802 204.8 1132.12
      vertex -42.4021 204.8 1144.33
    endloop
  endfacet
  facet normal 0 1 -0
    outer loop
      vertex -34.247 204.8 1129.07
      vertex -42.4021 204.8 1144.33
      vertex -27.802 204.8 1132.12
    endloop
  endfacet
  facet normal 0 1 0
    outer loop
      vertex -42.4021 204.8 1144.33
      vertex -34.247 204.8 1129.07
      vertex -49.9735 204.8 1139.79
    endloop
  endfacet
  facet normal 0 1 -0
    outer loop
      vertex -40.3622 204.8 1125.41
      vertex -49.9735 204.8 1139.79
      vertex -34.247 204.8 1129.07
    endloop
  endfacet
  facet normal 0 1 0
    outer loop
      vertex -49.9735 204.8 1139.79
      vertex -40.3622 204.8 1125.41
      vertex -57.0637 204.8 1134.53
    endloop
  endfacet
  facet normal 0 1 -0
    outer loop
      vertex -46.0887 204.8 1121.16
      vertex -57.0637 204.8 1134.53
      vertex -40.3622 204.8 1125.41
    endloop
  endfacet
  facet normal 0 1 0
    outer loop
      vertex -57.0637 204.8 1134.53
      vertex -46.0887 204.8 1121.16
      vertex -63.6043 204.8 1128.6
    endloop
  endfacet
  facet normal 0 1 -0
    outer loop
      vertex -51.3713 204.8 1116.37
      vertex -63.6043 204.8 1128.6
      vertex -46.0887 204.8 1121.16
    endloop
  endfacet
  facet normal 0 1 0
    outer loop
      vertex -63.6043 204.8 1128.6
      vertex -51.3713 204.8 1116.37
      vertex -69.5323 204.8 1122.06
    endloop
  endfacet
  facet normal 0 1 -0
    outer loop
      vertex -56.1592 204.8 1111.09
      vertex -69.5323 204.8 1122.06
      vertex -51.3713 204.8 1116.37
    endloop
  endfacet
  facet normal 0 1 0
    outer loop
      vertex -71.2525 204.8 1107.81
      vertex -69.5323 204.8 1122.06
      vertex -56.1592 204.8 1111.09
    endloop
  endfacet
  facet normal 0 1 -0
    outer loop
      vertex -71.9249 204.8 1108.2
      vertex -74.7907 204.8 1114.97
      vertex -69.5323 204.8 1122.06
    endloop
  endfacet
  facet normal 0 1 -0
    outer loop
      vertex -72.7013 204.8 1108.2
      vertex -74.7907 204.8 1114.97
      vertex -72.3131 204.8 1108.25
    endloop
  endfacet
  facet normal 0 1 -0
    outer loop
      vertex -73.0631 204.8 1108.05
      vertex -74.7907 204.8 1114.97
      vertex -72.7013 204.8 1108.2
    endloop
  endfacet
  facet normal 0 1 -0
    outer loop
      vertex -73.3738 204.8 1107.81
      vertex -74.7907 204.8 1114.97
      vertex -73.0631 204.8 1108.05
    endloop
  endfacet
  facet normal 0 1 0
    outer loop
      vertex -79.3288 204.8 1107.4
      vertex -73.3738 204.8 1107.81
      vertex -73.6122 204.8 1107.5
    endloop
  endfacet
  facet normal 0 1 0
    outer loop
      vertex -73.3738 204.8 1107.81
      vertex -79.3288 204.8 1107.4
      vertex -74.7907 204.8 1114.97
    endloop
  endfacet
  facet normal 0 1 -0
    outer loop
      vertex -73.762 204.8 1107.14
      vertex -79.3288 204.8 1107.4
      vertex -73.6122 204.8 1107.5
    endloop
  endfacet
  facet normal 0 1 -0
    outer loop
      vertex -73.8131 204.8 1106.75
      vertex -79.3288 204.8 1107.4
      vertex -73.762 204.8 1107.14
    endloop
  endfacet
  facet normal 0 1 0
    outer loop
      vertex -73.762 204.8 1106.36
      vertex -79.3288 204.8 1107.4
      vertex -73.8131 204.8 1106.75
    endloop
  endfacet
  facet normal 0 1 0
    outer loop
      vertex -73.6122 204.8 1106
      vertex -79.3288 204.8 1107.4
      vertex -73.762 204.8 1106.36
    endloop
  endfacet
  facet normal 0 1 0
    outer loop
      vertex -73.3738 204.8 1105.69
      vertex -79.3288 204.8 1107.4
      vertex -73.6122 204.8 1106
    endloop
  endfacet
  facet normal 0 1 0
    outer loop
      vertex -83.103 204.8 1099.42
      vertex -73.3738 204.8 1105.69
      vertex -73.0631 204.8 1105.45
    endloop
  endfacet
  facet normal 0 1 0
    outer loop
      vertex -83.103 204.8 1099.42
      vertex -73.0631 204.8 1105.45
      vertex -72.7013 204.8 1105.3
    endloop
  endfacet
  facet normal 0 1 0
    outer loop
      vertex -73.3738 204.8 1105.69
      vertex -83.103 204.8 1099.42
      vertex -79.3288 204.8 1107.4
    endloop
  endfacet
  facet normal 0 1 0
    outer loop
      vertex -83.103 204.8 1099.42
      vertex -72.7013 204.8 1105.3
      vertex -72.3131 204.8 1105.25
    endloop
  endfacet
  facet normal 0 1 0
    outer loop
      vertex 71.5631 204.8 1108.05
      vertex 74.7907 204.8 1114.97
      vertex 71.9249 204.8 1108.2
    endloop
  endfacet
  facet normal 0 1 0
    outer loop
      vertex 69.5323 204.8 1122.06
      vertex 71.5631 204.8 1108.05
      vertex 71.2525 204.8 1107.81
    endloop
  endfacet
  facet normal 0 1 0
    outer loop
      vertex 69.5323 204.8 1122.06
      vertex 71.2525 204.8 1107.81
      vertex 56.1592 204.8 1111.09
    endloop
  endfacet
  facet normal 0 1 -0
    outer loop
      vertex 71.0141 204.8 1107.5
      vertex 56.1592 204.8 1111.09
      vertex 71.2525 204.8 1107.81
    endloop
  endfacet
  facet normal 0 1 0
    outer loop
      vertex 60.4063 204.8 1105.36
      vertex 71.0141 204.8 1107.5
      vertex 70.8642 204.8 1107.14
    endloop
  endfacet
  facet normal 0 1 0
    outer loop
      vertex 60.4063 204.8 1105.36
      vertex 70.8642 204.8 1107.14
      vertex 70.8131 204.8 1106.75
    endloop
  endfacet
  facet normal 0 1 0
    outer loop
      vertex 60.4063 204.8 1105.36
      vertex 70.8131 204.8 1106.75
      vertex 70.8642 204.8 1106.36
    endloop
  endfacet
  facet normal 0 1 0
    outer loop
      vertex 64.0716 204.8 1099.25
      vertex 70.8642 204.8 1106.36
      vertex 71.0141 204.8 1106
    endloop
  endfacet
  facet normal 0 1 0
    outer loop
      vertex 64.0716 204.8 1099.25
      vertex 71.0141 204.8 1106
      vertex 71.2525 204.8 1105.69
    endloop
  endfacet
  facet normal 0 1 0
    outer loop
      vertex 64.0716 204.8 1099.25
      vertex 71.2525 204.8 1105.69
      vertex 71.5631 204.8 1105.45
    endloop
  endfacet
  facet normal 0 1 0
    outer loop
      vertex 71.0141 204.8 1107.5
      vertex 60.4063 204.8 1105.36
      vertex 56.1592 204.8 1111.09
    endloop
  endfacet
  facet normal 0 1 0
    outer loop
      vertex 64.0716 204.8 1099.25
      vertex 71.5631 204.8 1105.45
      vertex 71.9249 204.8 1105.3
    endloop
  endfacet
  facet normal 0 1 0
    outer loop
      vertex 67.1199 204.8 1092.8
      vertex 71.9249 204.8 1105.3
      vertex 72.3131 204.8 1105.25
    endloop
  endfacet
  facet normal 0 1 0
    outer loop
      vertex 72.7013 204.8 1105.3
      vertex 67.1199 204.8 1092.8
      vertex 72.3131 204.8 1105.25
    endloop
  endfacet
  facet normal 0 1 0
    outer loop
      vertex 70.8642 204.8 1106.36
      vertex 64.0716 204.8 1099.25
      vertex 60.4063 204.8 1105.36
    endloop
  endfacet
  facet normal 0 1 0
    outer loop
      vertex 71.9249 204.8 1105.3
      vertex 67.1199 204.8 1092.8
      vertex 64.0716 204.8 1099.25
    endloop
  endfacet
  facet normal 0 1 0
    outer loop
      vertex 86.0768 204.8 1091.11
      vertex 67.1199 204.8 1092.8
      vertex 83.103 204.8 1099.42
    endloop
  endfacet
  facet normal 0 1 0
    outer loop
      vertex 86.0768 204.8 1091.11
      vertex 69.5217 204.8 1086.09
      vertex 67.1199 204.8 1092.8
    endloop
  endfacet
  facet normal 0 1 0
    outer loop
      vertex 88.2216 204.8 1082.55
      vertex 69.5217 204.8 1086.09
      vertex 86.0768 204.8 1091.11
    endloop
  endfacet
  facet normal 0 1 0
    outer loop
      vertex 88.2216 204.8 1082.55
      vertex 71.2541 204.8 1079.17
      vertex 69.5217 204.8 1086.09
    endloop
  endfacet
  facet normal 0 1 0
    outer loop
      vertex 89.5169 204.8 1073.82
      vertex 71.2541 204.8 1079.17
      vertex 88.2216 204.8 1082.55
    endloop
  endfacet
  facet normal 0 1 0
    outer loop
      vertex 89.5169 204.8 1073.82
      vertex 72.3002 204.8 1072.12
      vertex 71.2541 204.8 1079.17
    endloop
  endfacet
  facet normal 0 1 0
    outer loop
      vertex 89.95 204.8 1065
      vertex 72.3002 204.8 1072.12
      vertex 89.5169 204.8 1073.82
    endloop
  endfacet
  facet normal 0 1 0
    outer loop
      vertex 89.95 204.8 1065
      vertex 72.65 204.8 1065
      vertex 72.3002 204.8 1072.12
    endloop
  endfacet
  facet normal 0 1 0
    outer loop
      vertex 89.95 204.8 1065
      vertex 72.3002 204.8 1057.88
      vertex 72.65 204.8 1065
    endloop
  endfacet
  facet normal 0 1 -0
    outer loop
      vertex 89.5169 204.8 1056.18
      vertex 72.3002 204.8 1057.88
      vertex 89.95 204.8 1065
    endloop
  endfacet
  facet normal 0 1 0
    outer loop
      vertex 89.5169 204.8 1056.18
      vertex 71.2541 204.8 1050.83
      vertex 72.3002 204.8 1057.88
    endloop
  endfacet
  facet normal 0 1 -0
    outer loop
      vertex 88.2216 204.8 1047.45
      vertex 71.2541 204.8 1050.83
      vertex 89.5169 204.8 1056.18
    endloop
  endfacet
  facet normal 0 1 0
    outer loop
      vertex 88.2216 204.8 1047.45
      vertex 69.5217 204.8 1043.91
      vertex 71.2541 204.8 1050.83
    endloop
  endfacet
  facet normal 0 1 -0
    outer loop
      vertex 86.0768 204.8 1038.89
      vertex 69.5217 204.8 1043.91
      vertex 88.2216 204.8 1047.45
    endloop
  endfacet
  facet normal 0 1 0
    outer loop
      vertex 86.0768 204.8 1038.89
      vertex 67.1199 204.8 1037.2
      vertex 69.5217 204.8 1043.91
    endloop
  endfacet
  facet normal 0 1 -0
    outer loop
      vertex 83.103 204.8 1030.58
      vertex 67.1199 204.8 1037.2
      vertex 86.0768 204.8 1038.89
    endloop
  endfacet
  facet normal 0 1 -0
    outer loop
      vertex 72.7013 204.8 1024.7
      vertex 67.1199 204.8 1037.2
      vertex 83.103 204.8 1030.58
    endloop
  endfacet
  facet normal 0 1 -0
    outer loop
      vertex 71.9249 204.8 1024.7
      vertex 67.1199 204.8 1037.2
      vertex 72.3131 204.8 1024.75
    endloop
  endfacet
  facet normal 0 1 0
    outer loop
      vertex 67.1199 204.8 1037.2
      vertex 71.9249 204.8 1024.7
      vertex 64.0716 204.8 1030.75
    endloop
  endfacet
  facet normal 0 1 -0
    outer loop
      vertex 71.5631 204.8 1024.55
      vertex 64.0716 204.8 1030.75
      vertex 71.9249 204.8 1024.7
    endloop
  endfacet
  facet normal 0 1 -0
    outer loop
      vertex 71.2525 204.8 1024.31
      vertex 64.0716 204.8 1030.75
      vertex 71.5631 204.8 1024.55
    endloop
  endfacet
  facet normal 0 1 -0
    outer loop
      vertex 71.0141 204.8 1024
      vertex 64.0716 204.8 1030.75
      vertex 71.2525 204.8 1024.31
    endloop
  endfacet
  facet normal 0 1 -0
    outer loop
      vertex 70.8642 204.8 1023.64
      vertex 64.0716 204.8 1030.75
      vertex 71.0141 204.8 1024
    endloop
  endfacet
  facet normal 0 1 0
    outer loop
      vertex 64.0716 204.8 1030.75
      vertex 70.8642 204.8 1023.64
      vertex 60.4063 204.8 1024.64
    endloop
  endfacet
  facet normal 0 1 -0
    outer loop
      vertex 70.8131 204.8 1023.25
      vertex 60.4063 204.8 1024.64
      vertex 70.8642 204.8 1023.64
    endloop
  endfacet
  facet normal 0 1 0
    outer loop
      vertex 70.8642 204.8 1022.86
      vertex 60.4063 204.8 1024.64
      vertex 70.8131 204.8 1023.25
    endloop
  endfacet
  facet normal 0 1 0
    outer loop
      vertex 71.0141 204.8 1022.5
      vertex 60.4063 204.8 1024.64
      vertex 70.8642 204.8 1022.86
    endloop
  endfacet
  facet normal 0 1 0
    outer loop
      vertex 71.2525 204.8 1022.19
      vertex 60.4063 204.8 1024.64
      vertex 71.0141 204.8 1022.5
    endloop
  endfacet
  facet normal 0 1 0
    outer loop
      vertex 56.1592 204.8 1018.91
      vertex 71.2525 204.8 1022.19
      vertex 71.5631 204.8 1021.95
    endloop
  endfacet
  facet normal 0 1 0
    outer loop
      vertex 56.1592 204.8 1018.91
      vertex 71.5631 204.8 1021.95
      vertex 71.9249 204.8 1021.8
    endloop
  endfacet
  facet normal 0 1 0
    outer loop
      vertex 71.2525 204.8 1022.19
      vertex 56.1592 204.8 1018.91
      vertex 60.4063 204.8 1024.64
    endloop
  endfacet
  facet normal 0 1 0
    outer loop
      vertex 56.1592 204.8 1018.91
      vertex 71.9249 204.8 1021.8
      vertex 72.3131 204.8 1021.75
    endloop
  endfacet
  facet normal -0.595739 0 0.803178
    outer loop
      vertex 49.9735 210 990.209
      vertex 57.0637 204.8 995.468
      vertex 57.0637 210 995.468
    endloop
  endfacet
  facet normal -0.595739 0 0.803178
    outer loop
      vertex 57.0637 204.8 995.468
      vertex 49.9735 210 990.209
      vertex 49.9735 204.8 990.209
    endloop
  endfacet
  facet normal -0.147259 0 -0.989098
    outer loop
      vertex 8.81664 204.8 1154.52
      vertex 17.5484 210 1153.22
      vertex 17.5484 204.8 1153.22
    endloop
  endfacet
  facet normal -0.147259 0 -0.989098
    outer loop
      vertex 17.5484 210 1153.22
      vertex 8.81664 204.8 1154.52
      vertex 8.81664 210 1154.52
    endloop
  endfacet
  facet normal -0.941528 0 0.336933
    outer loop
      vertex 83.103 204.8 1030.58
      vertex 86.0768 210 1038.89
      vertex 83.103 210 1030.58
    endloop
  endfacet
  facet normal -0.941528 0 0.336933
    outer loop
      vertex 86.0768 210 1038.89
      vertex 83.103 204.8 1030.58
      vertex 86.0768 204.8 1038.89
    endloop
  endfacet
  facet normal -0.740924 0 -0.671589
    outer loop
      vertex 69.5323 204.8 1122.06
      vertex 63.6043 210 1128.6
      vertex 69.5323 210 1122.06
    endloop
  endfacet
  facet normal -0.740924 -0 -0.671589
    outer loop
      vertex 63.6043 210 1128.6
      vertex 69.5323 204.8 1122.06
      vertex 63.6043 204.8 1128.6
    endloop
  endfacet
  facet normal -0.803202 0 -0.595706
    outer loop
      vertex 74.7907 204.8 1114.97
      vertex 69.5323 210 1122.06
      vertex 74.7907 210 1114.97
    endloop
  endfacet
  facet normal -0.803202 -0 -0.595706
    outer loop
      vertex 69.5323 210 1122.06
      vertex 74.7907 204.8 1114.97
      vertex 69.5323 204.8 1122.06
    endloop
  endfacet
  facet normal -0.941528 0 -0.336933
    outer loop
      vertex 86.0768 204.8 1091.11
      vertex 83.103 210 1099.42
      vertex 86.0768 210 1091.11
    endloop
  endfacet
  facet normal -0.941528 -0 -0.336933
    outer loop
      vertex 83.103 210 1099.42
      vertex 86.0768 204.8 1091.11
      vertex 83.103 204.8 1099.42
    endloop
  endfacet
  facet normal 0.903992 0 -0.42755
    outer loop
      vertex -79.3288 204.8 1107.4
      vertex -83.103 210 1099.42
      vertex -79.3288 210 1107.4
    endloop
  endfacet
  facet normal 0.903992 0 -0.42755
    outer loop
      vertex -83.103 210 1099.42
      vertex -79.3288 204.8 1107.4
      vertex -83.103 204.8 1099.42
    endloop
  endfacet
  facet normal 0.595739 0 0.803178
    outer loop
      vertex -57.0637 210 995.468
      vertex -49.9735 204.8 990.209
      vertex -49.9735 210 990.209
    endloop
  endfacet
  facet normal 0.595739 0 0.803178
    outer loop
      vertex -49.9735 204.8 990.209
      vertex -57.0637 210 995.468
      vertex -57.0637 204.8 995.468
    endloop
  endfacet
  facet normal 0.989171 -0 0.146767
    outer loop
      vertex -89.5169 204.8 1056.18
      vertex -88.2216 210 1047.45
      vertex -89.5169 210 1056.18
    endloop
  endfacet
  facet normal 0.989171 0 0.146767
    outer loop
      vertex -88.2216 210 1047.45
      vertex -89.5169 204.8 1056.18
      vertex -88.2216 204.8 1047.45
    endloop
  endfacet
  facet normal -0.242464 0 -0.97016
    outer loop
      vertex 17.5484 204.8 1153.22
      vertex 26.1111 210 1151.08
      vertex 26.1111 204.8 1151.08
    endloop
  endfacet
  facet normal -0.242464 0 -0.97016
    outer loop
      vertex 26.1111 210 1151.08
      vertex 17.5484 204.8 1153.22
      vertex 17.5484 210 1153.22
    endloop
  endfacet
  facet normal -0.970014 0 0.243048
    outer loop
      vertex 86.0768 204.8 1038.89
      vertex 88.2216 210 1047.45
      vertex 86.0768 210 1038.89
    endloop
  endfacet
  facet normal -0.970014 0 0.243048
    outer loop
      vertex 88.2216 210 1047.45
      vertex 86.0768 204.8 1038.89
      vertex 88.2216 204.8 1047.45
    endloop
  endfacet
  facet normal 0.740924 0 -0.671589
    outer loop
      vertex -63.6043 204.8 1128.6
      vertex -69.5323 210 1122.06
      vertex -63.6043 210 1128.6
    endloop
  endfacet
  facet normal 0.740924 0 -0.671589
    outer loop
      vertex -69.5323 210 1122.06
      vertex -63.6043 204.8 1128.6
      vertex -69.5323 204.8 1122.06
    endloop
  endfacet
  facet normal 0.857688 0 -0.514171
    outer loop
      vertex -74.7907 204.8 1114.97
      vertex -79.3288 210 1107.4
      vertex -74.7907 210 1114.97
    endloop
  endfacet
  facet normal 0.857688 0 -0.514171
    outer loop
      vertex -79.3288 210 1107.4
      vertex -74.7907 204.8 1114.97
      vertex -79.3288 204.8 1107.4
    endloop
  endfacet
  facet normal 0.336907 0 0.941538
    outer loop
      vertex -34.4224 210 981.897
      vertex -26.1111 204.8 978.923
      vertex -26.1111 210 978.923
    endloop
  endfacet
  facet normal 0.336907 0 0.941538
    outer loop
      vertex -26.1111 204.8 978.923
      vertex -34.4224 210 981.897
      vertex -34.4224 204.8 981.897
    endloop
  endfacet
  facet normal 0.514259 0 -0.857635
    outer loop
      vertex -49.9735 204.8 1139.79
      vertex -42.4021 210 1144.33
      vertex -42.4021 204.8 1144.33
    endloop
  endfacet
  facet normal 0.514259 0 -0.857635
    outer loop
      vertex -42.4021 210 1144.33
      vertex -49.9735 204.8 1139.79
      vertex -49.9735 210 1139.79
    endloop
  endfacet
  facet normal 0.941528 -0 0.336933
    outer loop
      vertex -86.0768 204.8 1038.89
      vertex -83.103 210 1030.58
      vertex -86.0768 210 1038.89
    endloop
  endfacet
  facet normal 0.941528 0 0.336933
    outer loop
      vertex -83.103 210 1030.58
      vertex -86.0768 204.8 1038.89
      vertex -83.103 204.8 1030.58
    endloop
  endfacet
  facet normal -0.595813 0 -0.803124
    outer loop
      vertex 49.9735 204.8 1139.79
      vertex 57.0637 210 1134.53
      vertex 57.0637 204.8 1134.53
    endloop
  endfacet
  facet normal -0.595813 0 -0.803124
    outer loop
      vertex 57.0637 210 1134.53
      vertex 49.9735 204.8 1139.79
      vertex 49.9735 210 1139.79
    endloop
  endfacet
  facet normal -0.740924 0 0.671589
    outer loop
      vertex 63.6043 204.8 1001.4
      vertex 69.5323 210 1007.94
      vertex 63.6043 210 1001.4
    endloop
  endfacet
  facet normal -0.740924 0 0.671589
    outer loop
      vertex 69.5323 210 1007.94
      vertex 63.6043 204.8 1001.4
      vertex 69.5323 204.8 1007.94
    endloop
  endfacet
  facet normal 0.803202 0 -0.595706
    outer loop
      vertex -69.5323 204.8 1122.06
      vertex -74.7907 210 1114.97
      vertex -69.5323 210 1122.06
    endloop
  endfacet
  facet normal 0.803202 0 -0.595706
    outer loop
      vertex -74.7907 210 1114.97
      vertex -69.5323 204.8 1122.06
      vertex -74.7907 204.8 1114.97
    endloop
  endfacet
  facet normal 0.514093 0 0.857735
    outer loop
      vertex -49.9735 210 990.209
      vertex -42.4021 204.8 985.671
      vertex -42.4021 210 985.671
    endloop
  endfacet
  facet normal 0.514093 0 0.857735
    outer loop
      vertex -42.4021 204.8 985.671
      vertex -49.9735 210 990.209
      vertex -49.9735 204.8 990.209
    endloop
  endfacet
  facet normal 0.989171 0 -0.146767
    outer loop
      vertex -88.2216 204.8 1082.55
      vertex -89.5169 210 1073.82
      vertex -88.2216 210 1082.55
    endloop
  endfacet
  facet normal 0.989171 0 -0.146767
    outer loop
      vertex -89.5169 210 1073.82
      vertex -88.2216 204.8 1082.55
      vertex -89.5169 204.8 1073.82
    endloop
  endfacet
  facet normal 0.903992 -0 0.42755
    outer loop
      vertex -83.103 204.8 1030.58
      vertex -79.3288 210 1022.6
      vertex -83.103 210 1030.58
    endloop
  endfacet
  facet normal 0.903992 0 0.42755
    outer loop
      vertex -79.3288 210 1022.6
      vertex -83.103 204.8 1030.58
      vertex -79.3288 204.8 1022.6
    endloop
  endfacet
  facet normal 0.67168 0 -0.740841
    outer loop
      vertex -63.6043 204.8 1128.6
      vertex -57.0637 210 1134.53
      vertex -57.0637 204.8 1134.53
    endloop
  endfacet
  facet normal 0.67168 0 -0.740841
    outer loop
      vertex -57.0637 210 1134.53
      vertex -63.6043 204.8 1128.6
      vertex -63.6043 210 1128.6
    endloop
  endfacet
  facet normal 0.803202 -0 0.595706
    outer loop
      vertex -74.7907 204.8 1015.03
      vertex -69.5323 210 1007.94
      vertex -74.7907 210 1015.03
    endloop
  endfacet
  facet normal 0.803202 0 0.595706
    outer loop
      vertex -69.5323 210 1007.94
      vertex -74.7907 204.8 1015.03
      vertex -69.5323 204.8 1007.94
    endloop
  endfacet
  facet normal 0.0487135 0 -0.998813
    outer loop
      vertex -8.81664 204.8 1154.52
      vertex 0 210 1154.95
      vertex 0 204.8 1154.95
    endloop
  endfacet
  facet normal 0.0487135 0 -0.998813
    outer loop
      vertex 0 210 1154.95
      vertex -8.81664 204.8 1154.52
      vertex -8.81664 210 1154.52
    endloop
  endfacet
  facet normal 0.998797 -0 0.0490452
    outer loop
      vertex -89.95 204.8 1065
      vertex -89.5169 210 1056.18
      vertex -89.95 210 1065
    endloop
  endfacet
  facet normal 0.998797 0 0.0490452
    outer loop
      vertex -89.5169 210 1056.18
      vertex -89.95 204.8 1065
      vertex -89.5169 204.8 1056.18
    endloop
  endfacet
  facet normal -0.67168 0 -0.740841
    outer loop
      vertex 57.0637 204.8 1134.53
      vertex 63.6043 210 1128.6
      vertex 63.6043 204.8 1128.6
    endloop
  endfacet
  facet normal -0.67168 0 -0.740841
    outer loop
      vertex 63.6043 210 1128.6
      vertex 57.0637 204.8 1134.53
      vertex 57.0637 210 1134.53
    endloop
  endfacet
  facet normal -0.92383 0 0.382803
    outer loop
      vertex -104.701 193 836.25
      vertex -104.551 205 836.612
      vertex -104.701 205 836.25
    endloop
  endfacet
  facet normal -0.92383 0 0.382803
    outer loop
      vertex -104.551 205 836.612
      vertex -104.701 193 836.25
      vertex -104.551 193 836.612
    endloop
  endfacet
  facet normal -0.991472 0 0.130322
    outer loop
      vertex -104.551 193 836.612
      vertex -104.5 205 837
      vertex -104.551 205 836.612
    endloop
  endfacet
  facet normal -0.991472 0 0.130322
    outer loop
      vertex -104.5 205 837
      vertex -104.551 193 836.612
      vertex -104.5 193 837
    endloop
  endfacet
  facet normal -0.607734 0 -0.79414
    outer loop
      vertex -105.25 193 838.299
      vertex -104.939 205 838.061
      vertex -104.939 193 838.061
    endloop
  endfacet
  facet normal -0.607734 0 -0.79414
    outer loop
      vertex -104.939 205 838.061
      vertex -105.25 193 838.299
      vertex -105.25 205 838.299
    endloop
  endfacet
  facet normal 0.382803 0 0.92383
    outer loop
      vertex -106.75 205 835.701
      vertex -106.388 193 835.551
      vertex -106.388 205 835.551
    endloop
  endfacet
  facet normal 0.382803 0 0.92383
    outer loop
      vertex -106.388 193 835.551
      vertex -106.75 205 835.701
      vertex -106.75 193 835.701
    endloop
  endfacet
  facet normal 0.607734 0 -0.79414
    outer loop
      vertex -107.061 193 838.061
      vertex -106.75 205 838.299
      vertex -106.75 193 838.299
    endloop
  endfacet
  facet normal 0.607734 0 -0.79414
    outer loop
      vertex -106.75 205 838.299
      vertex -107.061 193 838.061
      vertex -107.061 205 838.061
    endloop
  endfacet
  facet normal 0.79414 -0 0.607734
    outer loop
      vertex -107.299 193 836.25
      vertex -107.061 205 835.939
      vertex -107.299 205 836.25
    endloop
  endfacet
  facet normal 0.79414 0 0.607734
    outer loop
      vertex -107.061 205 835.939
      vertex -107.299 193 836.25
      vertex -107.061 193 835.939
    endloop
  endfacet
  facet normal 0.991472 0 -0.130322
    outer loop
      vertex -107.449 193 837.388
      vertex -107.5 205 837
      vertex -107.449 205 837.388
    endloop
  endfacet
  facet normal 0.991472 0 -0.130322
    outer loop
      vertex -107.5 205 837
      vertex -107.449 193 837.388
      vertex -107.5 193 837
    endloop
  endfacet
  facet normal -0.79414 0 -0.607734
    outer loop
      vertex -104.701 193 837.75
      vertex -104.939 205 838.061
      vertex -104.701 205 837.75
    endloop
  endfacet
  facet normal -0.79414 -0 -0.607734
    outer loop
      vertex -104.939 205 838.061
      vertex -104.701 193 837.75
      vertex -104.939 193 838.061
    endloop
  endfacet
  facet normal -0.79414 0 0.607734
    outer loop
      vertex -104.939 193 835.939
      vertex -104.701 205 836.25
      vertex -104.939 205 835.939
    endloop
  endfacet
  facet normal -0.79414 0 0.607734
    outer loop
      vertex -104.701 205 836.25
      vertex -104.939 193 835.939
      vertex -104.701 193 836.25
    endloop
  endfacet
  facet normal -0.92383 0 -0.382803
    outer loop
      vertex -104.551 193 837.388
      vertex -104.701 205 837.75
      vertex -104.551 205 837.388
    endloop
  endfacet
  facet normal -0.92383 -0 -0.382803
    outer loop
      vertex -104.701 205 837.75
      vertex -104.551 193 837.388
      vertex -104.701 193 837.75
    endloop
  endfacet
  facet normal -0.382803 0 -0.92383
    outer loop
      vertex -105.612 193 838.449
      vertex -105.25 205 838.299
      vertex -105.25 193 838.299
    endloop
  endfacet
  facet normal -0.382803 0 -0.92383
    outer loop
      vertex -105.25 205 838.299
      vertex -105.612 193 838.449
      vertex -105.612 205 838.449
    endloop
  endfacet
  facet normal -0.382803 0 0.92383
    outer loop
      vertex -105.612 205 835.551
      vertex -105.25 193 835.701
      vertex -105.25 205 835.701
    endloop
  endfacet
  facet normal -0.382803 0 0.92383
    outer loop
      vertex -105.25 193 835.701
      vertex -105.612 205 835.551
      vertex -105.612 193 835.551
    endloop
  endfacet
  facet normal -0.991472 0 -0.130322
    outer loop
      vertex -104.5 193 837
      vertex -104.551 205 837.388
      vertex -104.5 205 837
    endloop
  endfacet
  facet normal -0.991472 -0 -0.130322
    outer loop
      vertex -104.551 205 837.388
      vertex -104.5 193 837
      vertex -104.551 193 837.388
    endloop
  endfacet
  facet normal 0.92383 -0 0.382803
    outer loop
      vertex -107.449 193 836.612
      vertex -107.299 205 836.25
      vertex -107.449 205 836.612
    endloop
  endfacet
  facet normal 0.92383 0 0.382803
    outer loop
      vertex -107.299 205 836.25
      vertex -107.449 193 836.612
      vertex -107.299 193 836.25
    endloop
  endfacet
  facet normal 0.130322 0 0.991472
    outer loop
      vertex -106.388 205 835.551
      vertex -106 193 835.5
      vertex -106 205 835.5
    endloop
  endfacet
  facet normal 0.130322 0 0.991472
    outer loop
      vertex -106 193 835.5
      vertex -106.388 205 835.551
      vertex -106.388 193 835.551
    endloop
  endfacet
  facet normal 0.607734 0 0.79414
    outer loop
      vertex -107.061 205 835.939
      vertex -106.75 193 835.701
      vertex -106.75 205 835.701
    endloop
  endfacet
  facet normal 0.607734 0 0.79414
    outer loop
      vertex -106.75 193 835.701
      vertex -107.061 205 835.939
      vertex -107.061 193 835.939
    endloop
  endfacet
  facet normal 0.79414 0 -0.607734
    outer loop
      vertex -107.061 193 838.061
      vertex -107.299 205 837.75
      vertex -107.061 205 838.061
    endloop
  endfacet
  facet normal 0.79414 0 -0.607734
    outer loop
      vertex -107.299 205 837.75
      vertex -107.061 193 838.061
      vertex -107.299 193 837.75
    endloop
  endfacet
  facet normal -0.130322 0 -0.991472
    outer loop
      vertex -106 193 838.5
      vertex -105.612 205 838.449
      vertex -105.612 193 838.449
    endloop
  endfacet
  facet normal -0.130322 0 -0.991472
    outer loop
      vertex -105.612 205 838.449
      vertex -106 193 838.5
      vertex -106 205 838.5
    endloop
  endfacet
  facet normal 0.382803 0 -0.92383
    outer loop
      vertex -106.75 193 838.299
      vertex -106.388 205 838.449
      vertex -106.388 193 838.449
    endloop
  endfacet
  facet normal 0.382803 0 -0.92383
    outer loop
      vertex -106.388 205 838.449
      vertex -106.75 193 838.299
      vertex -106.75 205 838.299
    endloop
  endfacet
  facet normal 0.130322 0 -0.991472
    outer loop
      vertex -106.388 193 838.449
      vertex -106 205 838.5
      vertex -106 193 838.5
    endloop
  endfacet
  facet normal 0.130322 0 -0.991472
    outer loop
      vertex -106 205 838.5
      vertex -106.388 193 838.449
      vertex -106.388 205 838.449
    endloop
  endfacet
  facet normal -0.607734 0 0.79414
    outer loop
      vertex -105.25 205 835.701
      vertex -104.939 193 835.939
      vertex -104.939 205 835.939
    endloop
  endfacet
  facet normal -0.607734 0 0.79414
    outer loop
      vertex -104.939 193 835.939
      vertex -105.25 205 835.701
      vertex -105.25 193 835.701
    endloop
  endfacet
  facet normal 0.991472 -0 0.130322
    outer loop
      vertex -107.5 193 837
      vertex -107.449 205 836.612
      vertex -107.5 205 837
    endloop
  endfacet
  facet normal 0.991472 0 0.130322
    outer loop
      vertex -107.449 205 836.612
      vertex -107.5 193 837
      vertex -107.449 193 836.612
    endloop
  endfacet
  facet normal -0.130322 0 0.991472
    outer loop
      vertex -106 205 835.5
      vertex -105.612 193 835.551
      vertex -105.612 205 835.551
    endloop
  endfacet
  facet normal -0.130322 0 0.991472
    outer loop
      vertex -105.612 193 835.551
      vertex -106 205 835.5
      vertex -106 193 835.5
    endloop
  endfacet
  facet normal 0.92383 0 -0.382803
    outer loop
      vertex -107.299 193 837.75
      vertex -107.449 205 837.388
      vertex -107.299 205 837.75
    endloop
  endfacet
  facet normal 0.92383 0 -0.382803
    outer loop
      vertex -107.449 205 837.388
      vertex -107.299 193 837.75
      vertex -107.449 193 837.388
    endloop
  endfacet
  facet normal 0 1 0
    outer loop
      vertex -105.612 193 838.449
      vertex -106.388 193 838.449
      vertex -106 193 838.5
    endloop
  endfacet
  facet normal 0 1 0
    outer loop
      vertex -105.25 193 838.299
      vertex -106.388 193 838.449
      vertex -105.612 193 838.449
    endloop
  endfacet
  facet normal 0 1 0
    outer loop
      vertex -105.25 193 838.299
      vertex -106.75 193 838.299
      vertex -106.388 193 838.449
    endloop
  endfacet
  facet normal 0 1 0
    outer loop
      vertex -104.939 193 838.061
      vertex -106.75 193 838.299
      vertex -105.25 193 838.299
    endloop
  endfacet
  facet normal 0 1 0
    outer loop
      vertex -104.939 193 838.061
      vertex -107.061 193 838.061
      vertex -106.75 193 838.299
    endloop
  endfacet
  facet normal 0 1 0
    outer loop
      vertex -104.701 193 837.75
      vertex -107.061 193 838.061
      vertex -104.939 193 838.061
    endloop
  endfacet
  facet normal 0 1 0
    outer loop
      vertex -104.701 193 837.75
      vertex -107.299 193 837.75
      vertex -107.061 193 838.061
    endloop
  endfacet
  facet normal 0 1 0
    outer loop
      vertex -104.551 193 837.388
      vertex -107.299 193 837.75
      vertex -104.701 193 837.75
    endloop
  endfacet
  facet normal 0 1 0
    outer loop
      vertex -104.551 193 837.388
      vertex -107.449 193 837.388
      vertex -107.299 193 837.75
    endloop
  endfacet
  facet normal 0 1 0
    outer loop
      vertex -104.5 193 837
      vertex -107.449 193 837.388
      vertex -104.551 193 837.388
    endloop
  endfacet
  facet normal 0 1 0
    outer loop
      vertex -104.5 193 837
      vertex -107.5 193 837
      vertex -107.449 193 837.388
    endloop
  endfacet
  facet normal 0 1 -0
    outer loop
      vertex -104.551 193 836.612
      vertex -107.5 193 837
      vertex -104.5 193 837
    endloop
  endfacet
  facet normal 0 1 0
    outer loop
      vertex -104.551 193 836.612
      vertex -107.449 193 836.612
      vertex -107.5 193 837
    endloop
  endfacet
  facet normal 0 1 -0
    outer loop
      vertex -104.701 193 836.25
      vertex -107.449 193 836.612
      vertex -104.551 193 836.612
    endloop
  endfacet
  facet normal 0 1 0
    outer loop
      vertex -104.701 193 836.25
      vertex -107.299 193 836.25
      vertex -107.449 193 836.612
    endloop
  endfacet
  facet normal 0 1 -0
    outer loop
      vertex -104.939 193 835.939
      vertex -107.299 193 836.25
      vertex -104.701 193 836.25
    endloop
  endfacet
  facet normal 0 1 0
    outer loop
      vertex -104.939 193 835.939
      vertex -107.061 193 835.939
      vertex -107.299 193 836.25
    endloop
  endfacet
  facet normal 0 1 -0
    outer loop
      vertex -105.25 193 835.701
      vertex -107.061 193 835.939
      vertex -104.939 193 835.939
    endloop
  endfacet
  facet normal 0 1 0
    outer loop
      vertex -105.25 193 835.701
      vertex -106.75 193 835.701
      vertex -107.061 193 835.939
    endloop
  endfacet
  facet normal 0 1 -0
    outer loop
      vertex -105.612 193 835.551
      vertex -106.75 193 835.701
      vertex -105.25 193 835.701
    endloop
  endfacet
  facet normal 0 1 0
    outer loop
      vertex -105.612 193 835.551
      vertex -106.388 193 835.551
      vertex -106.75 193 835.701
    endloop
  endfacet
  facet normal -0 1 0
    outer loop
      vertex -106.388 193 835.551
      vertex -105.612 193 835.551
      vertex -106 193 835.5
    endloop
  endfacet
  facet normal -0.991472 0 0.130322
    outer loop
      vertex -104.551 193 964.612
      vertex -104.5 205 965
      vertex -104.551 205 964.612
    endloop
  endfacet
  facet normal -0.991472 0 0.130322
    outer loop
      vertex -104.5 205 965
      vertex -104.551 193 964.612
      vertex -104.5 193 965
    endloop
  endfacet
  facet normal 0.79414 -0 0.607734
    outer loop
      vertex -107.299 193 964.25
      vertex -107.061 205 963.939
      vertex -107.299 205 964.25
    endloop
  endfacet
  facet normal 0.79414 0 0.607734
    outer loop
      vertex -107.061 205 963.939
      vertex -107.299 193 964.25
      vertex -107.061 193 963.939
    endloop
  endfacet
  facet normal -0.382803 0 0.92383
    outer loop
      vertex -105.612 205 963.551
      vertex -105.25 193 963.701
      vertex -105.25 205 963.701
    endloop
  endfacet
  facet normal -0.382803 0 0.92383
    outer loop
      vertex -105.25 193 963.701
      vertex -105.612 205 963.551
      vertex -105.612 193 963.551
    endloop
  endfacet
  facet normal -0.382803 0 -0.92383
    outer loop
      vertex -105.612 193 966.449
      vertex -105.25 205 966.299
      vertex -105.25 193 966.299
    endloop
  endfacet
  facet normal -0.382803 0 -0.92383
    outer loop
      vertex -105.25 205 966.299
      vertex -105.612 193 966.449
      vertex -105.612 205 966.449
    endloop
  endfacet
  facet normal 0.607734 0 0.79414
    outer loop
      vertex -107.061 205 963.939
      vertex -106.75 193 963.701
      vertex -106.75 205 963.701
    endloop
  endfacet
  facet normal 0.607734 0 0.79414
    outer loop
      vertex -106.75 193 963.701
      vertex -107.061 205 963.939
      vertex -107.061 193 963.939
    endloop
  endfacet
  facet normal 0.382803 0 -0.92383
    outer loop
      vertex -106.75 193 966.299
      vertex -106.388 205 966.449
      vertex -106.388 193 966.449
    endloop
  endfacet
  facet normal 0.382803 0 -0.92383
    outer loop
      vertex -106.388 205 966.449
      vertex -106.75 193 966.299
      vertex -106.75 205 966.299
    endloop
  endfacet
  facet normal -0.991472 0 -0.130322
    outer loop
      vertex -104.5 193 965
      vertex -104.551 205 965.388
      vertex -104.5 205 965
    endloop
  endfacet
  facet normal -0.991472 -0 -0.130322
    outer loop
      vertex -104.551 205 965.388
      vertex -104.5 193 965
      vertex -104.551 193 965.388
    endloop
  endfacet
  facet normal -0.92383 0 -0.382803
    outer loop
      vertex -104.551 193 965.388
      vertex -104.701 205 965.75
      vertex -104.551 205 965.388
    endloop
  endfacet
  facet normal -0.92383 -0 -0.382803
    outer loop
      vertex -104.701 205 965.75
      vertex -104.551 193 965.388
      vertex -104.701 193 965.75
    endloop
  endfacet
  facet normal -0.130322 0 -0.991472
    outer loop
      vertex -106 193 966.5
      vertex -105.612 205 966.449
      vertex -105.612 193 966.449
    endloop
  endfacet
  facet normal -0.130322 0 -0.991472
    outer loop
      vertex -105.612 205 966.449
      vertex -106 193 966.5
      vertex -106 205 966.5
    endloop
  endfacet
  facet normal -0.607734 0 -0.79414
    outer loop
      vertex -105.25 193 966.299
      vertex -104.939 205 966.061
      vertex -104.939 193 966.061
    endloop
  endfacet
  facet normal -0.607734 0 -0.79414
    outer loop
      vertex -104.939 205 966.061
      vertex -105.25 193 966.299
      vertex -105.25 205 966.299
    endloop
  endfacet
  facet normal -0.92383 0 0.382803
    outer loop
      vertex -104.701 193 964.25
      vertex -104.551 205 964.612
      vertex -104.701 205 964.25
    endloop
  endfacet
  facet normal -0.92383 0 0.382803
    outer loop
      vertex -104.551 205 964.612
      vertex -104.701 193 964.25
      vertex -104.551 193 964.612
    endloop
  endfacet
  facet normal -0.130322 0 0.991472
    outer loop
      vertex -106 205 963.5
      vertex -105.612 193 963.551
      vertex -105.612 205 963.551
    endloop
  endfacet
  facet normal -0.130322 0 0.991472
    outer loop
      vertex -105.612 193 963.551
      vertex -106 205 963.5
      vertex -106 193 963.5
    endloop
  endfacet
  facet normal 0.991472 -0 0.130322
    outer loop
      vertex -107.5 193 965
      vertex -107.449 205 964.612
      vertex -107.5 205 965
    endloop
  endfacet
  facet normal 0.991472 0 0.130322
    outer loop
      vertex -107.449 205 964.612
      vertex -107.5 193 965
      vertex -107.449 193 964.612
    endloop
  endfacet
  facet normal -0.79414 0 -0.607734
    outer loop
      vertex -104.701 193 965.75
      vertex -104.939 205 966.061
      vertex -104.701 205 965.75
    endloop
  endfacet
  facet normal -0.79414 -0 -0.607734
    outer loop
      vertex -104.939 205 966.061
      vertex -104.701 193 965.75
      vertex -104.939 193 966.061
    endloop
  endfacet
  facet normal 0.607734 0 -0.79414
    outer loop
      vertex -107.061 193 966.061
      vertex -106.75 205 966.299
      vertex -106.75 193 966.299
    endloop
  endfacet
  facet normal 0.607734 0 -0.79414
    outer loop
      vertex -106.75 205 966.299
      vertex -107.061 193 966.061
      vertex -107.061 205 966.061
    endloop
  endfacet
  facet normal 0.382803 0 0.92383
    outer loop
      vertex -106.75 205 963.701
      vertex -106.388 193 963.551
      vertex -106.388 205 963.551
    endloop
  endfacet
  facet normal 0.382803 0 0.92383
    outer loop
      vertex -106.388 193 963.551
      vertex -106.75 205 963.701
      vertex -106.75 193 963.701
    endloop
  endfacet
  facet normal 0.130322 0 0.991472
    outer loop
      vertex -106.388 205 963.551
      vertex -106 193 963.5
      vertex -106 205 963.5
    endloop
  endfacet
  facet normal 0.130322 0 0.991472
    outer loop
      vertex -106 193 963.5
      vertex -106.388 205 963.551
      vertex -106.388 193 963.551
    endloop
  endfacet
  facet normal 0.130322 0 -0.991472
    outer loop
      vertex -106.388 193 966.449
      vertex -106 205 966.5
      vertex -106 193 966.5
    endloop
  endfacet
  facet normal 0.130322 0 -0.991472
    outer loop
      vertex -106 205 966.5
      vertex -106.388 193 966.449
      vertex -106.388 205 966.449
    endloop
  endfacet
  facet normal 0.92383 -0 0.382803
    outer loop
      vertex -107.449 193 964.612
      vertex -107.299 205 964.25
      vertex -107.449 205 964.612
    endloop
  endfacet
  facet normal 0.92383 0 0.382803
    outer loop
      vertex -107.299 205 964.25
      vertex -107.449 193 964.612
      vertex -107.299 193 964.25
    endloop
  endfacet
  facet normal -0.79414 0 0.607734
    outer loop
      vertex -104.939 193 963.939
      vertex -104.701 205 964.25
      vertex -104.939 205 963.939
    endloop
  endfacet
  facet normal -0.79414 0 0.607734
    outer loop
      vertex -104.701 205 964.25
      vertex -104.939 193 963.939
      vertex -104.701 193 964.25
    endloop
  endfacet
  facet normal 0.79414 0 -0.607734
    outer loop
      vertex -107.061 193 966.061
      vertex -107.299 205 965.75
      vertex -107.061 205 966.061
    endloop
  endfacet
  facet normal 0.79414 0 -0.607734
    outer loop
      vertex -107.299 205 965.75
      vertex -107.061 193 966.061
      vertex -107.299 193 965.75
    endloop
  endfacet
  facet normal -0.607734 0 0.79414
    outer loop
      vertex -105.25 205 963.701
      vertex -104.939 193 963.939
      vertex -104.939 205 963.939
    endloop
  endfacet
  facet normal -0.607734 0 0.79414
    outer loop
      vertex -104.939 193 963.939
      vertex -105.25 205 963.701
      vertex -105.25 193 963.701
    endloop
  endfacet
  facet normal 0.92383 0 -0.382803
    outer loop
      vertex -107.299 193 965.75
      vertex -107.449 205 965.388
      vertex -107.299 205 965.75
    endloop
  endfacet
  facet normal 0.92383 0 -0.382803
    outer loop
      vertex -107.449 205 965.388
      vertex -107.299 193 965.75
      vertex -107.449 193 965.388
    endloop
  endfacet
  facet normal 0.991472 0 -0.130322
    outer loop
      vertex -107.449 193 965.388
      vertex -107.5 205 965
      vertex -107.449 205 965.388
    endloop
  endfacet
  facet normal 0.991472 0 -0.130322
    outer loop
      vertex -107.5 205 965
      vertex -107.449 193 965.388
      vertex -107.5 193 965
    endloop
  endfacet
  facet normal 0 1 0
    outer loop
      vertex -105.612 193 966.449
      vertex -106.388 193 966.449
      vertex -106 193 966.5
    endloop
  endfacet
  facet normal 0 1 0
    outer loop
      vertex -105.25 193 966.299
      vertex -106.388 193 966.449
      vertex -105.612 193 966.449
    endloop
  endfacet
  facet normal 0 1 0
    outer loop
      vertex -105.25 193 966.299
      vertex -106.75 193 966.299
      vertex -106.388 193 966.449
    endloop
  endfacet
  facet normal 0 1 0
    outer loop
      vertex -104.939 193 966.061
      vertex -106.75 193 966.299
      vertex -105.25 193 966.299
    endloop
  endfacet
  facet normal 0 1 0
    outer loop
      vertex -104.939 193 966.061
      vertex -107.061 193 966.061
      vertex -106.75 193 966.299
    endloop
  endfacet
  facet normal 0 1 0
    outer loop
      vertex -104.701 193 965.75
      vertex -107.061 193 966.061
      vertex -104.939 193 966.061
    endloop
  endfacet
  facet normal 0 1 0
    outer loop
      vertex -104.701 193 965.75
      vertex -107.299 193 965.75
      vertex -107.061 193 966.061
    endloop
  endfacet
  facet normal 0 1 0
    outer loop
      vertex -104.551 193 965.388
      vertex -107.299 193 965.75
      vertex -104.701 193 965.75
    endloop
  endfacet
  facet normal 0 1 0
    outer loop
      vertex -104.551 193 965.388
      vertex -107.449 193 965.388
      vertex -107.299 193 965.75
    endloop
  endfacet
  facet normal 0 1 0
    outer loop
      vertex -104.5 193 965
      vertex -107.449 193 965.388
      vertex -104.551 193 965.388
    endloop
  endfacet
  facet normal 0 1 0
    outer loop
      vertex -104.5 193 965
      vertex -107.5 193 965
      vertex -107.449 193 965.388
    endloop
  endfacet
  facet normal 0 1 -0
    outer loop
      vertex -104.551 193 964.612
      vertex -107.5 193 965
      vertex -104.5 193 965
    endloop
  endfacet
  facet normal 0 1 0
    outer loop
      vertex -104.551 193 964.612
      vertex -107.449 193 964.612
      vertex -107.5 193 965
    endloop
  endfacet
  facet normal 0 1 -0
    outer loop
      vertex -104.701 193 964.25
      vertex -107.449 193 964.612
      vertex -104.551 193 964.612
    endloop
  endfacet
  facet normal 0 1 0
    outer loop
      vertex -104.701 193 964.25
      vertex -107.299 193 964.25
      vertex -107.449 193 964.612
    endloop
  endfacet
  facet normal 0 1 -0
    outer loop
      vertex -104.939 193 963.939
      vertex -107.299 193 964.25
      vertex -104.701 193 964.25
    endloop
  endfacet
  facet normal 0 1 0
    outer loop
      vertex -104.939 193 963.939
      vertex -107.061 193 963.939
      vertex -107.299 193 964.25
    endloop
  endfacet
  facet normal 0 1 -0
    outer loop
      vertex -105.25 193 963.701
      vertex -107.061 193 963.939
      vertex -104.939 193 963.939
    endloop
  endfacet
  facet normal 0 1 0
    outer loop
      vertex -105.25 193 963.701
      vertex -106.75 193 963.701
      vertex -107.061 193 963.939
    endloop
  endfacet
  facet normal 0 1 -0
    outer loop
      vertex -105.612 193 963.551
      vertex -106.75 193 963.701
      vertex -105.25 193 963.701
    endloop
  endfacet
  facet normal 0 1 0
    outer loop
      vertex -105.612 193 963.551
      vertex -106.388 193 963.551
      vertex -106.75 193 963.701
    endloop
  endfacet
  facet normal -0 1 0
    outer loop
      vertex -106.388 193 963.551
      vertex -105.612 193 963.551
      vertex -106 193 963.5
    endloop
  endfacet
  facet normal 0.991472 0 -0.130322
    outer loop
      vertex 104.551 193 837.388
      vertex 104.5 205 837
      vertex 104.551 205 837.388
    endloop
  endfacet
  facet normal 0.991472 0 -0.130322
    outer loop
      vertex 104.5 205 837
      vertex 104.551 193 837.388
      vertex 104.5 193 837
    endloop
  endfacet
  facet normal -0.991472 0 0.130322
    outer loop
      vertex 107.449 193 836.612
      vertex 107.5 205 837
      vertex 107.449 205 836.612
    endloop
  endfacet
  facet normal -0.991472 0 0.130322
    outer loop
      vertex 107.5 205 837
      vertex 107.449 193 836.612
      vertex 107.5 193 837
    endloop
  endfacet
  facet normal -0.92383 0 0.382803
    outer loop
      vertex 107.299 193 836.25
      vertex 107.449 205 836.612
      vertex 107.299 205 836.25
    endloop
  endfacet
  facet normal -0.92383 0 0.382803
    outer loop
      vertex 107.449 205 836.612
      vertex 107.299 193 836.25
      vertex 107.449 193 836.612
    endloop
  endfacet
  facet normal -0.382803 0 -0.92383
    outer loop
      vertex 106.388 193 838.449
      vertex 106.75 205 838.299
      vertex 106.75 193 838.299
    endloop
  endfacet
  facet normal -0.382803 0 -0.92383
    outer loop
      vertex 106.75 205 838.299
      vertex 106.388 193 838.449
      vertex 106.388 205 838.449
    endloop
  endfacet
  facet normal 0.92383 -0 0.382803
    outer loop
      vertex 104.551 193 836.612
      vertex 104.701 205 836.25
      vertex 104.551 205 836.612
    endloop
  endfacet
  facet normal 0.92383 0 0.382803
    outer loop
      vertex 104.701 205 836.25
      vertex 104.551 193 836.612
      vertex 104.701 193 836.25
    endloop
  endfacet
  facet normal -0.79414 0 0.607734
    outer loop
      vertex 107.061 193 835.939
      vertex 107.299 205 836.25
      vertex 107.061 205 835.939
    endloop
  endfacet
  facet normal -0.79414 0 0.607734
    outer loop
      vertex 107.299 205 836.25
      vertex 107.061 193 835.939
      vertex 107.299 193 836.25
    endloop
  endfacet
  facet normal 0.607734 0 0.79414
    outer loop
      vertex 104.939 205 835.939
      vertex 105.25 193 835.701
      vertex 105.25 205 835.701
    endloop
  endfacet
  facet normal 0.607734 0 0.79414
    outer loop
      vertex 105.25 193 835.701
      vertex 104.939 205 835.939
      vertex 104.939 193 835.939
    endloop
  endfacet
  facet normal -0.130322 0 -0.991472
    outer loop
      vertex 106 193 838.5
      vertex 106.388 205 838.449
      vertex 106.388 193 838.449
    endloop
  endfacet
  facet normal -0.130322 0 -0.991472
    outer loop
      vertex 106.388 205 838.449
      vertex 106 193 838.5
      vertex 106 205 838.5
    endloop
  endfacet
  facet normal -0.130322 0 0.991472
    outer loop
      vertex 106 205 835.5
      vertex 106.388 193 835.551
      vertex 106.388 205 835.551
    endloop
  endfacet
  facet normal -0.130322 0 0.991472
    outer loop
      vertex 106.388 193 835.551
      vertex 106 205 835.5
      vertex 106 193 835.5
    endloop
  endfacet
  facet normal 0.130322 0 -0.991472
    outer loop
      vertex 105.612 193 838.449
      vertex 106 205 838.5
      vertex 106 193 838.5
    endloop
  endfacet
  facet normal 0.130322 0 -0.991472
    outer loop
      vertex 106 205 838.5
      vertex 105.612 193 838.449
      vertex 105.612 205 838.449
    endloop
  endfacet
  facet normal 0.92383 0 -0.382803
    outer loop
      vertex 104.701 193 837.75
      vertex 104.551 205 837.388
      vertex 104.701 205 837.75
    endloop
  endfacet
  facet normal 0.92383 0 -0.382803
    outer loop
      vertex 104.551 205 837.388
      vertex 104.701 193 837.75
      vertex 104.551 193 837.388
    endloop
  endfacet
  facet normal -0.607734 0 0.79414
    outer loop
      vertex 106.75 205 835.701
      vertex 107.061 193 835.939
      vertex 107.061 205 835.939
    endloop
  endfacet
  facet normal -0.607734 0 0.79414
    outer loop
      vertex 107.061 193 835.939
      vertex 106.75 205 835.701
      vertex 106.75 193 835.701
    endloop
  endfacet
  facet normal -0.382803 0 0.92383
    outer loop
      vertex 106.388 205 835.551
      vertex 106.75 193 835.701
      vertex 106.75 205 835.701
    endloop
  endfacet
  facet normal -0.382803 0 0.92383
    outer loop
      vertex 106.75 193 835.701
      vertex 106.388 205 835.551
      vertex 106.388 193 835.551
    endloop
  endfacet
  facet normal 0.382803 0 0.92383
    outer loop
      vertex 105.25 205 835.701
      vertex 105.612 193 835.551
      vertex 105.612 205 835.551
    endloop
  endfacet
  facet normal 0.382803 0 0.92383
    outer loop
      vertex 105.612 193 835.551
      vertex 105.25 205 835.701
      vertex 105.25 193 835.701
    endloop
  endfacet
  facet normal 0.130322 0 0.991472
    outer loop
      vertex 105.612 205 835.551
      vertex 106 193 835.5
      vertex 106 205 835.5
    endloop
  endfacet
  facet normal 0.130322 0 0.991472
    outer loop
      vertex 106 193 835.5
      vertex 105.612 205 835.551
      vertex 105.612 193 835.551
    endloop
  endfacet
  facet normal 0.382803 0 -0.92383
    outer loop
      vertex 105.25 193 838.299
      vertex 105.612 205 838.449
      vertex 105.612 193 838.449
    endloop
  endfacet
  facet normal 0.382803 0 -0.92383
    outer loop
      vertex 105.612 205 838.449
      vertex 105.25 193 838.299
      vertex 105.25 205 838.299
    endloop
  endfacet
  facet normal 0 1 0
    outer loop
      vertex 106.388 193 838.449
      vertex 105.612 193 838.449
      vertex 106 193 838.5
    endloop
  endfacet
  facet normal 0 1 0
    outer loop
      vertex 106.75 193 838.299
      vertex 105.612 193 838.449
      vertex 106.388 193 838.449
    endloop
  endfacet
  facet normal 0 1 0
    outer loop
      vertex 106.75 193 838.299
      vertex 105.25 193 838.299
      vertex 105.612 193 838.449
    endloop
  endfacet
  facet normal 0 1 0
    outer loop
      vertex 107.061 193 838.061
      vertex 105.25 193 838.299
      vertex 106.75 193 838.299
    endloop
  endfacet
  facet normal 0 1 0
    outer loop
      vertex 107.061 193 838.061
      vertex 104.939 193 838.061
      vertex 105.25 193 838.299
    endloop
  endfacet
  facet normal 0 1 0
    outer loop
      vertex 107.299 193 837.75
      vertex 104.939 193 838.061
      vertex 107.061 193 838.061
    endloop
  endfacet
  facet normal 0 1 0
    outer loop
      vertex 107.299 193 837.75
      vertex 104.701 193 837.75
      vertex 104.939 193 838.061
    endloop
  endfacet
  facet normal 0 1 0
    outer loop
      vertex 107.449 193 837.388
      vertex 104.701 193 837.75
      vertex 107.299 193 837.75
    endloop
  endfacet
  facet normal 0 1 0
    outer loop
      vertex 107.449 193 837.388
      vertex 104.551 193 837.388
      vertex 104.701 193 837.75
    endloop
  endfacet
  facet normal 0 1 0
    outer loop
      vertex 107.5 193 837
      vertex 104.551 193 837.388
      vertex 107.449 193 837.388
    endloop
  endfacet
  facet normal 0 1 0
    outer loop
      vertex 107.5 193 837
      vertex 104.5 193 837
      vertex 104.551 193 837.388
    endloop
  endfacet
  facet normal 0 1 -0
    outer loop
      vertex 107.449 193 836.612
      vertex 104.5 193 837
      vertex 107.5 193 837
    endloop
  endfacet
  facet normal 0 1 0
    outer loop
      vertex 107.449 193 836.612
      vertex 104.551 193 836.612
      vertex 104.5 193 837
    endloop
  endfacet
  facet normal 0 1 -0
    outer loop
      vertex 107.299 193 836.25
      vertex 104.551 193 836.612
      vertex 107.449 193 836.612
    endloop
  endfacet
  facet normal 0 1 0
    outer loop
      vertex 107.299 193 836.25
      vertex 104.701 193 836.25
      vertex 104.551 193 836.612
    endloop
  endfacet
  facet normal 0 1 -0
    outer loop
      vertex 107.061 193 835.939
      vertex 104.701 193 836.25
      vertex 107.299 193 836.25
    endloop
  endfacet
  facet normal 0 1 0
    outer loop
      vertex 107.061 193 835.939
      vertex 104.939 193 835.939
      vertex 104.701 193 836.25
    endloop
  endfacet
  facet normal 0 1 -0
    outer loop
      vertex 106.75 193 835.701
      vertex 104.939 193 835.939
      vertex 107.061 193 835.939
    endloop
  endfacet
  facet normal 0 1 0
    outer loop
      vertex 106.75 193 835.701
      vertex 105.25 193 835.701
      vertex 104.939 193 835.939
    endloop
  endfacet
  facet normal 0 1 -0
    outer loop
      vertex 106.388 193 835.551
      vertex 105.25 193 835.701
      vertex 106.75 193 835.701
    endloop
  endfacet
  facet normal 0 1 0
    outer loop
      vertex 106.388 193 835.551
      vertex 105.612 193 835.551
      vertex 105.25 193 835.701
    endloop
  endfacet
  facet normal -0 1 0
    outer loop
      vertex 105.612 193 835.551
      vertex 106.388 193 835.551
      vertex 106 193 835.5
    endloop
  endfacet
  facet normal -0.92383 0 -0.382803
    outer loop
      vertex 107.449 193 837.388
      vertex 107.299 205 837.75
      vertex 107.449 205 837.388
    endloop
  endfacet
  facet normal -0.92383 -0 -0.382803
    outer loop
      vertex 107.299 205 837.75
      vertex 107.449 193 837.388
      vertex 107.299 193 837.75
    endloop
  endfacet
  facet normal -0.607734 0 -0.79414
    outer loop
      vertex 106.75 193 838.299
      vertex 107.061 205 838.061
      vertex 107.061 193 838.061
    endloop
  endfacet
  facet normal -0.607734 0 -0.79414
    outer loop
      vertex 107.061 205 838.061
      vertex 106.75 193 838.299
      vertex 106.75 205 838.299
    endloop
  endfacet
  facet normal 0.991472 -0 0.130322
    outer loop
      vertex 104.5 193 837
      vertex 104.551 205 836.612
      vertex 104.5 205 837
    endloop
  endfacet
  facet normal 0.991472 0 0.130322
    outer loop
      vertex 104.551 205 836.612
      vertex 104.5 193 837
      vertex 104.551 193 836.612
    endloop
  endfacet
  facet normal 0.79414 -0 0.607734
    outer loop
      vertex 104.701 193 836.25
      vertex 104.939 205 835.939
      vertex 104.701 205 836.25
    endloop
  endfacet
  facet normal 0.79414 0 0.607734
    outer loop
      vertex 104.939 205 835.939
      vertex 104.701 193 836.25
      vertex 104.939 193 835.939
    endloop
  endfacet
  facet normal -0.79414 0 -0.607734
    outer loop
      vertex 107.299 193 837.75
      vertex 107.061 205 838.061
      vertex 107.299 205 837.75
    endloop
  endfacet
  facet normal -0.79414 -0 -0.607734
    outer loop
      vertex 107.061 205 838.061
      vertex 107.299 193 837.75
      vertex 107.061 193 838.061
    endloop
  endfacet
  facet normal -0.991472 0 -0.130322
    outer loop
      vertex 107.5 193 837
      vertex 107.449 205 837.388
      vertex 107.5 205 837
    endloop
  endfacet
  facet normal -0.991472 -0 -0.130322
    outer loop
      vertex 107.449 205 837.388
      vertex 107.5 193 837
      vertex 107.449 193 837.388
    endloop
  endfacet
  facet normal 0.79414 0 -0.607734
    outer loop
      vertex 104.939 193 838.061
      vertex 104.701 205 837.75
      vertex 104.939 205 838.061
    endloop
  endfacet
  facet normal 0.79414 0 -0.607734
    outer loop
      vertex 104.701 205 837.75
      vertex 104.939 193 838.061
      vertex 104.701 193 837.75
    endloop
  endfacet
  facet normal 0.607734 0 -0.79414
    outer loop
      vertex 104.939 193 838.061
      vertex 105.25 205 838.299
      vertex 105.25 193 838.299
    endloop
  endfacet
  facet normal 0.607734 0 -0.79414
    outer loop
      vertex 105.25 205 838.299
      vertex 104.939 193 838.061
      vertex 104.939 205 838.061
    endloop
  endfacet
  facet normal -0.607734 0 -0.79414
    outer loop
      vertex 106.75 193 966.299
      vertex 107.061 205 966.061
      vertex 107.061 193 966.061
    endloop
  endfacet
  facet normal -0.607734 0 -0.79414
    outer loop
      vertex 107.061 205 966.061
      vertex 106.75 193 966.299
      vertex 106.75 205 966.299
    endloop
  endfacet
  facet normal 0.79414 -0 0.607734
    outer loop
      vertex 104.701 193 964.25
      vertex 104.939 205 963.939
      vertex 104.701 205 964.25
    endloop
  endfacet
  facet normal 0.79414 0 0.607734
    outer loop
      vertex 104.939 205 963.939
      vertex 104.701 193 964.25
      vertex 104.939 193 963.939
    endloop
  endfacet
  facet normal -0.92383 0 0.382803
    outer loop
      vertex 107.299 193 964.25
      vertex 107.449 205 964.612
      vertex 107.299 205 964.25
    endloop
  endfacet
  facet normal -0.92383 0 0.382803
    outer loop
      vertex 107.449 205 964.612
      vertex 107.299 193 964.25
      vertex 107.449 193 964.612
    endloop
  endfacet
  facet normal -0.991472 0 0.130322
    outer loop
      vertex 107.449 193 964.612
      vertex 107.5 205 965
      vertex 107.449 205 964.612
    endloop
  endfacet
  facet normal -0.991472 0 0.130322
    outer loop
      vertex 107.5 205 965
      vertex 107.449 193 964.612
      vertex 107.5 193 965
    endloop
  endfacet
  facet normal 0.991472 0 -0.130322
    outer loop
      vertex 104.551 193 965.388
      vertex 104.5 205 965
      vertex 104.551 205 965.388
    endloop
  endfacet
  facet normal 0.991472 0 -0.130322
    outer loop
      vertex 104.5 205 965
      vertex 104.551 193 965.388
      vertex 104.5 193 965
    endloop
  endfacet
  facet normal -0.382803 0 -0.92383
    outer loop
      vertex 106.388 193 966.449
      vertex 106.75 205 966.299
      vertex 106.75 193 966.299
    endloop
  endfacet
  facet normal -0.382803 0 -0.92383
    outer loop
      vertex 106.75 205 966.299
      vertex 106.388 193 966.449
      vertex 106.388 205 966.449
    endloop
  endfacet
  facet normal 0.92383 -0 0.382803
    outer loop
      vertex 104.551 193 964.612
      vertex 104.701 205 964.25
      vertex 104.551 205 964.612
    endloop
  endfacet
  facet normal 0.92383 0 0.382803
    outer loop
      vertex 104.701 205 964.25
      vertex 104.551 193 964.612
      vertex 104.701 193 964.25
    endloop
  endfacet
  facet normal -0.79414 0 -0.607734
    outer loop
      vertex 107.299 193 965.75
      vertex 107.061 205 966.061
      vertex 107.299 205 965.75
    endloop
  endfacet
  facet normal -0.79414 -0 -0.607734
    outer loop
      vertex 107.061 205 966.061
      vertex 107.299 193 965.75
      vertex 107.061 193 966.061
    endloop
  endfacet
  facet normal -0.991472 0 -0.130322
    outer loop
      vertex 107.5 193 965
      vertex 107.449 205 965.388
      vertex 107.5 205 965
    endloop
  endfacet
  facet normal -0.991472 -0 -0.130322
    outer loop
      vertex 107.449 205 965.388
      vertex 107.5 193 965
      vertex 107.449 193 965.388
    endloop
  endfacet
  facet normal 0.382803 0 -0.92383
    outer loop
      vertex 105.25 193 966.299
      vertex 105.612 205 966.449
      vertex 105.612 193 966.449
    endloop
  endfacet
  facet normal 0.382803 0 -0.92383
    outer loop
      vertex 105.612 205 966.449
      vertex 105.25 193 966.299
      vertex 105.25 205 966.299
    endloop
  endfacet
  facet normal 0.130322 0 -0.991472
    outer loop
      vertex 105.612 193 966.449
      vertex 106 205 966.5
      vertex 106 193 966.5
    endloop
  endfacet
  facet normal 0.130322 0 -0.991472
    outer loop
      vertex 106 205 966.5
      vertex 105.612 193 966.449
      vertex 105.612 205 966.449
    endloop
  endfacet
  facet normal 0.130322 0 0.991472
    outer loop
      vertex 105.612 205 963.551
      vertex 106 193 963.5
      vertex 106 205 963.5
    endloop
  endfacet
  facet normal 0.130322 0 0.991472
    outer loop
      vertex 106 193 963.5
      vertex 105.612 205 963.551
      vertex 105.612 193 963.551
    endloop
  endfacet
  facet normal 0.607734 0 0.79414
    outer loop
      vertex 104.939 205 963.939
      vertex 105.25 193 963.701
      vertex 105.25 205 963.701
    endloop
  endfacet
  facet normal 0.607734 0 0.79414
    outer loop
      vertex 105.25 193 963.701
      vertex 104.939 205 963.939
      vertex 104.939 193 963.939
    endloop
  endfacet
  facet normal -0.382803 0 0.92383
    outer loop
      vertex 106.388 205 963.551
      vertex 106.75 193 963.701
      vertex 106.75 205 963.701
    endloop
  endfacet
  facet normal -0.382803 0 0.92383
    outer loop
      vertex 106.75 193 963.701
      vertex 106.388 205 963.551
      vertex 106.388 193 963.551
    endloop
  endfacet
  facet normal 0.382803 0 0.92383
    outer loop
      vertex 105.25 205 963.701
      vertex 105.612 193 963.551
      vertex 105.612 205 963.551
    endloop
  endfacet
  facet normal 0.382803 0 0.92383
    outer loop
      vertex 105.612 193 963.551
      vertex 105.25 205 963.701
      vertex 105.25 193 963.701
    endloop
  endfacet
  facet normal -0.92383 0 -0.382803
    outer loop
      vertex 107.449 193 965.388
      vertex 107.299 205 965.75
      vertex 107.449 205 965.388
    endloop
  endfacet
  facet normal -0.92383 -0 -0.382803
    outer loop
      vertex 107.299 205 965.75
      vertex 107.449 193 965.388
      vertex 107.299 193 965.75
    endloop
  endfacet
  facet normal -0.130322 0 -0.991472
    outer loop
      vertex 106 193 966.5
      vertex 106.388 205 966.449
      vertex 106.388 193 966.449
    endloop
  endfacet
  facet normal -0.130322 0 -0.991472
    outer loop
      vertex 106.388 205 966.449
      vertex 106 193 966.5
      vertex 106 205 966.5
    endloop
  endfacet
  facet normal -0.79414 0 0.607734
    outer loop
      vertex 107.061 193 963.939
      vertex 107.299 205 964.25
      vertex 107.061 205 963.939
    endloop
  endfacet
  facet normal -0.79414 0 0.607734
    outer loop
      vertex 107.299 205 964.25
      vertex 107.061 193 963.939
      vertex 107.299 193 964.25
    endloop
  endfacet
  facet normal 0.92383 0 -0.382803
    outer loop
      vertex 104.701 193 965.75
      vertex 104.551 205 965.388
      vertex 104.701 205 965.75
    endloop
  endfacet
  facet normal 0.92383 0 -0.382803
    outer loop
      vertex 104.551 205 965.388
      vertex 104.701 193 965.75
      vertex 104.551 193 965.388
    endloop
  endfacet
  facet normal -0.607734 0 0.79414
    outer loop
      vertex 106.75 205 963.701
      vertex 107.061 193 963.939
      vertex 107.061 205 963.939
    endloop
  endfacet
  facet normal -0.607734 0 0.79414
    outer loop
      vertex 107.061 193 963.939
      vertex 106.75 205 963.701
      vertex 106.75 193 963.701
    endloop
  endfacet
  facet normal -0.130322 0 0.991472
    outer loop
      vertex 106 205 963.5
      vertex 106.388 193 963.551
      vertex 106.388 205 963.551
    endloop
  endfacet
  facet normal -0.130322 0 0.991472
    outer loop
      vertex 106.388 193 963.551
      vertex 106 205 963.5
      vertex 106 193 963.5
    endloop
  endfacet
  facet normal 0.607734 0 -0.79414
    outer loop
      vertex 104.939 193 966.061
      vertex 105.25 205 966.299
      vertex 105.25 193 966.299
    endloop
  endfacet
  facet normal 0.607734 0 -0.79414
    outer loop
      vertex 105.25 205 966.299
      vertex 104.939 193 966.061
      vertex 104.939 205 966.061
    endloop
  endfacet
  facet normal 0.79414 0 -0.607734
    outer loop
      vertex 104.939 193 966.061
      vertex 104.701 205 965.75
      vertex 104.939 205 966.061
    endloop
  endfacet
  facet normal 0.79414 0 -0.607734
    outer loop
      vertex 104.701 205 965.75
      vertex 104.939 193 966.061
      vertex 104.701 193 965.75
    endloop
  endfacet
  facet normal 0.991472 -0 0.130322
    outer loop
      vertex 104.5 193 965
      vertex 104.551 205 964.612
      vertex 104.5 205 965
    endloop
  endfacet
  facet normal 0.991472 0 0.130322
    outer loop
      vertex 104.551 205 964.612
      vertex 104.5 193 965
      vertex 104.551 193 964.612
    endloop
  endfacet
  facet normal 0 1 0
    outer loop
      vertex 106.388 193 966.449
      vertex 105.612 193 966.449
      vertex 106 193 966.5
    endloop
  endfacet
  facet normal 0 1 0
    outer loop
      vertex 106.75 193 966.299
      vertex 105.612 193 966.449
      vertex 106.388 193 966.449
    endloop
  endfacet
  facet normal 0 1 0
    outer loop
      vertex 106.75 193 966.299
      vertex 105.25 193 966.299
      vertex 105.612 193 966.449
    endloop
  endfacet
  facet normal 0 1 0
    outer loop
      vertex 107.061 193 966.061
      vertex 105.25 193 966.299
      vertex 106.75 193 966.299
    endloop
  endfacet
  facet normal 0 1 0
    outer loop
      vertex 107.061 193 966.061
      vertex 104.939 193 966.061
      vertex 105.25 193 966.299
    endloop
  endfacet
  facet normal 0 1 0
    outer loop
      vertex 107.299 193 965.75
      vertex 104.939 193 966.061
      vertex 107.061 193 966.061
    endloop
  endfacet
  facet normal 0 1 0
    outer loop
      vertex 107.299 193 965.75
      vertex 104.701 193 965.75
      vertex 104.939 193 966.061
    endloop
  endfacet
  facet normal 0 1 0
    outer loop
      vertex 107.449 193 965.388
      vertex 104.701 193 965.75
      vertex 107.299 193 965.75
    endloop
  endfacet
  facet normal 0 1 0
    outer loop
      vertex 107.449 193 965.388
      vertex 104.551 193 965.388
      vertex 104.701 193 965.75
    endloop
  endfacet
  facet normal 0 1 0
    outer loop
      vertex 107.5 193 965
      vertex 104.551 193 965.388
      vertex 107.449 193 965.388
    endloop
  endfacet
  facet normal 0 1 0
    outer loop
      vertex 107.5 193 965
      vertex 104.5 193 965
      vertex 104.551 193 965.388
    endloop
  endfacet
  facet normal 0 1 -0
    outer loop
      vertex 107.449 193 964.612
      vertex 104.5 193 965
      vertex 107.5 193 965
    endloop
  endfacet
  facet normal 0 1 0
    outer loop
      vertex 107.449 193 964.612
      vertex 104.551 193 964.612
      vertex 104.5 193 965
    endloop
  endfacet
  facet normal 0 1 -0
    outer loop
      vertex 107.299 193 964.25
      vertex 104.551 193 964.612
      vertex 107.449 193 964.612
    endloop
  endfacet
  facet normal 0 1 0
    outer loop
      vertex 107.299 193 964.25
      vertex 104.701 193 964.25
      vertex 104.551 193 964.612
    endloop
  endfacet
  facet normal 0 1 -0
    outer loop
      vertex 107.061 193 963.939
      vertex 104.701 193 964.25
      vertex 107.299 193 964.25
    endloop
  endfacet
  facet normal 0 1 0
    outer loop
      vertex 107.061 193 963.939
      vertex 104.939 193 963.939
      vertex 104.701 193 964.25
    endloop
  endfacet
  facet normal 0 1 -0
    outer loop
      vertex 106.75 193 963.701
      vertex 104.939 193 963.939
      vertex 107.061 193 963.939
    endloop
  endfacet
  facet normal 0 1 0
    outer loop
      vertex 106.75 193 963.701
      vertex 105.25 193 963.701
      vertex 104.939 193 963.939
    endloop
  endfacet
  facet normal 0 1 -0
    outer loop
      vertex 106.388 193 963.551
      vertex 105.25 193 963.701
      vertex 106.75 193 963.701
    endloop
  endfacet
  facet normal 0 1 0
    outer loop
      vertex 106.388 193 963.551
      vertex 105.612 193 963.551
      vertex 105.25 193 963.701
    endloop
  endfacet
  facet normal -0 1 0
    outer loop
      vertex 105.612 193 963.551
      vertex 106.388 193 963.551
      vertex 106 193 963.5
    endloop
  endfacet
  facet normal 0.970292 0 -0.241936
    outer loop
      vertex -121.078 205 969.911
      vertex -121.173 210 969.53
      vertex -121.078 210 969.911
    endloop
  endfacet
  facet normal 0.970292 0 -0.241936
    outer loop
      vertex -121.173 210 969.53
      vertex -121.078 205 969.911
      vertex -121.173 205 969.53
    endloop
  endfacet
  facet normal 0.595106 0 -0.803647
    outer loop
      vertex -119.788 205 971.842
      vertex -119.472 210 972.076
      vertex -119.472 205 972.076
    endloop
  endfacet
  facet normal 0.595106 0 -0.803647
    outer loop
      vertex -119.472 210 972.076
      vertex -119.788 205 971.842
      vertex -119.788 210 971.842
    endloop
  endfacet
  facet normal -0.0484126 0 0.998827
    outer loop
      vertex 117.25 210 829.25
      vertex 117.642 205 829.269
      vertex 117.642 210 829.269
    endloop
  endfacet
  facet normal -0.0484126 0 0.998827
    outer loop
      vertex 117.642 205 829.269
      vertex 117.25 210 829.25
      vertex 117.25 205 829.25
    endloop
  endfacet
  facet normal 0.989011 -0 0.147842
    outer loop
      vertex -121.231 205 832.858
      vertex -121.173 210 832.47
      vertex -121.231 210 832.858
    endloop
  endfacet
  facet normal 0.989011 0 0.147842
    outer loop
      vertex -121.173 210 832.47
      vertex -121.231 205 832.858
      vertex -121.173 205 832.47
    endloop
  endfacet
  facet normal -0.941857 0 0.336014
    outer loop
      vertex 120.946 205 831.719
      vertex 121.078 210 832.089
      vertex 120.946 210 831.719
    endloop
  endfacet
  facet normal -0.941857 0 0.336014
    outer loop
      vertex 121.078 210 832.089
      vertex 120.946 205 831.719
      vertex 121.078 205 832.089
    endloop
  endfacet
  facet normal 0.903893 0 -0.427758
    outer loop
      vertex -120.778 205 970.636
      vertex -120.946 210 970.281
      vertex -120.778 210 970.636
    endloop
  endfacet
  facet normal 0.903893 0 -0.427758
    outer loop
      vertex -120.946 210 970.281
      vertex -120.778 205 970.636
      vertex -120.946 205 970.281
    endloop
  endfacet
  facet normal -0.595106 0 -0.803647
    outer loop
      vertex 119.472 205 972.076
      vertex 119.788 210 971.842
      vertex 119.788 205 971.842
    endloop
  endfacet
  facet normal -0.595106 0 -0.803647
    outer loop
      vertex 119.788 210 971.842
      vertex 119.472 205 972.076
      vertex 119.472 210 972.076
    endloop
  endfacet
  facet normal -0.803647 0 0.595106
    outer loop
      vertex 120.342 205 830.712
      vertex 120.576 210 831.028
      vertex 120.342 210 830.712
    endloop
  endfacet
  facet normal -0.803647 0 0.595106
    outer loop
      vertex 120.576 210 831.028
      vertex 120.342 205 830.712
      vertex 120.576 205 831.028
    endloop
  endfacet
  facet normal 0.941857 0 -0.336014
    outer loop
      vertex -120.946 205 970.281
      vertex -121.078 210 969.911
      vertex -120.946 210 970.281
    endloop
  endfacet
  facet normal 0.941857 0 -0.336014
    outer loop
      vertex -121.078 210 969.911
      vertex -120.946 205 970.281
      vertex -121.078 205 969.911
    endloop
  endfacet
  facet normal -0.147842 0 -0.989011
    outer loop
      vertex 117.642 205 972.731
      vertex 118.03 210 972.673
      vertex 118.03 205 972.673
    endloop
  endfacet
  facet normal -0.147842 0 -0.989011
    outer loop
      vertex 118.03 210 972.673
      vertex 117.642 205 972.731
      vertex 117.642 210 972.731
    endloop
  endfacet
  facet normal -0.425674 0 0.904876
    outer loop
      vertex 118.781 210 829.555
      vertex 119.136 205 829.722
      vertex 119.136 210 829.722
    endloop
  endfacet
  facet normal -0.425674 0 0.904876
    outer loop
      vertex 119.136 205 829.722
      vertex 118.781 210 829.555
      vertex 118.781 205 829.555
    endloop
  endfacet
  facet normal -0 0 1
    outer loop
      vertex -117.25 210 829.25
      vertex 117.25 205 829.25
      vertex 117.25 210 829.25
    endloop
  endfacet
  facet normal 0 0 1
    outer loop
      vertex 117.25 205 829.25
      vertex -117.25 210 829.25
      vertex -117.25 205 829.25
    endloop
  endfacet
  facet normal -0.941857 0 -0.336014
    outer loop
      vertex 121.078 205 969.911
      vertex 120.946 210 970.281
      vertex 121.078 210 969.911
    endloop
  endfacet
  facet normal -0.941857 -0 -0.336014
    outer loop
      vertex 120.946 210 970.281
      vertex 121.078 205 969.911
      vertex 120.946 205 970.281
    endloop
  endfacet
  facet normal 0.515246 0 0.857042
    outer loop
      vertex -119.472 210 829.924
      vertex -119.136 205 829.722
      vertex -119.136 210 829.722
    endloop
  endfacet
  facet normal 0.515246 0 0.857042
    outer loop
      vertex -119.136 205 829.722
      vertex -119.472 210 829.924
      vertex -119.472 205 829.924
    endloop
  endfacet
  facet normal -0.338269 0 0.941049
    outer loop
      vertex 118.411 210 829.422
      vertex 118.781 205 829.555
      vertex 118.781 210 829.555
    endloop
  endfacet
  facet normal -0.338269 0 0.941049
    outer loop
      vertex 118.781 205 829.555
      vertex 118.411 210 829.422
      vertex 118.411 205 829.422
    endloop
  endfacet
  facet normal 0.998827 0 -0.0484126
    outer loop
      vertex -121.231 205 969.142
      vertex -121.25 210 968.75
      vertex -121.231 210 969.142
    endloop
  endfacet
  facet normal 0.998827 0 -0.0484126
    outer loop
      vertex -121.25 210 968.75
      vertex -121.231 205 969.142
      vertex -121.25 205 968.75
    endloop
  endfacet
  facet normal -1 0 0
    outer loop
      vertex 121.25 205 833.25
      vertex 121.25 210 968.75
      vertex 121.25 210 833.25
    endloop
  endfacet
  facet normal -1 -0 0
    outer loop
      vertex 121.25 210 968.75
      vertex 121.25 205 833.25
      vertex 121.25 205 968.75
    endloop
  endfacet
  facet normal 0.941857 -0 0.336014
    outer loop
      vertex -121.078 205 832.089
      vertex -120.946 210 831.719
      vertex -121.078 210 832.089
    endloop
  endfacet
  facet normal 0.941857 0 0.336014
    outer loop
      vertex -120.946 210 831.719
      vertex -121.078 205 832.089
      vertex -120.946 205 831.719
    endloop
  endfacet
  facet normal -0.998827 0 0.0484126
    outer loop
      vertex 121.231 205 832.858
      vertex 121.25 210 833.25
      vertex 121.231 210 832.858
    endloop
  endfacet
  facet normal -0.998827 0 0.0484126
    outer loop
      vertex 121.25 210 833.25
      vertex 121.231 205 832.858
      vertex 121.25 205 833.25
    endloop
  endfacet
  facet normal -0.970292 0 -0.241936
    outer loop
      vertex 121.173 205 969.53
      vertex 121.078 210 969.911
      vertex 121.173 210 969.53
    endloop
  endfacet
  facet normal -0.970292 -0 -0.241936
    outer loop
      vertex 121.078 210 969.911
      vertex 121.173 205 969.53
      vertex 121.078 205 969.911
    endloop
  endfacet
  facet normal -0.595106 0 0.803647
    outer loop
      vertex 119.472 210 829.924
      vertex 119.788 205 830.158
      vertex 119.788 210 830.158
    endloop
  endfacet
  facet normal -0.595106 0 0.803647
    outer loop
      vertex 119.788 205 830.158
      vertex 119.472 210 829.924
      vertex 119.472 205 829.924
    endloop
  endfacet
  facet normal 1 -0 0
    outer loop
      vertex -121.25 205 968.75
      vertex -121.25 210 833.25
      vertex -121.25 210 968.75
    endloop
  endfacet
  facet normal 1 0 0
    outer loop
      vertex -121.25 210 833.25
      vertex -121.25 205 968.75
      vertex -121.25 205 833.25
    endloop
  endfacet
  facet normal -0.857042 0 -0.515246
    outer loop
      vertex 120.778 205 970.636
      vertex 120.576 210 970.972
      vertex 120.778 210 970.636
    endloop
  endfacet
  facet normal -0.857042 -0 -0.515246
    outer loop
      vertex 120.576 210 970.972
      vertex 120.778 205 970.636
      vertex 120.576 205 970.972
    endloop
  endfacet
  facet normal 0.989011 0 -0.147842
    outer loop
      vertex -121.173 205 969.53
      vertex -121.231 210 969.142
      vertex -121.173 210 969.53
    endloop
  endfacet
  facet normal 0.989011 0 -0.147842
    outer loop
      vertex -121.231 210 969.142
      vertex -121.173 205 969.53
      vertex -121.231 205 969.142
    endloop
  endfacet
  facet normal -0.857042 0 0.515246
    outer loop
      vertex 120.576 205 831.028
      vertex 120.778 210 831.364
      vertex 120.576 210 831.028
    endloop
  endfacet
  facet normal -0.857042 0 0.515246
    outer loop
      vertex 120.778 210 831.364
      vertex 120.576 205 831.028
      vertex 120.778 205 831.364
    endloop
  endfacet
  facet normal -0.515246 0 0.857042
    outer loop
      vertex 119.136 210 829.722
      vertex 119.472 205 829.924
      vertex 119.472 210 829.924
    endloop
  endfacet
  facet normal -0.515246 0 0.857042
    outer loop
      vertex 119.472 205 829.924
      vertex 119.136 210 829.722
      vertex 119.136 205 829.722
    endloop
  endfacet
  facet normal 0.857042 -0 0.515246
    outer loop
      vertex -120.778 205 831.364
      vertex -120.576 210 831.028
      vertex -120.778 210 831.364
    endloop
  endfacet
  facet normal 0.857042 0 0.515246
    outer loop
      vertex -120.576 210 831.028
      vertex -120.778 205 831.364
      vertex -120.576 205 831.028
    endloop
  endfacet
  facet normal -0.989011 0 0.147842
    outer loop
      vertex 121.173 205 832.47
      vertex 121.231 210 832.858
      vertex 121.173 210 832.47
    endloop
  endfacet
  facet normal -0.989011 0 0.147842
    outer loop
      vertex 121.231 210 832.858
      vertex 121.173 205 832.47
      vertex 121.231 205 832.858
    endloop
  endfacet
  facet normal -0.803647 0 -0.595106
    outer loop
      vertex 120.576 205 970.972
      vertex 120.342 210 971.288
      vertex 120.576 210 970.972
    endloop
  endfacet
  facet normal -0.803647 -0 -0.595106
    outer loop
      vertex 120.342 210 971.288
      vertex 120.576 205 970.972
      vertex 120.342 205 971.288
    endloop
  endfacet
  facet normal -0.903893 0 -0.427758
    outer loop
      vertex 120.946 205 970.281
      vertex 120.778 210 970.636
      vertex 120.946 210 970.281
    endloop
  endfacet
  facet normal -0.903893 -0 -0.427758
    outer loop
      vertex 120.778 210 970.636
      vertex 120.946 205 970.281
      vertex 120.778 205 970.636
    endloop
  endfacet
  facet normal -0.515246 0 -0.857042
    outer loop
      vertex 119.136 205 972.278
      vertex 119.472 210 972.076
      vertex 119.472 205 972.076
    endloop
  endfacet
  facet normal -0.515246 0 -0.857042
    outer loop
      vertex 119.472 210 972.076
      vertex 119.136 205 972.278
      vertex 119.136 210 972.278
    endloop
  endfacet
  facet normal -0.739478 0 0.67318
    outer loop
      vertex 120.078 205 830.422
      vertex 120.342 210 830.712
      vertex 120.078 210 830.422
    endloop
  endfacet
  facet normal -0.739478 0 0.67318
    outer loop
      vertex 120.342 210 830.712
      vertex 120.078 205 830.422
      vertex 120.342 205 830.712
    endloop
  endfacet
  facet normal 0.0484126 0 0.998827
    outer loop
      vertex -117.642 210 829.269
      vertex -117.25 205 829.25
      vertex -117.25 210 829.25
    endloop
  endfacet
  facet normal 0.0484126 0 0.998827
    outer loop
      vertex -117.25 205 829.25
      vertex -117.642 210 829.269
      vertex -117.642 205 829.269
    endloop
  endfacet
  facet normal -0.338269 0 -0.941049
    outer loop
      vertex 118.411 205 972.578
      vertex 118.781 210 972.445
      vertex 118.781 205 972.445
    endloop
  endfacet
  facet normal -0.338269 0 -0.941049
    outer loop
      vertex 118.781 210 972.445
      vertex 118.411 205 972.578
      vertex 118.411 210 972.578
    endloop
  endfacet
  facet normal 0 0 -1
    outer loop
      vertex -117.25 205 972.75
      vertex 117.25 210 972.75
      vertex 117.25 205 972.75
    endloop
  endfacet
  facet normal -0 0 -1
    outer loop
      vertex 117.25 210 972.75
      vertex -117.25 205 972.75
      vertex -117.25 210 972.75
    endloop
  endfacet
  facet normal 0.147842 0 -0.989011
    outer loop
      vertex -118.03 205 972.673
      vertex -117.642 210 972.731
      vertex -117.642 205 972.731
    endloop
  endfacet
  facet normal 0.147842 0 -0.989011
    outer loop
      vertex -117.642 210 972.731
      vertex -118.03 205 972.673
      vertex -118.03 210 972.673
    endloop
  endfacet
  facet normal 0.515246 0 -0.857042
    outer loop
      vertex -119.472 205 972.076
      vertex -119.136 210 972.278
      vertex -119.136 205 972.278
    endloop
  endfacet
  facet normal 0.515246 0 -0.857042
    outer loop
      vertex -119.136 210 972.278
      vertex -119.472 205 972.076
      vertex -119.472 210 972.076
    endloop
  endfacet
  facet normal -0.989011 0 -0.147842
    outer loop
      vertex 121.231 205 969.142
      vertex 121.173 210 969.53
      vertex 121.231 210 969.142
    endloop
  endfacet
  facet normal -0.989011 -0 -0.147842
    outer loop
      vertex 121.173 210 969.53
      vertex 121.231 205 969.142
      vertex 121.173 205 969.53
    endloop
  endfacet
  facet normal 0.0484126 0 -0.998827
    outer loop
      vertex -117.642 205 972.731
      vertex -117.25 210 972.75
      vertex -117.25 205 972.75
    endloop
  endfacet
  facet normal 0.0484126 0 -0.998827
    outer loop
      vertex -117.25 210 972.75
      vertex -117.642 205 972.731
      vertex -117.642 210 972.731
    endloop
  endfacet
  facet normal -0.903893 0 0.427758
    outer loop
      vertex 120.778 205 831.364
      vertex 120.946 210 831.719
      vertex 120.778 210 831.364
    endloop
  endfacet
  facet normal -0.903893 0 0.427758
    outer loop
      vertex 120.946 210 831.719
      vertex 120.778 205 831.364
      vertex 120.946 205 831.719
    endloop
  endfacet
  facet normal -0.67318 0 -0.739478
    outer loop
      vertex 119.788 205 971.842
      vertex 120.078 210 971.578
      vertex 120.078 205 971.578
    endloop
  endfacet
  facet normal -0.67318 0 -0.739478
    outer loop
      vertex 120.078 210 971.578
      vertex 119.788 205 971.842
      vertex 119.788 210 971.842
    endloop
  endfacet
  facet normal -0.970292 0 0.241936
    outer loop
      vertex 121.078 205 832.089
      vertex 121.173 210 832.47
      vertex 121.078 210 832.089
    endloop
  endfacet
  facet normal -0.970292 0 0.241936
    outer loop
      vertex 121.173 210 832.47
      vertex 121.078 205 832.089
      vertex 121.173 205 832.47
    endloop
  endfacet
  facet normal -0.67318 0 0.739478
    outer loop
      vertex 119.788 210 830.158
      vertex 120.078 205 830.422
      vertex 120.078 210 830.422
    endloop
  endfacet
  facet normal -0.67318 0 0.739478
    outer loop
      vertex 120.078 205 830.422
      vertex 119.788 210 830.158
      vertex 119.788 205 830.158
    endloop
  endfacet
  facet normal -0.739478 0 -0.67318
    outer loop
      vertex 120.342 205 971.288
      vertex 120.078 210 971.578
      vertex 120.342 210 971.288
    endloop
  endfacet
  facet normal -0.739478 -0 -0.67318
    outer loop
      vertex 120.078 210 971.578
      vertex 120.342 205 971.288
      vertex 120.078 205 971.578
    endloop
  endfacet
  facet normal 0 1 0
    outer loop
      vertex -91.1107 205 865.202
      vertex -105.612 205 838.449
      vertex -106 205 838.5
    endloop
  endfacet
  facet normal 0 1 0
    outer loop
      vertex -31.8088 205 839.339
      vertex -105.25 205 838.299
      vertex -105.612 205 838.449
    endloop
  endfacet
  facet normal 0 1 0
    outer loop
      vertex -31.8088 205 839.339
      vertex -104.939 205 838.061
      vertex -105.25 205 838.299
    endloop
  endfacet
  facet normal 0 1 0
    outer loop
      vertex -117.25 205 829.25
      vertex -31.7622 205 839.332
      vertex -21.3776 205 837.803
    endloop
  endfacet
  facet normal 0 1 0
    outer loop
      vertex -117.25 205 829.25
      vertex -21.3776 205 837.803
      vertex -21.33 205 837.799
    endloop
  endfacet
  facet normal 0 1 0
    outer loop
      vertex -31.8088 205 839.339
      vertex -104.701 205 837.75
      vertex -104.939 205 838.061
    endloop
  endfacet
  facet normal 0 1 0
    outer loop
      vertex -31.8088 205 839.339
      vertex -104.551 205 837.388
      vertex -104.701 205 837.75
    endloop
  endfacet
  facet normal 0 1 0
    outer loop
      vertex -31.8088 205 839.339
      vertex -104.5 205 837
      vertex -104.551 205 837.388
    endloop
  endfacet
  facet normal 0 1 0
    outer loop
      vertex -117.25 205 829.25
      vertex -21.33 205 837.799
      vertex -10.7405 205 836.875
    endloop
  endfacet
  facet normal 0 1 0
    outer loop
      vertex -117.25 205 829.25
      vertex -10.7405 205 836.875
      vertex -10.6925 205 836.874
    endloop
  endfacet
  facet normal 0 1 0
    outer loop
      vertex -31.8088 205 839.339
      vertex -104.551 205 836.612
      vertex -104.5 205 837
    endloop
  endfacet
  facet normal 0 1 0
    outer loop
      vertex -117.25 205 829.25
      vertex -10.6925 205 836.874
      vertex 0 205 836.565
    endloop
  endfacet
  facet normal 0 1 0
    outer loop
      vertex 21.33 205 837.799
      vertex 117.25 205 829.25
      vertex 10.7405 205 836.875
    endloop
  endfacet
  facet normal 0 1 0
    outer loop
      vertex -31.8088 205 839.339
      vertex -104.701 205 836.25
      vertex -104.551 205 836.612
    endloop
  endfacet
  facet normal 0 1 0
    outer loop
      vertex 10.7405 205 836.875
      vertex 117.25 205 829.25
      vertex 10.6925 205 836.874
    endloop
  endfacet
  facet normal 0 1 0
    outer loop
      vertex -31.8088 205 839.339
      vertex -104.939 205 835.939
      vertex -104.701 205 836.25
    endloop
  endfacet
  facet normal 0 1 0
    outer loop
      vertex 10.6925 205 836.874
      vertex 117.25 205 829.25
      vertex 0 205 836.565
    endloop
  endfacet
  facet normal 0 1 0
    outer loop
      vertex -31.8088 205 839.339
      vertex -105.25 205 835.701
      vertex -104.939 205 835.939
    endloop
  endfacet
  facet normal 0 1 0
    outer loop
      vertex 117.25 205 829.25
      vertex 105.25 205 835.701
      vertex 105.612 205 835.551
    endloop
  endfacet
  facet normal 0 1 0
    outer loop
      vertex -117.25 205 829.25
      vertex 0 205 836.565
      vertex 117.25 205 829.25
    endloop
  endfacet
  facet normal 0 1 0
    outer loop
      vertex 117.25 205 829.25
      vertex 105.612 205 835.551
      vertex 106 205 835.5
    endloop
  endfacet
  facet normal 0 1 0
    outer loop
      vertex -31.8088 205 839.339
      vertex -117.25 205 829.25
      vertex -105.25 205 835.701
    endloop
  endfacet
  facet normal 0 1 0
    outer loop
      vertex 69.4769 205 851.174
      vertex 104.701 205 836.25
      vertex 60.8783 205 847.424
    endloop
  endfacet
  facet normal 0 1 0
    outer loop
      vertex 104.939 205 835.939
      vertex 60.8783 205 847.424
      vertex 104.701 205 836.25
    endloop
  endfacet
  facet normal 0 1 0
    outer loop
      vertex 60.8783 205 847.424
      vertex 104.939 205 835.939
      vertex 60.837 205 847.409
    endloop
  endfacet
  facet normal 0 1 0
    outer loop
      vertex 60.837 205 847.409
      vertex 104.939 205 835.939
      vertex 51.6547 205 844.173
    endloop
  endfacet
  facet normal 0 1 0
    outer loop
      vertex 105.25 205 835.701
      vertex 51.6547 205 844.173
      vertex 104.939 205 835.939
    endloop
  endfacet
  facet normal 0 1 0
    outer loop
      vertex 51.6547 205 844.173
      vertex 105.25 205 835.701
      vertex 51.6112 205 844.161
    endloop
  endfacet
  facet normal 0 1 0
    outer loop
      vertex 51.6112 205 844.161
      vertex 105.25 205 835.701
      vertex 41.9337 205 841.47
    endloop
  endfacet
  facet normal 0 1 0
    outer loop
      vertex 117.25 205 829.25
      vertex 41.9337 205 841.47
      vertex 105.25 205 835.701
    endloop
  endfacet
  facet normal 0 1 0
    outer loop
      vertex 41.9337 205 841.47
      vertex 117.25 205 829.25
      vertex 41.8884 205 841.46
    endloop
  endfacet
  facet normal 0 1 0
    outer loop
      vertex 41.8884 205 841.46
      vertex 117.25 205 829.25
      vertex 31.8088 205 839.339
    endloop
  endfacet
  facet normal 0 1 0
    outer loop
      vertex 31.8088 205 839.339
      vertex 117.25 205 829.25
      vertex 31.7622 205 839.332
    endloop
  endfacet
  facet normal 0 1 0
    outer loop
      vertex 31.7622 205 839.332
      vertex 117.25 205 829.25
      vertex 21.3776 205 837.803
    endloop
  endfacet
  facet normal 0 1 0
    outer loop
      vertex 21.3776 205 837.803
      vertex 117.25 205 829.25
      vertex 21.33 205 837.799
    endloop
  endfacet
  facet normal 0 1 0
    outer loop
      vertex 117.25 205 972.75
      vertex 0 205 965.435
      vertex -117.25 205 972.75
    endloop
  endfacet
  facet normal 0 1 -0
    outer loop
      vertex -10.6925 205 965.126
      vertex -117.25 205 972.75
      vertex 0 205 965.435
    endloop
  endfacet
  facet normal 0 1 0
    outer loop
      vertex 41.8884 205 960.54
      vertex 105.612 205 966.449
      vertex 105.25 205 966.299
    endloop
  endfacet
  facet normal 0 1 -0
    outer loop
      vertex -10.7405 205 965.125
      vertex -117.25 205 972.75
      vertex -10.6925 205 965.126
    endloop
  endfacet
  facet normal 0 1 0
    outer loop
      vertex 51.6547 205 957.827
      vertex 105.25 205 966.299
      vertex 104.939 205 966.061
    endloop
  endfacet
  facet normal 0 1 -0
    outer loop
      vertex -21.33 205 964.201
      vertex -117.25 205 972.75
      vertex -10.7405 205 965.125
    endloop
  endfacet
  facet normal 0 1 0
    outer loop
      vertex 60.8783 205 954.576
      vertex 104.939 205 966.061
      vertex 104.701 205 965.75
    endloop
  endfacet
  facet normal 0 1 0
    outer loop
      vertex -117.25 205 972.75
      vertex -105.612 205 966.449
      vertex -106 205 966.5
    endloop
  endfacet
  facet normal 0 1 -0
    outer loop
      vertex -21.3776 205 964.197
      vertex -117.25 205 972.75
      vertex -21.33 205 964.201
    endloop
  endfacet
  facet normal 0 1 0
    outer loop
      vertex 69.4769 205 950.826
      vertex 104.701 205 965.75
      vertex 104.551 205 965.388
    endloop
  endfacet
  facet normal 0 1 0
    outer loop
      vertex 105.612 205 966.449
      vertex 10.6925 205 965.126
      vertex 0 205 965.435
    endloop
  endfacet
  facet normal 0 1 0
    outer loop
      vertex 105.612 205 966.449
      vertex 10.7405 205 965.125
      vertex 10.6925 205 965.126
    endloop
  endfacet
  facet normal 0 1 0
    outer loop
      vertex 69.5155 205 950.809
      vertex 104.551 205 965.388
      vertex 104.5 205 965
    endloop
  endfacet
  facet normal 0 1 0
    outer loop
      vertex 77.4833 205 946.562
      vertex 104.5 205 965
      vertex 104.551 205 964.612
    endloop
  endfacet
  facet normal 0 1 0
    outer loop
      vertex 77.4833 205 946.562
      vertex 104.551 205 964.612
      vertex 104.701 205 964.25
    endloop
  endfacet
  facet normal 0 1 0
    outer loop
      vertex 105.612 205 966.449
      vertex 21.33 205 964.201
      vertex 10.7405 205 965.125
    endloop
  endfacet
  facet normal 0 1 0
    outer loop
      vertex 105.612 205 966.449
      vertex 21.3776 205 964.197
      vertex 21.33 205 964.201
    endloop
  endfacet
  facet normal 0 1 0
    outer loop
      vertex 84.6726 205 941.898
      vertex 104.701 205 964.25
      vertex 104.939 205 963.939
    endloop
  endfacet
  facet normal 0 1 0
    outer loop
      vertex 84.7049 205 941.877
      vertex 104.939 205 963.939
      vertex 105.25 205 963.701
    endloop
  endfacet
  facet normal 0 1 0
    outer loop
      vertex 91.0821 205 936.821
      vertex 105.25 205 963.701
      vertex 105.612 205 963.551
    endloop
  endfacet
  facet normal 0 1 0
    outer loop
      vertex 91.1107 205 936.798
      vertex 105.612 205 963.551
      vertex 106 205 963.5
    endloop
  endfacet
  facet normal 0 1 0
    outer loop
      vertex 105.612 205 966.449
      vertex 31.7622 205 962.668
      vertex 21.3776 205 964.197
    endloop
  endfacet
  facet normal 0 1 0
    outer loop
      vertex 121.25 205 968.75
      vertex 117.25 205 972.75
      vertex 117.642 205 972.731
    endloop
  endfacet
  facet normal 0 1 0
    outer loop
      vertex 105.612 205 966.449
      vertex 117.25 205 972.75
      vertex 106 205 966.5
    endloop
  endfacet
  facet normal 0 1 0
    outer loop
      vertex 121.25 205 968.75
      vertex 117.642 205 972.731
      vertex 118.03 205 972.673
    endloop
  endfacet
  facet normal 0 1 0
    outer loop
      vertex 0 205 965.435
      vertex 117.25 205 972.75
      vertex 105.612 205 966.449
    endloop
  endfacet
  facet normal 0 1 0
    outer loop
      vertex 121.25 205 968.75
      vertex 118.03 205 972.673
      vertex 118.411 205 972.578
    endloop
  endfacet
  facet normal 0 1 -0
    outer loop
      vertex -106.388 205 966.449
      vertex -117.25 205 972.75
      vertex -106 205 966.5
    endloop
  endfacet
  facet normal 0 1 0
    outer loop
      vertex 121.25 205 968.75
      vertex 118.411 205 972.578
      vertex 118.781 205 972.445
    endloop
  endfacet
  facet normal 0 1 -0
    outer loop
      vertex -106.75 205 966.299
      vertex -117.25 205 972.75
      vertex -106.388 205 966.449
    endloop
  endfacet
  facet normal 0 1 0
    outer loop
      vertex 121.25 205 968.75
      vertex 118.781 205 972.445
      vertex 119.136 205 972.278
    endloop
  endfacet
  facet normal 0 1 -0
    outer loop
      vertex -107.061 205 966.061
      vertex -117.25 205 972.75
      vertex -106.75 205 966.299
    endloop
  endfacet
  facet normal 0 1 0
    outer loop
      vertex 121.25 205 968.75
      vertex 119.136 205 972.278
      vertex 119.472 205 972.076
    endloop
  endfacet
  facet normal 0 1 -0
    outer loop
      vertex -107.299 205 965.75
      vertex -117.25 205 972.75
      vertex -107.061 205 966.061
    endloop
  endfacet
  facet normal 0 1 0
    outer loop
      vertex 121.25 205 968.75
      vertex 119.472 205 972.076
      vertex 119.788 205 971.842
    endloop
  endfacet
  facet normal 0 1 -0
    outer loop
      vertex -107.449 205 965.388
      vertex -117.25 205 972.75
      vertex -107.299 205 965.75
    endloop
  endfacet
  facet normal 0 1 0
    outer loop
      vertex 121.25 205 968.75
      vertex 119.788 205 971.842
      vertex 120.078 205 971.578
    endloop
  endfacet
  facet normal -0 1 0
    outer loop
      vertex -121.25 205 968.75
      vertex -117.25 205 972.75
      vertex -107.449 205 965.388
    endloop
  endfacet
  facet normal 0 1 0
    outer loop
      vertex 121.25 205 968.75
      vertex 120.078 205 971.578
      vertex 120.342 205 971.288
    endloop
  endfacet
  facet normal 0 1 0
    outer loop
      vertex -117.25 205 972.75
      vertex -121.25 205 968.75
      vertex -117.642 205 972.731
    endloop
  endfacet
  facet normal 0 1 0
    outer loop
      vertex 121.25 205 968.75
      vertex 120.342 205 971.288
      vertex 120.576 205 970.972
    endloop
  endfacet
  facet normal 0 1 0
    outer loop
      vertex -117.642 205 972.731
      vertex -121.25 205 968.75
      vertex -118.03 205 972.673
    endloop
  endfacet
  facet normal 0 1 0
    outer loop
      vertex 121.25 205 968.75
      vertex 120.576 205 970.972
      vertex 120.778 205 970.636
    endloop
  endfacet
  facet normal 0 1 0
    outer loop
      vertex -118.03 205 972.673
      vertex -121.25 205 968.75
      vertex -118.411 205 972.578
    endloop
  endfacet
  facet normal 0 1 0
    outer loop
      vertex 121.25 205 968.75
      vertex 120.778 205 970.636
      vertex 120.946 205 970.281
    endloop
  endfacet
  facet normal 0 1 0
    outer loop
      vertex -118.411 205 972.578
      vertex -121.25 205 968.75
      vertex -118.781 205 972.445
    endloop
  endfacet
  facet normal 0 1 0
    outer loop
      vertex 121.25 205 968.75
      vertex 120.946 205 970.281
      vertex 121.078 205 969.911
    endloop
  endfacet
  facet normal 0 1 0
    outer loop
      vertex -118.781 205 972.445
      vertex -121.25 205 968.75
      vertex -119.136 205 972.278
    endloop
  endfacet
  facet normal 0 1 0
    outer loop
      vertex 121.25 205 968.75
      vertex 121.078 205 969.911
      vertex 121.173 205 969.53
    endloop
  endfacet
  facet normal 0 1 0
    outer loop
      vertex -119.136 205 972.278
      vertex -121.25 205 968.75
      vertex -119.472 205 972.076
    endloop
  endfacet
  facet normal 0 1 0
    outer loop
      vertex 121.25 205 968.75
      vertex 121.173 205 969.53
      vertex 121.231 205 969.142
    endloop
  endfacet
  facet normal 0 1 0
    outer loop
      vertex -119.472 205 972.076
      vertex -121.25 205 968.75
      vertex -119.788 205 971.842
    endloop
  endfacet
  facet normal 0 1 0
    outer loop
      vertex 117.25 205 972.75
      vertex 121.25 205 968.75
      vertex 107.449 205 965.388
    endloop
  endfacet
  facet normal 0 1 0
    outer loop
      vertex -119.788 205 971.842
      vertex -121.25 205 968.75
      vertex -120.078 205 971.578
    endloop
  endfacet
  facet normal 0 1 0
    outer loop
      vertex -120.078 205 971.578
      vertex -121.25 205 968.75
      vertex -120.342 205 971.288
    endloop
  endfacet
  facet normal 0 1 0
    outer loop
      vertex 117.25 205 972.75
      vertex 106.388 205 966.449
      vertex 106 205 966.5
    endloop
  endfacet
  facet normal 0 1 0
    outer loop
      vertex 117.25 205 972.75
      vertex 106.75 205 966.299
      vertex 106.388 205 966.449
    endloop
  endfacet
  facet normal 0 1 0
    outer loop
      vertex 117.25 205 972.75
      vertex 107.061 205 966.061
      vertex 106.75 205 966.299
    endloop
  endfacet
  facet normal 0 1 0
    outer loop
      vertex 117.25 205 972.75
      vertex 107.299 205 965.75
      vertex 107.061 205 966.061
    endloop
  endfacet
  facet normal 0 1 0
    outer loop
      vertex 117.25 205 972.75
      vertex 107.449 205 965.388
      vertex 107.299 205 965.75
    endloop
  endfacet
  facet normal 0 1 0
    outer loop
      vertex 121.25 205 968.75
      vertex 107.5 205 965
      vertex 107.449 205 965.388
    endloop
  endfacet
  facet normal 0 1 0
    outer loop
      vertex 121.25 205 968.75
      vertex 107.449 205 964.612
      vertex 107.5 205 965
    endloop
  endfacet
  facet normal 0 1 0
    outer loop
      vertex 121.25 205 968.75
      vertex 107.299 205 964.25
      vertex 107.449 205 964.612
    endloop
  endfacet
  facet normal 0 1 0
    outer loop
      vertex 121.25 205 968.75
      vertex 107.061 205 963.939
      vertex 107.299 205 964.25
    endloop
  endfacet
  facet normal 0 1 0
    outer loop
      vertex 121.25 205 968.75
      vertex 106.75 205 963.701
      vertex 107.061 205 963.939
    endloop
  endfacet
  facet normal 0 1 0
    outer loop
      vertex 101.237 205 925.658
      vertex 106.75 205 963.701
      vertex 121.25 205 968.75
    endloop
  endfacet
  facet normal 0 1 0
    outer loop
      vertex 105.612 205 966.449
      vertex 31.8088 205 962.661
      vertex 31.7622 205 962.668
    endloop
  endfacet
  facet normal 0 1 0
    outer loop
      vertex 105.612 205 966.449
      vertex 41.8884 205 960.54
      vertex 31.8088 205 962.661
    endloop
  endfacet
  facet normal 0 1 0
    outer loop
      vertex 105.25 205 966.299
      vertex 41.9337 205 960.53
      vertex 41.8884 205 960.54
    endloop
  endfacet
  facet normal 0 1 0
    outer loop
      vertex 105.25 205 966.299
      vertex 51.6112 205 957.839
      vertex 41.9337 205 960.53
    endloop
  endfacet
  facet normal 0 1 0
    outer loop
      vertex 105.25 205 966.299
      vertex 51.6547 205 957.827
      vertex 51.6112 205 957.839
    endloop
  endfacet
  facet normal 0 1 0
    outer loop
      vertex 104.939 205 966.061
      vertex 60.837 205 954.591
      vertex 51.6547 205 957.827
    endloop
  endfacet
  facet normal 0 1 0
    outer loop
      vertex 96.6144 205 931.399
      vertex 106 205 963.5
      vertex 106.388 205 963.551
    endloop
  endfacet
  facet normal 0 1 0
    outer loop
      vertex 104.939 205 966.061
      vertex 60.8783 205 954.576
      vertex 60.837 205 954.591
    endloop
  endfacet
  facet normal 0 1 0
    outer loop
      vertex 104.701 205 965.75
      vertex 69.4769 205 950.826
      vertex 60.8783 205 954.576
    endloop
  endfacet
  facet normal 0 1 0
    outer loop
      vertex 104.551 205 965.388
      vertex 69.5155 205 950.809
      vertex 69.4769 205 950.826
    endloop
  endfacet
  facet normal 0 1 0
    outer loop
      vertex 104.5 205 965
      vertex 77.4477 205 946.582
      vertex 69.5155 205 950.809
    endloop
  endfacet
  facet normal -0 1 0
    outer loop
      vertex 96.6391 205 931.375
      vertex 106.75 205 963.701
      vertex 101.216 205 925.684
    endloop
  endfacet
  facet normal 0 1 0
    outer loop
      vertex 104.5 205 965
      vertex 77.4833 205 946.562
      vertex 77.4477 205 946.582
    endloop
  endfacet
  facet normal 0 1 0
    outer loop
      vertex 104.701 205 964.25
      vertex 84.6726 205 941.898
      vertex 77.4833 205 946.562
    endloop
  endfacet
  facet normal 0 1 0
    outer loop
      vertex 104.939 205 963.939
      vertex 84.7049 205 941.877
      vertex 84.6726 205 941.898
    endloop
  endfacet
  facet normal 0 1 0
    outer loop
      vertex 105.25 205 963.701
      vertex 91.0821 205 936.821
      vertex 84.7049 205 941.877
    endloop
  endfacet
  facet normal 0 1 0
    outer loop
      vertex 105.612 205 963.551
      vertex 91.1107 205 936.798
      vertex 91.0821 205 936.821
    endloop
  endfacet
  facet normal 0 1 0
    outer loop
      vertex 106 205 963.5
      vertex 96.6144 205 931.399
      vertex 91.1107 205 936.798
    endloop
  endfacet
  facet normal 0 1 0
    outer loop
      vertex 106.388 205 963.551
      vertex 96.6391 205 931.375
      vertex 96.6144 205 931.399
    endloop
  endfacet
  facet normal 0 1 0
    outer loop
      vertex 106.75 205 963.701
      vertex 96.6391 205 931.375
      vertex 106.388 205 963.551
    endloop
  endfacet
  facet normal 0 1 0
    outer loop
      vertex 106.75 205 963.701
      vertex 101.237 205 925.658
      vertex 101.216 205 925.684
    endloop
  endfacet
  facet normal 0 1 0
    outer loop
      vertex 121.25 205 968.75
      vertex 104.843 205 919.731
      vertex 101.237 205 925.658
    endloop
  endfacet
  facet normal 0 1 0
    outer loop
      vertex 121.25 205 968.75
      vertex 104.86 205 919.705
      vertex 104.843 205 919.731
    endloop
  endfacet
  facet normal 0 1 0
    outer loop
      vertex 121.25 205 968.75
      vertex 107.461 205 913.598
      vertex 104.86 205 919.705
    endloop
  endfacet
  facet normal 0 1 0
    outer loop
      vertex 121.25 205 968.75
      vertex 107.472 205 913.571
      vertex 107.461 205 913.598
    endloop
  endfacet
  facet normal 0 1 0
    outer loop
      vertex 121.25 205 968.75
      vertex 109.043 205 907.344
      vertex 107.472 205 913.571
    endloop
  endfacet
  facet normal 0 1 0
    outer loop
      vertex 121.25 205 968.75
      vertex 109.05 205 907.316
      vertex 109.043 205 907.344
    endloop
  endfacet
  facet normal 0 1 0
    outer loop
      vertex 121.25 205 968.75
      vertex 109.576 205 901.029
      vertex 109.05 205 907.316
    endloop
  endfacet
  facet normal 0 1 0
    outer loop
      vertex 121.25 205 968.75
      vertex 109.578 205 901
      vertex 109.576 205 901.029
    endloop
  endfacet
  facet normal 0 1 -0
    outer loop
      vertex 121.25 205 833.25
      vertex 109.578 205 901
      vertex 121.25 205 968.75
    endloop
  endfacet
  facet normal 0 1 0
    outer loop
      vertex 109.578 205 901
      vertex 121.25 205 833.25
      vertex 109.576 205 900.971
    endloop
  endfacet
  facet normal 0 1 0
    outer loop
      vertex 104.701 205 836.25
      vertex 69.4769 205 851.174
      vertex 104.551 205 836.612
    endloop
  endfacet
  facet normal 0 1 0
    outer loop
      vertex 69.5155 205 851.191
      vertex 104.551 205 836.612
      vertex 69.4769 205 851.174
    endloop
  endfacet
  facet normal 0 1 0
    outer loop
      vertex 104.551 205 836.612
      vertex 69.5155 205 851.191
      vertex 104.5 205 837
    endloop
  endfacet
  facet normal 0 1 0
    outer loop
      vertex 77.4477 205 855.418
      vertex 104.5 205 837
      vertex 69.5155 205 851.191
    endloop
  endfacet
  facet normal 0 1 0
    outer loop
      vertex 77.4833 205 855.438
      vertex 104.5 205 837
      vertex 77.4477 205 855.418
    endloop
  endfacet
  facet normal 0 1 -0
    outer loop
      vertex 104.5 205 837
      vertex 77.4833 205 855.438
      vertex 104.551 205 837.388
    endloop
  endfacet
  facet normal 0 1 -0
    outer loop
      vertex 104.551 205 837.388
      vertex 77.4833 205 855.438
      vertex 104.701 205 837.75
    endloop
  endfacet
  facet normal 0 1 0
    outer loop
      vertex 84.6726 205 860.102
      vertex 104.701 205 837.75
      vertex 77.4833 205 855.438
    endloop
  endfacet
  facet normal 0 1 -0
    outer loop
      vertex 104.701 205 837.75
      vertex 84.6726 205 860.102
      vertex 104.939 205 838.061
    endloop
  endfacet
  facet normal 0 1 0
    outer loop
      vertex 84.7049 205 860.123
      vertex 104.939 205 838.061
      vertex 84.6726 205 860.102
    endloop
  endfacet
  facet normal 0 1 -0
    outer loop
      vertex 104.939 205 838.061
      vertex 84.7049 205 860.123
      vertex 105.25 205 838.299
    endloop
  endfacet
  facet normal 0 1 0
    outer loop
      vertex 91.0821 205 865.179
      vertex 105.25 205 838.299
      vertex 84.7049 205 860.123
    endloop
  endfacet
  facet normal 0 1 -0
    outer loop
      vertex 105.25 205 838.299
      vertex 91.0821 205 865.179
      vertex 105.612 205 838.449
    endloop
  endfacet
  facet normal 0 1 0
    outer loop
      vertex 91.1107 205 865.202
      vertex 105.612 205 838.449
      vertex 91.0821 205 865.179
    endloop
  endfacet
  facet normal 0 1 -0
    outer loop
      vertex 105.612 205 838.449
      vertex 91.1107 205 865.202
      vertex 106 205 838.5
    endloop
  endfacet
  facet normal 0 1 0
    outer loop
      vertex 96.6144 205 870.601
      vertex 106 205 838.5
      vertex 91.1107 205 865.202
    endloop
  endfacet
  facet normal 0 1 0
    outer loop
      vertex 106.388 205 838.449
      vertex 96.6144 205 870.601
      vertex 96.6391 205 870.625
    endloop
  endfacet
  facet normal 0 1 0
    outer loop
      vertex 106.75 205 838.299
      vertex 96.6391 205 870.625
      vertex 101.216 205 876.316
    endloop
  endfacet
  facet normal 0 1 0
    outer loop
      vertex 106.75 205 838.299
      vertex 101.216 205 876.316
      vertex 101.237 205 876.342
    endloop
  endfacet
  facet normal 0 1 0
    outer loop
      vertex 121.25 205 833.25
      vertex 101.237 205 876.342
      vertex 104.843 205 882.269
    endloop
  endfacet
  facet normal 0 1 0
    outer loop
      vertex 121.25 205 833.25
      vertex 104.843 205 882.269
      vertex 104.86 205 882.295
    endloop
  endfacet
  facet normal 0 1 0
    outer loop
      vertex 121.25 205 833.25
      vertex 104.86 205 882.295
      vertex 107.461 205 888.402
    endloop
  endfacet
  facet normal 0 1 0
    outer loop
      vertex 121.25 205 833.25
      vertex 107.461 205 888.402
      vertex 107.472 205 888.429
    endloop
  endfacet
  facet normal 0 1 0
    outer loop
      vertex 121.25 205 833.25
      vertex 107.472 205 888.429
      vertex 109.043 205 894.656
    endloop
  endfacet
  facet normal 0 1 0
    outer loop
      vertex 121.25 205 833.25
      vertex 109.043 205 894.656
      vertex 109.05 205 894.684
    endloop
  endfacet
  facet normal 0 1 0
    outer loop
      vertex 109.576 205 900.971
      vertex 121.25 205 833.25
      vertex 109.05 205 894.684
    endloop
  endfacet
  facet normal 0 1 0
    outer loop
      vertex 96.6144 205 870.601
      vertex 106.388 205 838.449
      vertex 106 205 838.5
    endloop
  endfacet
  facet normal 0 1 0
    outer loop
      vertex 96.6391 205 870.625
      vertex 106.75 205 838.299
      vertex 106.388 205 838.449
    endloop
  endfacet
  facet normal 0 1 0
    outer loop
      vertex 101.237 205 876.342
      vertex 121.25 205 833.25
      vertex 106.75 205 838.299
    endloop
  endfacet
  facet normal 0 1 0
    outer loop
      vertex 106.75 205 838.299
      vertex 121.25 205 833.25
      vertex 107.061 205 838.061
    endloop
  endfacet
  facet normal 0 1 0
    outer loop
      vertex 107.061 205 838.061
      vertex 121.25 205 833.25
      vertex 107.299 205 837.75
    endloop
  endfacet
  facet normal 0 1 0
    outer loop
      vertex 107.299 205 837.75
      vertex 121.25 205 833.25
      vertex 107.449 205 837.388
    endloop
  endfacet
  facet normal 0 1 0
    outer loop
      vertex 106.388 205 835.551
      vertex 117.25 205 829.25
      vertex 106 205 835.5
    endloop
  endfacet
  facet normal 0 1 0
    outer loop
      vertex 106.75 205 835.701
      vertex 117.25 205 829.25
      vertex 106.388 205 835.551
    endloop
  endfacet
  facet normal 0 1 0
    outer loop
      vertex 107.061 205 835.939
      vertex 117.25 205 829.25
      vertex 106.75 205 835.701
    endloop
  endfacet
  facet normal 0 1 0
    outer loop
      vertex 107.299 205 836.25
      vertex 117.25 205 829.25
      vertex 107.061 205 835.939
    endloop
  endfacet
  facet normal 0 1 0
    outer loop
      vertex 107.449 205 836.612
      vertex 117.25 205 829.25
      vertex 107.299 205 836.25
    endloop
  endfacet
  facet normal 0 1 -0
    outer loop
      vertex 117.25 205 829.25
      vertex 107.449 205 836.612
      vertex 121.25 205 833.25
    endloop
  endfacet
  facet normal 0 1 0
    outer loop
      vertex 107.5 205 837
      vertex 121.25 205 833.25
      vertex 107.449 205 836.612
    endloop
  endfacet
  facet normal 0 1 0
    outer loop
      vertex 107.449 205 837.388
      vertex 121.25 205 833.25
      vertex 107.5 205 837
    endloop
  endfacet
  facet normal 0 1 0
    outer loop
      vertex -120.342 205 971.288
      vertex -121.25 205 968.75
      vertex -120.576 205 970.972
    endloop
  endfacet
  facet normal 0 1 0
    outer loop
      vertex -120.576 205 970.972
      vertex -121.25 205 968.75
      vertex -120.778 205 970.636
    endloop
  endfacet
  facet normal 0 1 0
    outer loop
      vertex -120.946 205 970.281
      vertex -121.25 205 968.75
      vertex -121.078 205 969.911
    endloop
  endfacet
  facet normal 0 1 0
    outer loop
      vertex -121.078 205 969.911
      vertex -121.25 205 968.75
      vertex -121.173 205 969.53
    endloop
  endfacet
  facet normal 0 1 0
    outer loop
      vertex -121.173 205 969.53
      vertex -121.25 205 968.75
      vertex -121.231 205 969.142
    endloop
  endfacet
  facet normal 0 1 0
    outer loop
      vertex -120.778 205 970.636
      vertex -121.25 205 968.75
      vertex -120.946 205 970.281
    endloop
  endfacet
  facet normal 0 1 -0
    outer loop
      vertex -107.5 205 965
      vertex -121.25 205 968.75
      vertex -107.449 205 965.388
    endloop
  endfacet
  facet normal 0 1 0
    outer loop
      vertex -107.449 205 964.612
      vertex -121.25 205 968.75
      vertex -107.5 205 965
    endloop
  endfacet
  facet normal 0 1 0
    outer loop
      vertex -107.299 205 964.25
      vertex -121.25 205 968.75
      vertex -107.449 205 964.612
    endloop
  endfacet
  facet normal 0 1 0
    outer loop
      vertex -107.061 205 963.939
      vertex -121.25 205 968.75
      vertex -107.299 205 964.25
    endloop
  endfacet
  facet normal 0 1 0
    outer loop
      vertex -106.75 205 963.701
      vertex -121.25 205 968.75
      vertex -107.061 205 963.939
    endloop
  endfacet
  facet normal 0 1 0
    outer loop
      vertex -96.6391 205 931.375
      vertex -106.75 205 963.701
      vertex -106.388 205 963.551
    endloop
  endfacet
  facet normal 0 1 0
    outer loop
      vertex -104.701 205 965.75
      vertex -69.4769 205 950.826
      vertex -104.551 205 965.388
    endloop
  endfacet
  facet normal 0 1 -0
    outer loop
      vertex -69.5155 205 950.809
      vertex -104.551 205 965.388
      vertex -69.4769 205 950.826
    endloop
  endfacet
  facet normal 0 1 0
    outer loop
      vertex -104.551 205 965.388
      vertex -69.5155 205 950.809
      vertex -104.5 205 965
    endloop
  endfacet
  facet normal 0 1 -0
    outer loop
      vertex -77.4477 205 946.582
      vertex -104.5 205 965
      vertex -69.5155 205 950.809
    endloop
  endfacet
  facet normal 0 1 -0
    outer loop
      vertex -77.4833 205 946.562
      vertex -104.5 205 965
      vertex -77.4477 205 946.582
    endloop
  endfacet
  facet normal 0 1 0
    outer loop
      vertex -104.5 205 965
      vertex -77.4833 205 946.562
      vertex -104.551 205 964.612
    endloop
  endfacet
  facet normal 0 1 0
    outer loop
      vertex -104.551 205 964.612
      vertex -77.4833 205 946.562
      vertex -104.701 205 964.25
    endloop
  endfacet
  facet normal 0 1 -0
    outer loop
      vertex -84.6726 205 941.898
      vertex -104.701 205 964.25
      vertex -77.4833 205 946.562
    endloop
  endfacet
  facet normal 0 1 0
    outer loop
      vertex -104.701 205 964.25
      vertex -84.6726 205 941.898
      vertex -104.939 205 963.939
    endloop
  endfacet
  facet normal 0 1 -0
    outer loop
      vertex -84.7049 205 941.877
      vertex -104.939 205 963.939
      vertex -84.6726 205 941.898
    endloop
  endfacet
  facet normal 0 1 0
    outer loop
      vertex -104.939 205 963.939
      vertex -84.7049 205 941.877
      vertex -105.25 205 963.701
    endloop
  endfacet
  facet normal 0 1 -0
    outer loop
      vertex -91.0821 205 936.821
      vertex -105.25 205 963.701
      vertex -84.7049 205 941.877
    endloop
  endfacet
  facet normal 0 1 0
    outer loop
      vertex -105.25 205 963.701
      vertex -91.0821 205 936.821
      vertex -105.612 205 963.551
    endloop
  endfacet
  facet normal 0 1 -0
    outer loop
      vertex -91.1107 205 936.798
      vertex -105.612 205 963.551
      vertex -91.0821 205 936.821
    endloop
  endfacet
  facet normal 0 1 0
    outer loop
      vertex -105.612 205 963.551
      vertex -91.1107 205 936.798
      vertex -106 205 963.5
    endloop
  endfacet
  facet normal 0 1 -0
    outer loop
      vertex -96.6144 205 931.399
      vertex -106 205 963.5
      vertex -91.1107 205 936.798
    endloop
  endfacet
  facet normal 0 1 0
    outer loop
      vertex -106 205 963.5
      vertex -96.6144 205 931.399
      vertex -106.388 205 963.551
    endloop
  endfacet
  facet normal 0 1 -0
    outer loop
      vertex -96.6391 205 931.375
      vertex -106.388 205 963.551
      vertex -96.6144 205 931.399
    endloop
  endfacet
  facet normal 0 1 0
    outer loop
      vertex -106.75 205 963.701
      vertex -96.6391 205 931.375
      vertex -101.216 205 925.684
    endloop
  endfacet
  facet normal 0 1 -0
    outer loop
      vertex -101.237 205 925.658
      vertex -106.75 205 963.701
      vertex -101.216 205 925.684
    endloop
  endfacet
  facet normal 0 1 0
    outer loop
      vertex -106.75 205 963.701
      vertex -101.237 205 925.658
      vertex -121.25 205 968.75
    endloop
  endfacet
  facet normal 0 1 -0
    outer loop
      vertex -104.843 205 919.731
      vertex -121.25 205 968.75
      vertex -101.237 205 925.658
    endloop
  endfacet
  facet normal 0 1 -0
    outer loop
      vertex -104.86 205 919.705
      vertex -121.25 205 968.75
      vertex -104.843 205 919.731
    endloop
  endfacet
  facet normal 0 1 -0
    outer loop
      vertex -107.461 205 913.598
      vertex -121.25 205 968.75
      vertex -104.86 205 919.705
    endloop
  endfacet
  facet normal 0 1 -0
    outer loop
      vertex -107.472 205 913.571
      vertex -121.25 205 968.75
      vertex -107.461 205 913.598
    endloop
  endfacet
  facet normal 0 1 -0
    outer loop
      vertex -109.043 205 907.344
      vertex -121.25 205 968.75
      vertex -107.472 205 913.571
    endloop
  endfacet
  facet normal 0 1 -0
    outer loop
      vertex -109.05 205 907.316
      vertex -121.25 205 968.75
      vertex -109.043 205 907.344
    endloop
  endfacet
  facet normal 0 1 -0
    outer loop
      vertex -109.576 205 901.029
      vertex -121.25 205 968.75
      vertex -109.05 205 907.316
    endloop
  endfacet
  facet normal 0 1 -0
    outer loop
      vertex -109.578 205 901
      vertex -121.25 205 968.75
      vertex -109.576 205 901.029
    endloop
  endfacet
  facet normal 0 1 0
    outer loop
      vertex -121.25 205 833.25
      vertex -109.578 205 901
      vertex -109.576 205 900.971
    endloop
  endfacet
  facet normal 0 1 0
    outer loop
      vertex -121.25 205 833.25
      vertex -109.576 205 900.971
      vertex -109.05 205 894.684
    endloop
  endfacet
  facet normal 0 1 0
    outer loop
      vertex -117.25 205 829.25
      vertex -31.8088 205 839.339
      vertex -31.7622 205 839.332
    endloop
  endfacet
  facet normal 0 1 0
    outer loop
      vertex -105.612 205 838.449
      vertex -41.8884 205 841.46
      vertex -31.8088 205 839.339
    endloop
  endfacet
  facet normal 0 1 0
    outer loop
      vertex -105.612 205 838.449
      vertex -41.9337 205 841.47
      vertex -41.8884 205 841.46
    endloop
  endfacet
  facet normal 0 1 0
    outer loop
      vertex -105.612 205 838.449
      vertex -51.6112 205 844.161
      vertex -41.9337 205 841.47
    endloop
  endfacet
  facet normal 0 1 0
    outer loop
      vertex -105.612 205 838.449
      vertex -51.6547 205 844.173
      vertex -51.6112 205 844.161
    endloop
  endfacet
  facet normal 0 1 0
    outer loop
      vertex -105.612 205 838.449
      vertex -60.837 205 847.409
      vertex -51.6547 205 844.173
    endloop
  endfacet
  facet normal 0 1 0
    outer loop
      vertex -105.612 205 838.449
      vertex -60.8783 205 847.424
      vertex -60.837 205 847.409
    endloop
  endfacet
  facet normal 0 1 0
    outer loop
      vertex -105.612 205 838.449
      vertex -69.4769 205 851.174
      vertex -60.8783 205 847.424
    endloop
  endfacet
  facet normal 0 1 0
    outer loop
      vertex -105.612 205 838.449
      vertex -69.5155 205 851.191
      vertex -69.4769 205 851.174
    endloop
  endfacet
  facet normal 0 1 0
    outer loop
      vertex -105.612 205 838.449
      vertex -77.4477 205 855.418
      vertex -69.5155 205 851.191
    endloop
  endfacet
  facet normal 0 1 0
    outer loop
      vertex -105.612 205 838.449
      vertex -77.4833 205 855.438
      vertex -77.4477 205 855.418
    endloop
  endfacet
  facet normal 0 1 0
    outer loop
      vertex -105.612 205 838.449
      vertex -84.6726 205 860.102
      vertex -77.4833 205 855.438
    endloop
  endfacet
  facet normal 0 1 0
    outer loop
      vertex -105.612 205 838.449
      vertex -84.7049 205 860.123
      vertex -84.6726 205 860.102
    endloop
  endfacet
  facet normal 0 1 0
    outer loop
      vertex -105.612 205 838.449
      vertex -91.0821 205 865.179
      vertex -84.7049 205 860.123
    endloop
  endfacet
  facet normal 0 1 0
    outer loop
      vertex -105.612 205 838.449
      vertex -91.1107 205 865.202
      vertex -91.0821 205 865.179
    endloop
  endfacet
  facet normal 0 1 0
    outer loop
      vertex -106 205 838.5
      vertex -96.6144 205 870.601
      vertex -91.1107 205 865.202
    endloop
  endfacet
  facet normal 0 1 0
    outer loop
      vertex -106.388 205 838.449
      vertex -96.6144 205 870.601
      vertex -106 205 838.5
    endloop
  endfacet
  facet normal 0 1 0
    outer loop
      vertex -96.6144 205 870.601
      vertex -106.388 205 838.449
      vertex -96.6391 205 870.625
    endloop
  endfacet
  facet normal 0 1 0
    outer loop
      vertex -106.75 205 838.299
      vertex -96.6391 205 870.625
      vertex -106.388 205 838.449
    endloop
  endfacet
  facet normal 0 1 0
    outer loop
      vertex -96.6391 205 870.625
      vertex -106.75 205 838.299
      vertex -101.216 205 876.316
    endloop
  endfacet
  facet normal 0 1 0
    outer loop
      vertex -101.216 205 876.316
      vertex -106.75 205 838.299
      vertex -101.237 205 876.342
    endloop
  endfacet
  facet normal 0 1 0
    outer loop
      vertex -121.25 205 833.25
      vertex -101.237 205 876.342
      vertex -106.75 205 838.299
    endloop
  endfacet
  facet normal 0 1 0
    outer loop
      vertex -101.237 205 876.342
      vertex -121.25 205 833.25
      vertex -104.843 205 882.269
    endloop
  endfacet
  facet normal 0 1 0
    outer loop
      vertex -104.843 205 882.269
      vertex -121.25 205 833.25
      vertex -104.86 205 882.295
    endloop
  endfacet
  facet normal 0 1 0
    outer loop
      vertex -104.86 205 882.295
      vertex -121.25 205 833.25
      vertex -107.461 205 888.402
    endloop
  endfacet
  facet normal 0 1 0
    outer loop
      vertex -107.461 205 888.402
      vertex -121.25 205 833.25
      vertex -107.472 205 888.429
    endloop
  endfacet
  facet normal 0 1 0
    outer loop
      vertex -107.472 205 888.429
      vertex -121.25 205 833.25
      vertex -109.043 205 894.656
    endloop
  endfacet
  facet normal 0 1 0
    outer loop
      vertex -109.043 205 894.656
      vertex -121.25 205 833.25
      vertex -109.05 205 894.684
    endloop
  endfacet
  facet normal 0 1 0
    outer loop
      vertex -121.25 205 833.25
      vertex -106.75 205 838.299
      vertex -107.061 205 838.061
    endloop
  endfacet
  facet normal 0 1 0
    outer loop
      vertex -121.25 205 833.25
      vertex -107.061 205 838.061
      vertex -107.299 205 837.75
    endloop
  endfacet
  facet normal 0 1 0
    outer loop
      vertex -121.25 205 833.25
      vertex -107.299 205 837.75
      vertex -107.449 205 837.388
    endloop
  endfacet
  facet normal 0 1 0
    outer loop
      vertex -121.25 205 833.25
      vertex -107.449 205 837.388
      vertex -107.5 205 837
    endloop
  endfacet
  facet normal 0 1 0
    outer loop
      vertex -109.578 205 901
      vertex -121.25 205 833.25
      vertex -121.25 205 968.75
    endloop
  endfacet
  facet normal 0 1 0
    outer loop
      vertex -107.449 205 836.612
      vertex -121.25 205 833.25
      vertex -107.5 205 837
    endloop
  endfacet
  facet normal 0 1 0
    outer loop
      vertex -117.25 205 829.25
      vertex -107.449 205 836.612
      vertex -107.299 205 836.25
    endloop
  endfacet
  facet normal 0 1 0
    outer loop
      vertex -117.25 205 829.25
      vertex -107.299 205 836.25
      vertex -107.061 205 835.939
    endloop
  endfacet
  facet normal 0 1 0
    outer loop
      vertex -117.25 205 829.25
      vertex -107.061 205 835.939
      vertex -106.75 205 835.701
    endloop
  endfacet
  facet normal 0 1 0
    outer loop
      vertex -117.25 205 829.25
      vertex -106.75 205 835.701
      vertex -106.388 205 835.551
    endloop
  endfacet
  facet normal 0 1 0
    outer loop
      vertex -117.25 205 829.25
      vertex -106.388 205 835.551
      vertex -106 205 835.5
    endloop
  endfacet
  facet normal 0 1 0
    outer loop
      vertex -105.25 205 835.701
      vertex -117.25 205 829.25
      vertex -105.612 205 835.551
    endloop
  endfacet
  facet normal 0 1 0
    outer loop
      vertex 117.25 205 829.25
      vertex 121.25 205 833.25
      vertex 121.231 205 832.858
    endloop
  endfacet
  facet normal 0 1 0
    outer loop
      vertex -105.612 205 835.551
      vertex -117.25 205 829.25
      vertex -106 205 835.5
    endloop
  endfacet
  facet normal 0 1 0
    outer loop
      vertex 117.25 205 829.25
      vertex 121.231 205 832.858
      vertex 121.173 205 832.47
    endloop
  endfacet
  facet normal 0 1 0
    outer loop
      vertex -107.449 205 836.612
      vertex -117.25 205 829.25
      vertex -121.25 205 833.25
    endloop
  endfacet
  facet normal 0 1 0
    outer loop
      vertex 117.25 205 829.25
      vertex 121.173 205 832.47
      vertex 121.078 205 832.089
    endloop
  endfacet
  facet normal 0 1 0
    outer loop
      vertex -121.25 205 833.25
      vertex -117.25 205 829.25
      vertex -121.231 205 832.858
    endloop
  endfacet
  facet normal 0 1 0
    outer loop
      vertex 117.25 205 829.25
      vertex 121.078 205 832.089
      vertex 120.946 205 831.719
    endloop
  endfacet
  facet normal 0 1 0
    outer loop
      vertex -121.231 205 832.858
      vertex -117.25 205 829.25
      vertex -121.173 205 832.47
    endloop
  endfacet
  facet normal 0 1 0
    outer loop
      vertex 117.25 205 829.25
      vertex 120.946 205 831.719
      vertex 120.778 205 831.364
    endloop
  endfacet
  facet normal 0 1 0
    outer loop
      vertex -121.173 205 832.47
      vertex -117.25 205 829.25
      vertex -121.078 205 832.089
    endloop
  endfacet
  facet normal 0 1 0
    outer loop
      vertex 117.25 205 829.25
      vertex 120.778 205 831.364
      vertex 120.576 205 831.028
    endloop
  endfacet
  facet normal 0 1 0
    outer loop
      vertex -121.078 205 832.089
      vertex -117.25 205 829.25
      vertex -120.946 205 831.719
    endloop
  endfacet
  facet normal 0 1 0
    outer loop
      vertex 117.25 205 829.25
      vertex 120.576 205 831.028
      vertex 120.342 205 830.712
    endloop
  endfacet
  facet normal 0 1 0
    outer loop
      vertex -120.946 205 831.719
      vertex -117.25 205 829.25
      vertex -120.778 205 831.364
    endloop
  endfacet
  facet normal 0 1 0
    outer loop
      vertex 117.25 205 829.25
      vertex 120.342 205 830.712
      vertex 120.078 205 830.422
    endloop
  endfacet
  facet normal 0 1 0
    outer loop
      vertex -120.778 205 831.364
      vertex -117.25 205 829.25
      vertex -120.576 205 831.028
    endloop
  endfacet
  facet normal 0 1 0
    outer loop
      vertex 117.25 205 829.25
      vertex 120.078 205 830.422
      vertex 119.788 205 830.158
    endloop
  endfacet
  facet normal 0 1 0
    outer loop
      vertex -120.576 205 831.028
      vertex -117.25 205 829.25
      vertex -120.342 205 830.712
    endloop
  endfacet
  facet normal 0 1 0
    outer loop
      vertex 117.25 205 829.25
      vertex 119.788 205 830.158
      vertex 119.472 205 829.924
    endloop
  endfacet
  facet normal 0 1 0
    outer loop
      vertex -120.342 205 830.712
      vertex -117.25 205 829.25
      vertex -120.078 205 830.422
    endloop
  endfacet
  facet normal 0 1 0
    outer loop
      vertex 117.25 205 829.25
      vertex 119.472 205 829.924
      vertex 119.136 205 829.722
    endloop
  endfacet
  facet normal 0 1 0
    outer loop
      vertex -120.078 205 830.422
      vertex -117.25 205 829.25
      vertex -119.788 205 830.158
    endloop
  endfacet
  facet normal 0 1 0
    outer loop
      vertex 117.25 205 829.25
      vertex 119.136 205 829.722
      vertex 118.781 205 829.555
    endloop
  endfacet
  facet normal 0 1 0
    outer loop
      vertex -119.788 205 830.158
      vertex -117.25 205 829.25
      vertex -119.472 205 829.924
    endloop
  endfacet
  facet normal 0 1 0
    outer loop
      vertex 117.25 205 829.25
      vertex 118.781 205 829.555
      vertex 118.411 205 829.422
    endloop
  endfacet
  facet normal 0 1 0
    outer loop
      vertex -119.472 205 829.924
      vertex -117.25 205 829.25
      vertex -119.136 205 829.722
    endloop
  endfacet
  facet normal 0 1 0
    outer loop
      vertex 117.25 205 829.25
      vertex 118.411 205 829.422
      vertex 118.03 205 829.327
    endloop
  endfacet
  facet normal 0 1 0
    outer loop
      vertex -119.136 205 829.722
      vertex -117.25 205 829.25
      vertex -118.781 205 829.555
    endloop
  endfacet
  facet normal 0 1 0
    outer loop
      vertex 117.25 205 829.25
      vertex 118.03 205 829.327
      vertex 117.642 205 829.269
    endloop
  endfacet
  facet normal 0 1 0
    outer loop
      vertex -118.781 205 829.555
      vertex -117.25 205 829.25
      vertex -118.411 205 829.422
    endloop
  endfacet
  facet normal 0 1 0
    outer loop
      vertex -118.411 205 829.422
      vertex -117.25 205 829.25
      vertex -118.03 205 829.327
    endloop
  endfacet
  facet normal 0 1 0
    outer loop
      vertex -118.03 205 829.327
      vertex -117.25 205 829.25
      vertex -117.642 205 829.269
    endloop
  endfacet
  facet normal 0 1 -0
    outer loop
      vertex -31.7622 205 962.668
      vertex -117.25 205 972.75
      vertex -21.3776 205 964.197
    endloop
  endfacet
  facet normal 0 1 -0
    outer loop
      vertex -31.8088 205 962.661
      vertex -117.25 205 972.75
      vertex -31.7622 205 962.668
    endloop
  endfacet
  facet normal 0 1 -0
    outer loop
      vertex -41.8884 205 960.54
      vertex -117.25 205 972.75
      vertex -31.8088 205 962.661
    endloop
  endfacet
  facet normal 0 1 -0
    outer loop
      vertex -41.9337 205 960.53
      vertex -117.25 205 972.75
      vertex -41.8884 205 960.54
    endloop
  endfacet
  facet normal 0 1 0
    outer loop
      vertex -117.25 205 972.75
      vertex -105.25 205 966.299
      vertex -105.612 205 966.449
    endloop
  endfacet
  facet normal 0 1 0
    outer loop
      vertex -117.25 205 972.75
      vertex -41.9337 205 960.53
      vertex -105.25 205 966.299
    endloop
  endfacet
  facet normal 0 1 -0
    outer loop
      vertex -51.6112 205 957.839
      vertex -105.25 205 966.299
      vertex -41.9337 205 960.53
    endloop
  endfacet
  facet normal 0 1 -0
    outer loop
      vertex -51.6547 205 957.827
      vertex -105.25 205 966.299
      vertex -51.6112 205 957.839
    endloop
  endfacet
  facet normal 0 1 0
    outer loop
      vertex -105.25 205 966.299
      vertex -51.6547 205 957.827
      vertex -104.939 205 966.061
    endloop
  endfacet
  facet normal 0 1 -0
    outer loop
      vertex -60.837 205 954.591
      vertex -104.939 205 966.061
      vertex -51.6547 205 957.827
    endloop
  endfacet
  facet normal 0 1 -0
    outer loop
      vertex -60.8783 205 954.576
      vertex -104.939 205 966.061
      vertex -60.837 205 954.591
    endloop
  endfacet
  facet normal 0 1 0
    outer loop
      vertex -104.939 205 966.061
      vertex -60.8783 205 954.576
      vertex -104.701 205 965.75
    endloop
  endfacet
  facet normal 0 1 -0
    outer loop
      vertex -69.4769 205 950.826
      vertex -104.701 205 965.75
      vertex -60.8783 205 954.576
    endloop
  endfacet
  facet normal 0.803647 0 -0.595106
    outer loop
      vertex -120.342 205 971.288
      vertex -120.576 210 970.972
      vertex -120.342 210 971.288
    endloop
  endfacet
  facet normal 0.803647 0 -0.595106
    outer loop
      vertex -120.576 210 970.972
      vertex -120.342 205 971.288
      vertex -120.576 205 970.972
    endloop
  endfacet
  facet normal 0.803647 -0 0.595106
    outer loop
      vertex -120.576 205 831.028
      vertex -120.342 210 830.712
      vertex -120.576 210 831.028
    endloop
  endfacet
  facet normal 0.803647 0 0.595106
    outer loop
      vertex -120.342 210 830.712
      vertex -120.576 205 831.028
      vertex -120.342 205 830.712
    endloop
  endfacet
  facet normal -0.241936 0 0.970292
    outer loop
      vertex 118.03 210 829.327
      vertex 118.411 205 829.422
      vertex 118.411 210 829.422
    endloop
  endfacet
  facet normal -0.241936 0 0.970292
    outer loop
      vertex 118.411 205 829.422
      vertex 118.03 210 829.327
      vertex 118.03 205 829.327
    endloop
  endfacet
  facet normal -0.147842 0 0.989011
    outer loop
      vertex 117.642 210 829.269
      vertex 118.03 205 829.327
      vertex 118.03 210 829.327
    endloop
  endfacet
  facet normal -0.147842 0 0.989011
    outer loop
      vertex 118.03 205 829.327
      vertex 117.642 210 829.269
      vertex 117.642 205 829.269
    endloop
  endfacet
  facet normal 0.67318 0 0.739478
    outer loop
      vertex -120.078 210 830.422
      vertex -119.788 205 830.158
      vertex -119.788 210 830.158
    endloop
  endfacet
  facet normal 0.67318 0 0.739478
    outer loop
      vertex -119.788 205 830.158
      vertex -120.078 210 830.422
      vertex -120.078 205 830.422
    endloop
  endfacet
  facet normal -0.0484126 0 -0.998827
    outer loop
      vertex 117.25 205 972.75
      vertex 117.642 210 972.731
      vertex 117.642 205 972.731
    endloop
  endfacet
  facet normal -0.0484126 0 -0.998827
    outer loop
      vertex 117.642 210 972.731
      vertex 117.25 205 972.75
      vertex 117.25 210 972.75
    endloop
  endfacet
  facet normal 0.147842 0 0.989011
    outer loop
      vertex -118.03 210 829.327
      vertex -117.642 205 829.269
      vertex -117.642 210 829.269
    endloop
  endfacet
  facet normal 0.147842 0 0.989011
    outer loop
      vertex -117.642 205 829.269
      vertex -118.03 210 829.327
      vertex -118.03 205 829.327
    endloop
  endfacet
  facet normal 0.903893 -0 0.427758
    outer loop
      vertex -120.946 205 831.719
      vertex -120.778 210 831.364
      vertex -120.946 210 831.719
    endloop
  endfacet
  facet normal 0.903893 0 0.427758
    outer loop
      vertex -120.778 210 831.364
      vertex -120.946 205 831.719
      vertex -120.778 205 831.364
    endloop
  endfacet
  facet normal 0.970292 -0 0.241936
    outer loop
      vertex -121.173 205 832.47
      vertex -121.078 210 832.089
      vertex -121.173 210 832.47
    endloop
  endfacet
  facet normal 0.970292 0 0.241936
    outer loop
      vertex -121.078 210 832.089
      vertex -121.173 205 832.47
      vertex -121.078 205 832.089
    endloop
  endfacet
  facet normal 0.595106 0 0.803647
    outer loop
      vertex -119.788 210 830.158
      vertex -119.472 205 829.924
      vertex -119.472 210 829.924
    endloop
  endfacet
  facet normal 0.595106 0 0.803647
    outer loop
      vertex -119.472 205 829.924
      vertex -119.788 210 830.158
      vertex -119.788 205 830.158
    endloop
  endfacet
  facet normal 0.998827 -0 0.0484126
    outer loop
      vertex -121.25 205 833.25
      vertex -121.231 210 832.858
      vertex -121.25 210 833.25
    endloop
  endfacet
  facet normal 0.998827 0 0.0484126
    outer loop
      vertex -121.231 210 832.858
      vertex -121.25 205 833.25
      vertex -121.231 205 832.858
    endloop
  endfacet
  facet normal 0.241936 0 0.970292
    outer loop
      vertex -118.411 210 829.422
      vertex -118.03 205 829.327
      vertex -118.03 210 829.327
    endloop
  endfacet
  facet normal 0.241936 0 0.970292
    outer loop
      vertex -118.03 205 829.327
      vertex -118.411 210 829.422
      vertex -118.411 205 829.422
    endloop
  endfacet
  facet normal 0.739478 -0 0.67318
    outer loop
      vertex -120.342 205 830.712
      vertex -120.078 210 830.422
      vertex -120.342 210 830.712
    endloop
  endfacet
  facet normal 0.739478 0 0.67318
    outer loop
      vertex -120.078 210 830.422
      vertex -120.342 205 830.712
      vertex -120.078 205 830.422
    endloop
  endfacet
  facet normal 0.857042 0 -0.515246
    outer loop
      vertex -120.576 205 970.972
      vertex -120.778 210 970.636
      vertex -120.576 210 970.972
    endloop
  endfacet
  facet normal 0.857042 0 -0.515246
    outer loop
      vertex -120.778 210 970.636
      vertex -120.576 205 970.972
      vertex -120.778 205 970.636
    endloop
  endfacet
  facet normal -0.241936 0 -0.970292
    outer loop
      vertex 118.03 205 972.673
      vertex 118.411 210 972.578
      vertex 118.411 205 972.578
    endloop
  endfacet
  facet normal -0.241936 0 -0.970292
    outer loop
      vertex 118.411 210 972.578
      vertex 118.03 205 972.673
      vertex 118.03 210 972.673
    endloop
  endfacet
  facet normal 0.425674 0 0.904876
    outer loop
      vertex -119.136 210 829.722
      vertex -118.781 205 829.555
      vertex -118.781 210 829.555
    endloop
  endfacet
  facet normal 0.425674 0 0.904876
    outer loop
      vertex -118.781 205 829.555
      vertex -119.136 210 829.722
      vertex -119.136 205 829.722
    endloop
  endfacet
  facet normal 0.338269 0 0.941049
    outer loop
      vertex -118.781 210 829.555
      vertex -118.411 205 829.422
      vertex -118.411 210 829.422
    endloop
  endfacet
  facet normal 0.338269 0 0.941049
    outer loop
      vertex -118.411 205 829.422
      vertex -118.781 210 829.555
      vertex -118.781 205 829.555
    endloop
  endfacet
  facet normal 0.67318 0 -0.739478
    outer loop
      vertex -120.078 205 971.578
      vertex -119.788 210 971.842
      vertex -119.788 205 971.842
    endloop
  endfacet
  facet normal 0.67318 0 -0.739478
    outer loop
      vertex -119.788 210 971.842
      vertex -120.078 205 971.578
      vertex -120.078 210 971.578
    endloop
  endfacet
  facet normal -0.425674 0 -0.904876
    outer loop
      vertex 118.781 205 972.445
      vertex 119.136 210 972.278
      vertex 119.136 205 972.278
    endloop
  endfacet
  facet normal -0.425674 0 -0.904876
    outer loop
      vertex 119.136 210 972.278
      vertex 118.781 205 972.445
      vertex 118.781 210 972.445
    endloop
  endfacet
  facet normal -0.998827 0 -0.0484126
    outer loop
      vertex 121.25 205 968.75
      vertex 121.231 210 969.142
      vertex 121.25 210 968.75
    endloop
  endfacet
  facet normal -0.998827 -0 -0.0484126
    outer loop
      vertex 121.231 210 969.142
      vertex 121.25 205 968.75
      vertex 121.231 205 969.142
    endloop
  endfacet
  facet normal 0.425674 0 -0.904876
    outer loop
      vertex -119.136 205 972.278
      vertex -118.781 210 972.445
      vertex -118.781 205 972.445
    endloop
  endfacet
  facet normal 0.425674 0 -0.904876
    outer loop
      vertex -118.781 210 972.445
      vertex -119.136 205 972.278
      vertex -119.136 210 972.278
    endloop
  endfacet
  facet normal 0.338269 0 -0.941049
    outer loop
      vertex -118.781 205 972.445
      vertex -118.411 210 972.578
      vertex -118.411 205 972.578
    endloop
  endfacet
  facet normal 0.338269 0 -0.941049
    outer loop
      vertex -118.411 210 972.578
      vertex -118.781 205 972.445
      vertex -118.781 210 972.445
    endloop
  endfacet
  facet normal 0.739478 0 -0.67318
    outer loop
      vertex -120.078 205 971.578
      vertex -120.342 210 971.288
      vertex -120.078 210 971.578
    endloop
  endfacet
  facet normal 0.739478 0 -0.67318
    outer loop
      vertex -120.342 210 971.288
      vertex -120.078 205 971.578
      vertex -120.342 205 971.288
    endloop
  endfacet
  facet normal 0.241936 0 -0.970292
    outer loop
      vertex -118.411 205 972.578
      vertex -118.03 210 972.673
      vertex -118.03 205 972.673
    endloop
  endfacet
  facet normal 0.241936 0 -0.970292
    outer loop
      vertex -118.03 210 972.673
      vertex -118.411 205 972.578
      vertex -118.411 210 972.578
    endloop
  endfacet
  facet normal 0.243655 0.682934 -0.688646
    outer loop
      vertex -39.8464 188 945.146
      vertex -51.6547 205 957.827
      vertex -39.7927 188 945.165
    endloop
  endfacet
  facet normal 0.242859 0.682736 -0.689123
    outer loop
      vertex -51.6547 205 957.827
      vertex -39.8464 188 945.146
      vertex -60.837 205 954.591
    endloop
  endfacet
  facet normal -0.112458 0.653361 -0.748648
    outer loop
      vertex 24.5042 188 948.922
      vertex 31.7622 205 962.668
      vertex 31.8088 205 962.661
    endloop
  endfacet
  facet normal -0.111294 0.653152 -0.749004
    outer loop
      vertex 31.7622 205 962.668
      vertex 24.5042 188 948.922
      vertex 16.5292 188 950.107
    endloop
  endfacet
  facet normal 0.155888 0.661014 0.734002
    outer loop
      vertex -41.8884 205 841.46
      vertex -32.304 188 854.734
      vertex -24.5632 188 853.09
    endloop
  endfacet
  facet normal 0.161504 0.662314 0.731612
    outer loop
      vertex -32.304 188 854.734
      vertex -41.8884 205 841.46
      vertex -41.9337 205 841.47
    endloop
  endfacet
  facet normal -0.197314 0.670423 0.715262
    outer loop
      vertex 51.6112 205 844.161
      vertex 39.7927 188 856.835
      vertex 51.6547 205 844.173
    endloop
  endfacet
  facet normal -0.200297 0.671279 0.713629
    outer loop
      vertex 39.7927 188 856.835
      vertex 51.6112 205 844.161
      vertex 32.3606 188 854.749
    endloop
  endfacet
  facet normal -0.0638173 0.647457 0.759426
    outer loop
      vertex 21.33 205 837.799
      vertex 16.4684 188 851.884
      vertex 21.3776 205 837.803
    endloop
  endfacet
  facet normal -0.066811 0.647833 0.758847
    outer loop
      vertex 16.4684 188 851.884
      vertex 21.33 205 837.799
      vertex 8.33599 188 851.168
    endloop
  endfacet
  facet normal 0.0613342 0.647392 -0.759685
    outer loop
      vertex -8.33599 188 950.832
      vertex -10.7405 205 965.125
      vertex -8.27406 188 950.837
    endloop
  endfacet
  facet normal 0.0662363 0.647594 -0.759101
    outer loop
      vertex -10.7405 205 965.125
      vertex -8.33599 188 950.832
      vertex -21.33 205 964.201
    endloop
  endfacet
  facet normal -0.154636 0.660336 -0.734876
    outer loop
      vertex 24.5632 188 948.91
      vertex 31.8088 205 962.661
      vertex 41.8884 205 960.54
    endloop
  endfacet
  facet normal -0.149802 0.659611 -0.736527
    outer loop
      vertex 31.8088 205 962.661
      vertex 24.5632 188 948.91
      vertex 24.5042 188 948.922
    endloop
  endfacet
  facet normal 0.559243 0.827679 -0.0468555
    outer loop
      vertex -84.011 188 905.872
      vertex -109.05 205 907.316
      vertex -84.0079 188 905.909
    endloop
  endfacet
  facet normal 0.559247 0.82768 -0.0467892
    outer loop
      vertex -109.05 205 907.316
      vertex -84.011 188 905.872
      vertex -109.576 205 901.029
    endloop
  endfacet
  facet normal 0.0223222 0.645128 0.763748
    outer loop
      vertex -10.6925 205 836.874
      vertex -8.27406 188 851.163
      vertex -0.0625295 188 850.923
    endloop
  endfacet
  facet normal 0.0159227 0.644675 0.764291
    outer loop
      vertex -8.27406 188 851.163
      vertex -10.6925 205 836.874
      vertex -10.7405 205 836.875
    endloop
  endfacet
  facet normal -0.551317 0.822956 -0.137084
    outer loop
      vertex 107.472 205 913.571
      vertex 82.8016 188 910.733
      vertex 82.7924 188 910.77
    endloop
  endfacet
  facet normal -0.551013 0.822837 -0.139014
    outer loop
      vertex 82.8016 188 910.733
      vertex 107.472 205 913.571
      vertex 109.043 205 907.344
    endloop
  endfacet
  facet normal -0.197314 0.670423 -0.715262
    outer loop
      vertex 39.7927 188 945.165
      vertex 51.6112 205 957.839
      vertex 51.6547 205 957.827
    endloop
  endfacet
  facet normal -0.200297 0.671279 -0.713629
    outer loop
      vertex 51.6112 205 957.839
      vertex 39.7927 188 945.165
      vertex 32.3606 188 947.251
    endloop
  endfacet
  facet normal 0.111294 0.653152 -0.749004
    outer loop
      vertex -24.5042 188 948.922
      vertex -31.7622 205 962.668
      vertex -16.5292 188 950.107
    endloop
  endfacet
  facet normal 0.112458 0.653361 -0.748648
    outer loop
      vertex -31.7622 205 962.668
      vertex -24.5042 188 948.922
      vertex -31.8088 205 962.661
    endloop
  endfacet
  facet normal 0.373093 0.732188 0.569827
    outer loop
      vertex -84.6726 205 860.102
      vertex -65.2532 188 869.231
      vertex -59.732 188 865.616
    endloop
  endfacet
  facet normal 0.371651 0.731512 0.571635
    outer loop
      vertex -65.2532 188 869.231
      vertex -84.6726 205 860.102
      vertex -84.7049 205 860.123
    endloop
  endfacet
  facet normal -0.329603 0.713301 0.618517
    outer loop
      vertex 69.5155 205 851.191
      vertex 53.5983 188 862.314
      vertex 77.4477 205 855.418
    endloop
  endfacet
  facet normal -0.332042 0.714115 0.61627
    outer loop
      vertex 53.5983 188 862.314
      vertex 69.5155 205 851.191
      vertex 53.5519 188 862.289
    endloop
  endfacet
  facet normal -0.413895 0.750871 -0.514669
    outer loop
      vertex 70.188 188 928.822
      vertex 91.0821 205 936.821
      vertex 91.1107 205 936.798
    endloop
  endfacet
  facet normal -0.412927 0.750381 -0.516158
    outer loop
      vertex 91.0821 205 936.821
      vertex 70.188 188 928.822
      vertex 65.2905 188 932.74
    endloop
  endfacet
  facet normal -0.198792 0.670369 0.714904
    outer loop
      vertex 41.9337 205 841.47
      vertex 32.3606 188 854.749
      vertex 51.6112 205 844.161
    endloop
  endfacet
  facet normal -0.190478 0.668681 0.718737
    outer loop
      vertex 32.3606 188 854.749
      vertex 41.9337 205 841.47
      vertex 32.304 188 854.734
    endloop
  endfacet
  facet normal 0.066811 0.647833 0.758847
    outer loop
      vertex -21.33 205 837.799
      vertex -16.4684 188 851.884
      vertex -8.33599 188 851.168
    endloop
  endfacet
  facet normal 0.0638173 0.647457 0.759426
    outer loop
      vertex -16.4684 188 851.884
      vertex -21.33 205 837.799
      vertex -21.3776 205 837.803
    endloop
  endfacet
  facet normal 0.482046 0.784548 0.390019
    outer loop
      vertex -96.6391 205 870.625
      vertex -74.4736 188 877.426
      vertex -74.4469 188 877.393
    endloop
  endfacet
  facet normal 0.482841 0.784904 0.388318
    outer loop
      vertex -74.4736 188 877.426
      vertex -96.6391 205 870.625
      vertex -101.216 205 876.316
    endloop
  endfacet
  facet normal 0.331236 0.714619 -0.616119
    outer loop
      vertex -59.69 188 936.411
      vertex -77.4477 205 946.582
      vertex -53.5983 188 939.686
    endloop
  endfacet
  facet normal 0.34063 0.718571 -0.606322
    outer loop
      vertex -77.4477 205 946.582
      vertex -59.69 188 936.411
      vertex -77.4833 205 946.562
    endloop
  endfacet
  facet normal -0.329603 0.713301 -0.618517
    outer loop
      vertex 53.5983 188 939.686
      vertex 69.5155 205 950.809
      vertex 77.4477 205 946.582
    endloop
  endfacet
  facet normal -0.332042 0.714115 -0.61627
    outer loop
      vertex 69.5155 205 950.809
      vertex 53.5983 188 939.686
      vertex 53.5519 188 939.711
    endloop
  endfacet
  facet normal -0.482841 0.784904 0.388318
    outer loop
      vertex 96.6391 205 870.625
      vertex 74.4736 188 877.426
      vertex 101.216 205 876.316
    endloop
  endfacet
  facet normal -0.482046 0.784548 0.390019
    outer loop
      vertex 74.4736 188 877.426
      vertex 96.6391 205 870.625
      vertex 74.4469 188 877.393
    endloop
  endfacet
  facet normal -0.248646 0.685193 0.684606
    outer loop
      vertex 60.837 205 847.409
      vertex 46.8981 188 859.361
      vertex 60.8783 205 847.424
    endloop
  endfacet
  facet normal -0.244427 0.683786 0.687526
    outer loop
      vertex 46.8981 188 859.361
      vertex 60.837 205 847.409
      vertex 39.8464 188 856.854
    endloop
  endfacet
  facet normal -0.550999 0.823058 0.13775
    outer loop
      vertex 109.043 205 894.656
      vertex 84.0079 188 896.091
      vertex 109.05 205 894.684
    endloop
  endfacet
  facet normal -0.550995 0.823055 0.137783
    outer loop
      vertex 84.0079 188 896.091
      vertex 109.043 205 894.656
      vertex 82.8016 188 891.267
    endloop
  endfacet
  facet normal 0.28829 0.698379 0.6551
    outer loop
      vertex -69.4769 205 851.174
      vertex -53.5519 188 862.289
      vertex -46.9484 188 859.383
    endloop
  endfacet
  facet normal 0.288454 0.698442 0.65496
    outer loop
      vertex -53.5519 188 862.289
      vertex -69.4769 205 851.174
      vertex -69.5155 205 851.191
    endloop
  endfacet
  facet normal 0.200297 0.671279 -0.713629
    outer loop
      vertex -39.7927 188 945.165
      vertex -51.6112 205 957.839
      vertex -32.3606 188 947.251
    endloop
  endfacet
  facet normal 0.197314 0.670423 -0.715262
    outer loop
      vertex -51.6112 205 957.839
      vertex -39.7927 188 945.165
      vertex -51.6547 205 957.827
    endloop
  endfacet
  facet normal -0.242859 0.682736 -0.689123
    outer loop
      vertex 39.8464 188 945.146
      vertex 51.6547 205 957.827
      vertex 60.837 205 954.591
    endloop
  endfacet
  facet normal -0.243655 0.682934 -0.688646
    outer loop
      vertex 51.6547 205 957.827
      vertex 39.8464 188 945.146
      vertex 39.7927 188 945.165
    endloop
  endfacet
  facet normal 0.36955 0.730051 -0.574855
    outer loop
      vertex -59.732 188 936.384
      vertex -77.4833 205 946.562
      vertex -59.69 188 936.411
    endloop
  endfacet
  facet normal 0.371508 0.730782 -0.57266
    outer loop
      vertex -77.4833 205 946.562
      vertex -59.732 188 936.384
      vertex -84.6726 205 941.898
    endloop
  endfacet
  facet normal 0.412927 0.750381 -0.516158
    outer loop
      vertex -70.188 188 928.822
      vertex -91.0821 205 936.821
      vertex -65.2905 188 932.74
    endloop
  endfacet
  facet normal 0.413895 0.750871 -0.514669
    outer loop
      vertex -91.0821 205 936.821
      vertex -70.188 188 928.822
      vertex -91.1107 205 936.798
    endloop
  endfacet
  facet normal -0.248646 0.685193 -0.684606
    outer loop
      vertex 46.8981 188 942.639
      vertex 60.837 205 954.591
      vertex 60.8783 205 954.576
    endloop
  endfacet
  facet normal -0.244427 0.683786 -0.687526
    outer loop
      vertex 60.837 205 954.591
      vertex 46.8981 188 942.639
      vertex 39.8464 188 945.146
    endloop
  endfacet
  facet normal -0.371651 0.731512 -0.571635
    outer loop
      vertex 65.2532 188 932.769
      vertex 84.6726 205 941.898
      vertex 84.7049 205 941.877
    endloop
  endfacet
  facet normal -0.373093 0.732188 -0.569827
    outer loop
      vertex 84.6726 205 941.898
      vertex 65.2532 188 932.769
      vertex 59.732 188 936.384
    endloop
  endfacet
  facet normal 0.36955 0.730051 0.574855
    outer loop
      vertex -77.4833 205 855.438
      vertex -59.732 188 865.616
      vertex -59.69 188 865.589
    endloop
  endfacet
  facet normal 0.371508 0.730782 0.57266
    outer loop
      vertex -59.732 188 865.616
      vertex -77.4833 205 855.438
      vertex -84.6726 205 860.102
    endloop
  endfacet
  facet normal -0.2866 0.697136 0.657162
    outer loop
      vertex 60.8783 205 847.424
      vertex 46.9484 188 859.383
      vertex 69.4769 205 851.174
    endloop
  endfacet
  facet normal -0.287223 0.697319 0.656696
    outer loop
      vertex 46.9484 188 859.383
      vertex 60.8783 205 847.424
      vertex 46.8981 188 859.361
    endloop
  endfacet
  facet normal -0.449022 0.767373 0.45773
    outer loop
      vertex 91.1107 205 865.202
      vertex 70.2202 188 873.209
      vertex 96.6144 205 870.601
    endloop
  endfacet
  facet normal -0.445845 0.766 0.463104
    outer loop
      vertex 70.2202 188 873.209
      vertex 91.1107 205 865.202
      vertex 70.188 188 873.178
    endloop
  endfacet
  facet normal -0.0662363 0.647594 0.759101
    outer loop
      vertex 10.7405 205 836.875
      vertex 8.33599 188 851.168
      vertex 21.33 205 837.799
    endloop
  endfacet
  facet normal -0.0613342 0.647392 0.759685
    outer loop
      vertex 8.33599 188 851.168
      vertex 10.7405 205 836.875
      vertex 8.27406 188 851.163
    endloop
  endfacet
  facet normal -0.0662363 0.647594 -0.759101
    outer loop
      vertex 8.33599 188 950.832
      vertex 10.7405 205 965.125
      vertex 21.33 205 964.201
    endloop
  endfacet
  facet normal -0.0613342 0.647392 -0.759685
    outer loop
      vertex 10.7405 205 965.125
      vertex 8.33599 188 950.832
      vertex 8.27406 188 950.837
    endloop
  endfacet
  facet normal -0.447172 0.766968 -0.460214
    outer loop
      vertex 74.4469 188 924.607
      vertex 96.6144 205 931.399
      vertex 96.6391 205 931.375
    endloop
  endfacet
  facet normal -0.450088 0.76856 -0.454682
    outer loop
      vertex 96.6144 205 931.399
      vertex 74.4469 188 924.607
      vertex 70.2202 188 928.791
    endloop
  endfacet
  facet normal 0.551317 0.822956 -0.137084
    outer loop
      vertex -82.8016 188 910.733
      vertex -107.472 205 913.571
      vertex -82.7924 188 910.77
    endloop
  endfacet
  facet normal 0.551013 0.822837 -0.139014
    outer loop
      vertex -107.472 205 913.571
      vertex -82.8016 188 910.733
      vertex -109.043 205 907.344
    endloop
  endfacet
  facet normal -0.551013 0.822837 0.139014
    outer loop
      vertex 107.472 205 888.429
      vertex 82.8016 188 891.267
      vertex 109.043 205 894.656
    endloop
  endfacet
  facet normal -0.551317 0.822956 0.137084
    outer loop
      vertex 82.8016 188 891.267
      vertex 107.472 205 888.429
      vertex 82.7924 188 891.23
    endloop
  endfacet
  facet normal 0.412927 0.750381 0.516158
    outer loop
      vertex -91.0821 205 865.179
      vertex -70.188 188 873.178
      vertex -65.2905 188 869.26
    endloop
  endfacet
  facet normal 0.413895 0.750871 0.514669
    outer loop
      vertex -70.188 188 873.178
      vertex -91.0821 205 865.179
      vertex -91.1107 205 865.202
    endloop
  endfacet
  facet normal -0.559243 0.827679 -0.0468555
    outer loop
      vertex 109.05 205 907.316
      vertex 84.011 188 905.872
      vertex 84.0079 188 905.909
    endloop
  endfacet
  facet normal -0.559247 0.82768 -0.0467892
    outer loop
      vertex 84.011 188 905.872
      vertex 109.05 205 907.316
      vertex 109.576 205 901.029
    endloop
  endfacet
  facet normal -0.559386 0.828009 0.0385783
    outer loop
      vertex 109.576 205 900.971
      vertex 84.4144 188 901
      vertex 109.578 205 901
    endloop
  endfacet
  facet normal -0.559196 0.827742 0.0463012
    outer loop
      vertex 84.4144 188 901
      vertex 109.576 205 900.971
      vertex 84.011 188 896.128
    endloop
  endfacet
  facet normal 0.332042 0.714115 -0.61627
    outer loop
      vertex -53.5983 188 939.686
      vertex -69.5155 205 950.809
      vertex -53.5519 188 939.711
    endloop
  endfacet
  facet normal 0.329603 0.713301 -0.618517
    outer loop
      vertex -69.5155 205 950.809
      vertex -53.5983 188 939.686
      vertex -77.4477 205 946.582
    endloop
  endfacet
  facet normal 0.110931 0.652758 -0.7494
    outer loop
      vertex -16.5292 188 950.107
      vertex -21.3776 205 964.197
      vertex -16.4684 188 950.116
    endloop
  endfacet
  facet normal 0.110359 0.652704 -0.749532
    outer loop
      vertex -21.3776 205 964.197
      vertex -16.5292 188 950.107
      vertex -31.7622 205 962.668
    endloop
  endfacet
  facet normal 0.535046 0.813645 -0.227395
    outer loop
      vertex -80.7948 188 915.501
      vertex -104.86 205 919.705
      vertex -80.7795 188 915.537
    endloop
  endfacet
  facet normal 0.534935 0.813595 -0.227831
    outer loop
      vertex -104.86 205 919.705
      vertex -80.7948 188 915.501
      vertex -107.461 205 913.598
    endloop
  endfacet
  facet normal 0.066811 0.647833 -0.758847
    outer loop
      vertex -16.4684 188 950.116
      vertex -21.33 205 964.201
      vertex -8.33599 188 950.832
    endloop
  endfacet
  facet normal 0.0638173 0.647457 -0.759426
    outer loop
      vertex -21.33 205 964.201
      vertex -16.4684 188 950.116
      vertex -21.3776 205 964.197
    endloop
  endfacet
  facet normal 0.535078 0.814032 -0.225929
    outer loop
      vertex -82.7924 188 910.77
      vertex -107.461 205 913.598
      vertex -80.7948 188 915.501
    endloop
  endfacet
  facet normal 0.536601 0.815026 -0.218615
    outer loop
      vertex -107.461 205 913.598
      vertex -82.7924 188 910.77
      vertex -107.472 205 913.571
    endloop
  endfacet
  facet normal 0.483574 0.785868 -0.385444
    outer loop
      vertex -77.9887 188 920.164
      vertex -101.216 205 925.684
      vertex -74.4736 188 924.574
    endloop
  endfacet
  facet normal 0.481984 0.784947 -0.389295
    outer loop
      vertex -101.216 205 925.684
      vertex -77.9887 188 920.164
      vertex -101.237 205 925.658
    endloop
  endfacet
  facet normal -0.34063 0.718571 0.606322
    outer loop
      vertex 77.4477 205 855.418
      vertex 59.69 188 865.589
      vertex 77.4833 205 855.438
    endloop
  endfacet
  facet normal -0.331236 0.714619 0.616119
    outer loop
      vertex 59.69 188 865.589
      vertex 77.4477 205 855.418
      vertex 53.5983 188 862.314
    endloop
  endfacet
  facet normal 0.331236 0.714619 0.616119
    outer loop
      vertex -77.4477 205 855.418
      vertex -59.69 188 865.589
      vertex -53.5983 188 862.314
    endloop
  endfacet
  facet normal 0.34063 0.718571 0.606322
    outer loop
      vertex -59.69 188 865.589
      vertex -77.4477 205 855.418
      vertex -77.4833 205 855.438
    endloop
  endfacet
  facet normal -0.411585 0.749062 -0.519138
    outer loop
      vertex 65.2905 188 932.74
      vertex 84.7049 205 941.877
      vertex 91.0821 205 936.821
    endloop
  endfacet
  facet normal -0.407725 0.747492 -0.524419
    outer loop
      vertex 84.7049 205 941.877
      vertex 65.2905 188 932.74
      vertex 65.2532 188 932.769
    endloop
  endfacet
  facet normal 0.536601 0.815026 0.218615
    outer loop
      vertex -82.7924 188 891.23
      vertex -107.461 205 888.402
      vertex -107.472 205 888.429
    endloop
  endfacet
  facet normal 0.535078 0.814032 0.225929
    outer loop
      vertex -107.461 205 888.402
      vertex -82.7924 188 891.23
      vertex -80.7948 188 886.499
    endloop
  endfacet
  facet normal 0.0613342 0.647392 0.759685
    outer loop
      vertex -10.7405 205 836.875
      vertex -8.33599 188 851.168
      vertex -8.27406 188 851.163
    endloop
  endfacet
  facet normal 0.0662363 0.647594 0.759101
    outer loop
      vertex -8.33599 188 851.168
      vertex -10.7405 205 836.875
      vertex -21.33 205 837.799
    endloop
  endfacet
  facet normal 0.0122173 0.645171 -0.763941
    outer loop
      vertex -0.0625295 188 951.077
      vertex 0 205 965.435
      vertex 0 188 951.078
    endloop
  endfacet
  facet normal 0.0220737 0.64504 -0.76383
    outer loop
      vertex 0 205 965.435
      vertex -0.0625295 188 951.077
      vertex -10.6925 205 965.126
    endloop
  endfacet
  facet normal 0.287223 0.697319 -0.656696
    outer loop
      vertex -46.9484 188 942.617
      vertex -60.8783 205 954.576
      vertex -46.8981 188 942.639
    endloop
  endfacet
  facet normal 0.2866 0.697136 -0.657162
    outer loop
      vertex -60.8783 205 954.576
      vertex -46.9484 188 942.617
      vertex -69.4769 205 950.826
    endloop
  endfacet
  facet normal -0.0122173 0.645171 -0.763941
    outer loop
      vertex 0 205 965.435
      vertex 0.0625295 188 951.077
      vertex 0 188 951.078
    endloop
  endfacet
  facet normal -0.0220737 0.64504 -0.76383
    outer loop
      vertex 0.0625295 188 951.077
      vertex 0 205 965.435
      vertex 10.6925 205 965.126
    endloop
  endfacet
  facet normal -0.110359 0.652704 0.749532
    outer loop
      vertex 21.3776 205 837.803
      vertex 16.5292 188 851.893
      vertex 31.7622 205 839.332
    endloop
  endfacet
  facet normal -0.110931 0.652758 0.7494
    outer loop
      vertex 16.5292 188 851.893
      vertex 21.3776 205 837.803
      vertex 16.4684 188 851.884
    endloop
  endfacet
  facet normal -0.154636 0.660336 0.734876
    outer loop
      vertex 31.8088 205 839.339
      vertex 24.5632 188 853.09
      vertex 41.8884 205 841.46
    endloop
  endfacet
  facet normal -0.149802 0.659611 0.736527
    outer loop
      vertex 24.5632 188 853.09
      vertex 31.8088 205 839.339
      vertex 24.5042 188 853.078
    endloop
  endfacet
  facet normal 0.550995 0.823055 -0.137783
    outer loop
      vertex -84.0079 188 905.909
      vertex -109.043 205 907.344
      vertex -82.8016 188 910.733
    endloop
  endfacet
  facet normal 0.550999 0.823058 -0.13775
    outer loop
      vertex -109.043 205 907.344
      vertex -84.0079 188 905.909
      vertex -109.05 205 907.316
    endloop
  endfacet
  facet normal -0.371508 0.730782 -0.57266
    outer loop
      vertex 59.732 188 936.384
      vertex 77.4833 205 946.562
      vertex 84.6726 205 941.898
    endloop
  endfacet
  facet normal -0.36955 0.730051 -0.574855
    outer loop
      vertex 77.4833 205 946.562
      vertex 59.732 188 936.384
      vertex 59.69 188 936.411
    endloop
  endfacet
  facet normal -0.242859 0.682736 0.689123
    outer loop
      vertex 51.6547 205 844.173
      vertex 39.8464 188 856.854
      vertex 60.837 205 847.409
    endloop
  endfacet
  facet normal -0.243655 0.682934 0.688646
    outer loop
      vertex 39.8464 188 856.854
      vertex 51.6547 205 844.173
      vertex 39.7927 188 856.835
    endloop
  endfacet
  facet normal -0.0159227 0.644675 0.764291
    outer loop
      vertex 10.6925 205 836.874
      vertex 8.27406 188 851.163
      vertex 10.7405 205 836.875
    endloop
  endfacet
  facet normal -0.0223222 0.645128 0.763748
    outer loop
      vertex 8.27406 188 851.163
      vertex 10.6925 205 836.874
      vertex 0.0625295 188 850.923
    endloop
  endfacet
  facet normal -0.112458 0.653361 0.748648
    outer loop
      vertex 31.7622 205 839.332
      vertex 24.5042 188 853.078
      vertex 31.8088 205 839.339
    endloop
  endfacet
  facet normal -0.111294 0.653152 0.749004
    outer loop
      vertex 24.5042 188 853.078
      vertex 31.7622 205 839.332
      vertex 16.5292 188 851.893
    endloop
  endfacet
  facet normal -0.161504 0.662314 0.731612
    outer loop
      vertex 41.8884 205 841.46
      vertex 32.304 188 854.734
      vertex 41.9337 205 841.47
    endloop
  endfacet
  facet normal -0.155888 0.661014 0.734002
    outer loop
      vertex 32.304 188 854.734
      vertex 41.8884 205 841.46
      vertex 24.5632 188 853.09
    endloop
  endfacet
  facet normal 0.535046 0.813645 0.227395
    outer loop
      vertex -104.86 205 882.295
      vertex -80.7948 188 886.499
      vertex -80.7795 188 886.463
    endloop
  endfacet
  facet normal 0.534935 0.813595 0.227831
    outer loop
      vertex -80.7948 188 886.499
      vertex -104.86 205 882.295
      vertex -107.461 205 888.402
    endloop
  endfacet
  facet normal -0.449022 0.767373 -0.45773
    outer loop
      vertex 70.2202 188 928.791
      vertex 91.1107 205 936.798
      vertex 96.6144 205 931.399
    endloop
  endfacet
  facet normal -0.445845 0.766 -0.463104
    outer loop
      vertex 91.1107 205 936.798
      vertex 70.2202 188 928.791
      vertex 70.188 188 928.822
    endloop
  endfacet
  facet normal -0.161504 0.662314 -0.731612
    outer loop
      vertex 32.304 188 947.266
      vertex 41.8884 205 960.54
      vertex 41.9337 205 960.53
    endloop
  endfacet
  facet normal -0.155888 0.661014 -0.734002
    outer loop
      vertex 41.8884 205 960.54
      vertex 32.304 188 947.266
      vertex 24.5632 188 948.91
    endloop
  endfacet
  facet normal -0.198792 0.670369 -0.714904
    outer loop
      vertex 32.3606 188 947.251
      vertex 41.9337 205 960.53
      vertex 51.6112 205 957.839
    endloop
  endfacet
  facet normal -0.190478 0.668681 -0.718737
    outer loop
      vertex 41.9337 205 960.53
      vertex 32.3606 188 947.251
      vertex 32.304 188 947.266
    endloop
  endfacet
  facet normal -0.482841 0.784904 -0.388318
    outer loop
      vertex 74.4736 188 924.574
      vertex 96.6391 205 931.375
      vertex 101.216 205 925.684
    endloop
  endfacet
  facet normal -0.482046 0.784548 -0.390019
    outer loop
      vertex 96.6391 205 931.375
      vertex 74.4736 188 924.574
      vertex 74.4469 188 924.607
    endloop
  endfacet
  facet normal -0.413895 0.750871 0.514669
    outer loop
      vertex 91.0821 205 865.179
      vertex 70.188 188 873.178
      vertex 91.1107 205 865.202
    endloop
  endfacet
  facet normal -0.412927 0.750381 0.516158
    outer loop
      vertex 70.188 188 873.178
      vertex 91.0821 205 865.179
      vertex 65.2905 188 869.26
    endloop
  endfacet
  facet normal 0.510039 0.799795 -0.316524
    outer loop
      vertex -78.0098 188 920.13
      vertex -101.237 205 925.658
      vertex -77.9887 188 920.164
    endloop
  endfacet
  facet normal 0.511866 0.800632 -0.31142
    outer loop
      vertex -101.237 205 925.658
      vertex -78.0098 188 920.13
      vertex -104.843 205 919.731
    endloop
  endfacet
  facet normal -0.0638173 0.647457 -0.759426
    outer loop
      vertex 16.4684 188 950.116
      vertex 21.33 205 964.201
      vertex 21.3776 205 964.197
    endloop
  endfacet
  facet normal -0.066811 0.647833 -0.758847
    outer loop
      vertex 21.33 205 964.201
      vertex 16.4684 188 950.116
      vertex 8.33599 188 950.832
    endloop
  endfacet
  facet normal -0.110359 0.652704 -0.749532
    outer loop
      vertex 16.5292 188 950.107
      vertex 21.3776 205 964.197
      vertex 31.7622 205 962.668
    endloop
  endfacet
  facet normal -0.110931 0.652758 -0.7494
    outer loop
      vertex 21.3776 205 964.197
      vertex 16.5292 188 950.107
      vertex 16.4684 188 950.116
    endloop
  endfacet
  facet normal -0.411585 0.749062 0.519138
    outer loop
      vertex 84.7049 205 860.123
      vertex 65.2905 188 869.26
      vertex 91.0821 205 865.179
    endloop
  endfacet
  facet normal -0.407725 0.747492 0.524419
    outer loop
      vertex 65.2905 188 869.26
      vertex 84.7049 205 860.123
      vertex 65.2532 188 869.231
    endloop
  endfacet
  facet normal -0.288454 0.698442 -0.65496
    outer loop
      vertex 53.5519 188 939.711
      vertex 69.4769 205 950.826
      vertex 69.5155 205 950.809
    endloop
  endfacet
  facet normal -0.28829 0.698379 -0.6551
    outer loop
      vertex 69.4769 205 950.826
      vertex 53.5519 188 939.711
      vertex 46.9484 188 942.617
    endloop
  endfacet
  facet normal 0.149802 0.659611 -0.736527
    outer loop
      vertex -24.5632 188 948.91
      vertex -31.8088 205 962.661
      vertex -24.5042 188 948.922
    endloop
  endfacet
  facet normal 0.154636 0.660336 -0.734876
    outer loop
      vertex -31.8088 205 962.661
      vertex -24.5632 188 948.91
      vertex -41.8884 205 960.54
    endloop
  endfacet
  facet normal -0.559386 0.828009 -0.0385783
    outer loop
      vertex 84.4144 188 901
      vertex 109.576 205 901.029
      vertex 109.578 205 901
    endloop
  endfacet
  facet normal -0.559196 0.827742 -0.0463012
    outer loop
      vertex 109.576 205 901.029
      vertex 84.4144 188 901
      vertex 84.011 188 905.872
    endloop
  endfacet
  facet normal 0.110931 0.652758 0.7494
    outer loop
      vertex -21.3776 205 837.803
      vertex -16.5292 188 851.893
      vertex -16.4684 188 851.884
    endloop
  endfacet
  facet normal 0.110359 0.652704 0.749532
    outer loop
      vertex -16.5292 188 851.893
      vertex -21.3776 205 837.803
      vertex -31.7622 205 839.332
    endloop
  endfacet
  facet normal 0.111294 0.653152 0.749004
    outer loop
      vertex -31.7622 205 839.332
      vertex -24.5042 188 853.078
      vertex -16.5292 188 851.893
    endloop
  endfacet
  facet normal 0.112458 0.653361 0.748648
    outer loop
      vertex -24.5042 188 853.078
      vertex -31.7622 205 839.332
      vertex -31.8088 205 839.339
    endloop
  endfacet
  facet normal 0.407725 0.747492 -0.524419
    outer loop
      vertex -65.2905 188 932.74
      vertex -84.7049 205 941.877
      vertex -65.2532 188 932.769
    endloop
  endfacet
  facet normal 0.411585 0.749062 -0.519138
    outer loop
      vertex -84.7049 205 941.877
      vertex -65.2905 188 932.74
      vertex -91.0821 205 936.821
    endloop
  endfacet
  facet normal 0.332042 0.714115 0.61627
    outer loop
      vertex -69.5155 205 851.191
      vertex -53.5983 188 862.314
      vertex -53.5519 188 862.289
    endloop
  endfacet
  facet normal 0.329603 0.713301 0.618517
    outer loop
      vertex -53.5983 188 862.314
      vertex -69.5155 205 851.191
      vertex -77.4477 205 855.418
    endloop
  endfacet
  facet normal 0.243655 0.682934 0.688646
    outer loop
      vertex -51.6547 205 844.173
      vertex -39.8464 188 856.854
      vertex -39.7927 188 856.835
    endloop
  endfacet
  facet normal 0.242859 0.682736 0.689123
    outer loop
      vertex -39.8464 188 856.854
      vertex -51.6547 205 844.173
      vertex -60.837 205 847.409
    endloop
  endfacet
  facet normal -0.550999 0.823058 -0.13775
    outer loop
      vertex 84.0079 188 905.909
      vertex 109.043 205 907.344
      vertex 109.05 205 907.316
    endloop
  endfacet
  facet normal -0.550995 0.823055 -0.137783
    outer loop
      vertex 109.043 205 907.344
      vertex 84.0079 188 905.909
      vertex 82.8016 188 910.733
    endloop
  endfacet
  facet normal 0.200297 0.671279 0.713629
    outer loop
      vertex -51.6112 205 844.161
      vertex -39.7927 188 856.835
      vertex -32.3606 188 854.749
    endloop
  endfacet
  facet normal 0.197314 0.670423 0.715262
    outer loop
      vertex -39.7927 188 856.835
      vertex -51.6112 205 844.161
      vertex -51.6547 205 844.173
    endloop
  endfacet
  facet normal 0.149802 0.659611 0.736527
    outer loop
      vertex -31.8088 205 839.339
      vertex -24.5632 188 853.09
      vertex -24.5042 188 853.078
    endloop
  endfacet
  facet normal 0.154636 0.660336 0.734876
    outer loop
      vertex -24.5632 188 853.09
      vertex -31.8088 205 839.339
      vertex -41.8884 205 841.46
    endloop
  endfacet
  facet normal 0.450088 0.76856 0.454682
    outer loop
      vertex -96.6144 205 870.601
      vertex -74.4469 188 877.393
      vertex -70.2202 188 873.209
    endloop
  endfacet
  facet normal 0.447172 0.766968 0.460214
    outer loop
      vertex -74.4469 188 877.393
      vertex -96.6144 205 870.601
      vertex -96.6391 205 870.625
    endloop
  endfacet
  facet normal 0.559386 0.828009 0.0385783
    outer loop
      vertex -84.4144 188 901
      vertex -109.576 205 900.971
      vertex -109.578 205 901
    endloop
  endfacet
  facet normal 0.559196 0.827742 0.0463012
    outer loop
      vertex -109.576 205 900.971
      vertex -84.4144 188 901
      vertex -84.011 188 896.128
    endloop
  endfacet
  facet normal -0.34063 0.718571 -0.606322
    outer loop
      vertex 59.69 188 936.411
      vertex 77.4477 205 946.582
      vertex 77.4833 205 946.562
    endloop
  endfacet
  facet normal -0.331236 0.714619 -0.616119
    outer loop
      vertex 77.4477 205 946.582
      vertex 59.69 188 936.411
      vertex 53.5983 188 939.686
    endloop
  endfacet
  facet normal 0.244427 0.683786 0.687526
    outer loop
      vertex -60.837 205 847.409
      vertex -46.8981 188 859.361
      vertex -39.8464 188 856.854
    endloop
  endfacet
  facet normal 0.248646 0.685193 0.684606
    outer loop
      vertex -46.8981 188 859.361
      vertex -60.837 205 847.409
      vertex -60.8783 205 847.424
    endloop
  endfacet
  facet normal 0.559243 0.827679 0.0468555
    outer loop
      vertex -109.05 205 894.684
      vertex -84.011 188 896.128
      vertex -84.0079 188 896.091
    endloop
  endfacet
  facet normal 0.559247 0.82768 0.0467892
    outer loop
      vertex -84.011 188 896.128
      vertex -109.05 205 894.684
      vertex -109.576 205 900.971
    endloop
  endfacet
  facet normal -0.511866 0.800632 0.31142
    outer loop
      vertex 101.237 205 876.342
      vertex 78.0098 188 881.87
      vertex 104.843 205 882.269
    endloop
  endfacet
  facet normal -0.510039 0.799795 0.316524
    outer loop
      vertex 78.0098 188 881.87
      vertex 101.237 205 876.342
      vertex 77.9887 188 881.836
    endloop
  endfacet
  facet normal 0.190478 0.668681 -0.718737
    outer loop
      vertex -32.3606 188 947.251
      vertex -41.9337 205 960.53
      vertex -32.304 188 947.266
    endloop
  endfacet
  facet normal 0.198792 0.670369 -0.714904
    outer loop
      vertex -41.9337 205 960.53
      vertex -32.3606 188 947.251
      vertex -51.6112 205 957.839
    endloop
  endfacet
  facet normal -0.2866 0.697136 -0.657162
    outer loop
      vertex 46.9484 188 942.617
      vertex 60.8783 205 954.576
      vertex 69.4769 205 950.826
    endloop
  endfacet
  facet normal -0.287223 0.697319 -0.656696
    outer loop
      vertex 60.8783 205 954.576
      vertex 46.9484 188 942.617
      vertex 46.8981 188 942.639
    endloop
  endfacet
  facet normal 0.450088 0.76856 -0.454682
    outer loop
      vertex -74.4469 188 924.607
      vertex -96.6144 205 931.399
      vertex -70.2202 188 928.791
    endloop
  endfacet
  facet normal 0.447172 0.766968 -0.460214
    outer loop
      vertex -96.6144 205 931.399
      vertex -74.4469 188 924.607
      vertex -96.6391 205 931.375
    endloop
  endfacet
  facet normal 0.244427 0.683786 -0.687526
    outer loop
      vertex -46.8981 188 942.639
      vertex -60.837 205 954.591
      vertex -39.8464 188 945.146
    endloop
  endfacet
  facet normal 0.248646 0.685193 -0.684606
    outer loop
      vertex -60.837 205 954.591
      vertex -46.8981 188 942.639
      vertex -60.8783 205 954.576
    endloop
  endfacet
  facet normal -0.505474 0.797035 -0.330502
    outer loop
      vertex 80.7795 188 915.537
      vertex 104.843 205 919.731
      vertex 104.86 205 919.705
    endloop
  endfacet
  facet normal -0.512276 0.801339 -0.308916
    outer loop
      vertex 104.843 205 919.731
      vertex 80.7795 188 915.537
      vertex 78.0098 188 920.13
    endloop
  endfacet
  facet normal -0.481984 0.784947 -0.389295
    outer loop
      vertex 77.9887 188 920.164
      vertex 101.216 205 925.684
      vertex 101.237 205 925.658
    endloop
  endfacet
  facet normal -0.483574 0.785868 -0.385444
    outer loop
      vertex 101.216 205 925.684
      vertex 77.9887 188 920.164
      vertex 74.4736 188 924.574
    endloop
  endfacet
  facet normal 0.155888 0.661014 -0.734002
    outer loop
      vertex -32.304 188 947.266
      vertex -41.8884 205 960.54
      vertex -24.5632 188 948.91
    endloop
  endfacet
  facet normal 0.161504 0.662314 -0.731612
    outer loop
      vertex -41.8884 205 960.54
      vertex -32.304 188 947.266
      vertex -41.9337 205 960.53
    endloop
  endfacet
  facet normal -0.535046 0.813645 -0.227395
    outer loop
      vertex 104.86 205 919.705
      vertex 80.7948 188 915.501
      vertex 80.7795 188 915.537
    endloop
  endfacet
  facet normal -0.534935 0.813595 -0.227831
    outer loop
      vertex 80.7948 188 915.501
      vertex 104.86 205 919.705
      vertex 107.461 205 913.598
    endloop
  endfacet
  facet normal -0.536601 0.815026 -0.218615
    outer loop
      vertex 82.7924 188 910.77
      vertex 107.461 205 913.598
      vertex 107.472 205 913.571
    endloop
  endfacet
  facet normal -0.535078 0.814032 -0.225929
    outer loop
      vertex 107.461 205 913.598
      vertex 82.7924 188 910.77
      vertex 80.7948 188 915.501
    endloop
  endfacet
  facet normal 0.550999 0.823058 0.13775
    outer loop
      vertex -84.0079 188 896.091
      vertex -109.043 205 894.656
      vertex -109.05 205 894.684
    endloop
  endfacet
  facet normal 0.550995 0.823055 0.137783
    outer loop
      vertex -109.043 205 894.656
      vertex -84.0079 188 896.091
      vertex -82.8016 188 891.267
    endloop
  endfacet
  facet normal 0.559196 0.827742 -0.0463012
    outer loop
      vertex -84.4144 188 901
      vertex -109.576 205 901.029
      vertex -84.011 188 905.872
    endloop
  endfacet
  facet normal 0.559386 0.828009 -0.0385783
    outer loop
      vertex -109.576 205 901.029
      vertex -84.4144 188 901
      vertex -109.578 205 901
    endloop
  endfacet
  facet normal 0.551317 0.822956 0.137084
    outer loop
      vertex -107.472 205 888.429
      vertex -82.8016 188 891.267
      vertex -82.7924 188 891.23
    endloop
  endfacet
  facet normal 0.551013 0.822837 0.139014
    outer loop
      vertex -82.8016 188 891.267
      vertex -107.472 205 888.429
      vertex -109.043 205 894.656
    endloop
  endfacet
  facet normal 0.483574 0.785868 0.385444
    outer loop
      vertex -101.216 205 876.316
      vertex -77.9887 188 881.836
      vertex -74.4736 188 877.426
    endloop
  endfacet
  facet normal 0.481984 0.784947 0.389295
    outer loop
      vertex -77.9887 188 881.836
      vertex -101.216 205 876.316
      vertex -101.237 205 876.342
    endloop
  endfacet
  facet normal 0.28829 0.698379 -0.6551
    outer loop
      vertex -53.5519 188 939.711
      vertex -69.4769 205 950.826
      vertex -46.9484 188 942.617
    endloop
  endfacet
  facet normal 0.288454 0.698442 -0.65496
    outer loop
      vertex -69.4769 205 950.826
      vertex -53.5519 188 939.711
      vertex -69.5155 205 950.809
    endloop
  endfacet
  facet normal 0.512276 0.801339 -0.308916
    outer loop
      vertex -80.7795 188 915.537
      vertex -104.843 205 919.731
      vertex -78.0098 188 920.13
    endloop
  endfacet
  facet normal 0.505474 0.797035 -0.330502
    outer loop
      vertex -104.843 205 919.731
      vertex -80.7795 188 915.537
      vertex -104.86 205 919.705
    endloop
  endfacet
  facet normal -0.481984 0.784947 0.389295
    outer loop
      vertex 101.216 205 876.316
      vertex 77.9887 188 881.836
      vertex 101.237 205 876.342
    endloop
  endfacet
  facet normal -0.483574 0.785868 0.385444
    outer loop
      vertex 77.9887 188 881.836
      vertex 101.216 205 876.316
      vertex 74.4736 188 877.426
    endloop
  endfacet
  facet normal 0.287223 0.697319 0.656696
    outer loop
      vertex -60.8783 205 847.424
      vertex -46.9484 188 859.383
      vertex -46.8981 188 859.361
    endloop
  endfacet
  facet normal 0.2866 0.697136 0.657162
    outer loop
      vertex -46.9484 188 859.383
      vertex -60.8783 205 847.424
      vertex -69.4769 205 851.174
    endloop
  endfacet
  facet normal 0.0223222 0.645128 -0.763748
    outer loop
      vertex -8.27406 188 950.837
      vertex -10.6925 205 965.126
      vertex -0.0625295 188 951.077
    endloop
  endfacet
  facet normal 0.0159227 0.644675 -0.764291
    outer loop
      vertex -10.6925 205 965.126
      vertex -8.27406 188 950.837
      vertex -10.7405 205 965.125
    endloop
  endfacet
  facet normal -0.0159227 0.644675 -0.764291
    outer loop
      vertex 8.27406 188 950.837
      vertex 10.6925 205 965.126
      vertex 10.7405 205 965.125
    endloop
  endfacet
  facet normal -0.0223222 0.645128 -0.763748
    outer loop
      vertex 10.6925 205 965.126
      vertex 8.27406 188 950.837
      vertex 0.0625295 188 951.077
    endloop
  endfacet
  facet normal 0.445845 0.766 0.463104
    outer loop
      vertex -91.1107 205 865.202
      vertex -70.2202 188 873.209
      vertex -70.188 188 873.178
    endloop
  endfacet
  facet normal 0.449022 0.767373 0.45773
    outer loop
      vertex -70.2202 188 873.209
      vertex -91.1107 205 865.202
      vertex -96.6144 205 870.601
    endloop
  endfacet
  facet normal -0.0220737 0.64504 0.76383
    outer loop
      vertex 0 205 836.565
      vertex 0.0625295 188 850.923
      vertex 10.6925 205 836.874
    endloop
  endfacet
  facet normal -0.0122173 0.645171 0.763941
    outer loop
      vertex 0.0625295 188 850.923
      vertex 0 205 836.565
      vertex 0 188 850.922
    endloop
  endfacet
  facet normal 0.0122173 0.645171 0.763941
    outer loop
      vertex 0 205 836.565
      vertex -0.0625295 188 850.923
      vertex 0 188 850.922
    endloop
  endfacet
  facet normal 0.0220737 0.64504 0.76383
    outer loop
      vertex -0.0625295 188 850.923
      vertex 0 205 836.565
      vertex -10.6925 205 836.874
    endloop
  endfacet
  facet normal 0.407725 0.747492 0.524419
    outer loop
      vertex -84.7049 205 860.123
      vertex -65.2905 188 869.26
      vertex -65.2532 188 869.231
    endloop
  endfacet
  facet normal 0.411585 0.749062 0.519138
    outer loop
      vertex -65.2905 188 869.26
      vertex -84.7049 205 860.123
      vertex -91.0821 205 865.179
    endloop
  endfacet
  facet normal -0.505474 0.797035 0.330502
    outer loop
      vertex 104.843 205 882.269
      vertex 80.7795 188 886.463
      vertex 104.86 205 882.295
    endloop
  endfacet
  facet normal -0.512276 0.801339 0.308916
    outer loop
      vertex 80.7795 188 886.463
      vertex 104.843 205 882.269
      vertex 78.0098 188 881.87
    endloop
  endfacet
  facet normal -0.371508 0.730782 0.57266
    outer loop
      vertex 77.4833 205 855.438
      vertex 59.732 188 865.616
      vertex 84.6726 205 860.102
    endloop
  endfacet
  facet normal -0.36955 0.730051 0.574855
    outer loop
      vertex 59.732 188 865.616
      vertex 77.4833 205 855.438
      vertex 59.69 188 865.589
    endloop
  endfacet
  facet normal -0.288454 0.698442 0.65496
    outer loop
      vertex 69.4769 205 851.174
      vertex 53.5519 188 862.289
      vertex 69.5155 205 851.191
    endloop
  endfacet
  facet normal -0.28829 0.698379 0.6551
    outer loop
      vertex 53.5519 188 862.289
      vertex 69.4769 205 851.174
      vertex 46.9484 188 859.383
    endloop
  endfacet
  facet normal 0.505474 0.797035 0.330502
    outer loop
      vertex -80.7795 188 886.463
      vertex -104.843 205 882.269
      vertex -104.86 205 882.295
    endloop
  endfacet
  facet normal 0.512276 0.801339 0.308916
    outer loop
      vertex -104.843 205 882.269
      vertex -80.7795 188 886.463
      vertex -78.0098 188 881.87
    endloop
  endfacet
  facet normal -0.371651 0.731512 0.571635
    outer loop
      vertex 84.6726 205 860.102
      vertex 65.2532 188 869.231
      vertex 84.7049 205 860.123
    endloop
  endfacet
  facet normal -0.373093 0.732188 0.569827
    outer loop
      vertex 65.2532 188 869.231
      vertex 84.6726 205 860.102
      vertex 59.732 188 865.616
    endloop
  endfacet
  facet normal -0.510039 0.799795 -0.316524
    outer loop
      vertex 101.237 205 925.658
      vertex 78.0098 188 920.13
      vertex 77.9887 188 920.164
    endloop
  endfacet
  facet normal -0.511866 0.800632 -0.31142
    outer loop
      vertex 78.0098 188 920.13
      vertex 101.237 205 925.658
      vertex 104.843 205 919.731
    endloop
  endfacet
  facet normal 0.373093 0.732188 -0.569827
    outer loop
      vertex -65.2532 188 932.769
      vertex -84.6726 205 941.898
      vertex -59.732 188 936.384
    endloop
  endfacet
  facet normal 0.371651 0.731512 -0.571635
    outer loop
      vertex -84.6726 205 941.898
      vertex -65.2532 188 932.769
      vertex -84.7049 205 941.877
    endloop
  endfacet
  facet normal -0.559247 0.82768 0.0467892
    outer loop
      vertex 109.05 205 894.684
      vertex 84.011 188 896.128
      vertex 109.576 205 900.971
    endloop
  endfacet
  facet normal -0.559243 0.827679 0.0468555
    outer loop
      vertex 84.011 188 896.128
      vertex 109.05 205 894.684
      vertex 84.0079 188 896.091
    endloop
  endfacet
  facet normal 0.482046 0.784548 -0.390019
    outer loop
      vertex -74.4736 188 924.574
      vertex -96.6391 205 931.375
      vertex -74.4469 188 924.607
    endloop
  endfacet
  facet normal 0.482841 0.784904 -0.388318
    outer loop
      vertex -96.6391 205 931.375
      vertex -74.4736 188 924.574
      vertex -101.216 205 925.684
    endloop
  endfacet
  facet normal -0.447172 0.766968 0.460214
    outer loop
      vertex 96.6144 205 870.601
      vertex 74.4469 188 877.393
      vertex 96.6391 205 870.625
    endloop
  endfacet
  facet normal -0.450088 0.76856 0.454682
    outer loop
      vertex 74.4469 188 877.393
      vertex 96.6144 205 870.601
      vertex 70.2202 188 873.209
    endloop
  endfacet
  facet normal 0.190478 0.668681 0.718737
    outer loop
      vertex -41.9337 205 841.47
      vertex -32.3606 188 854.749
      vertex -32.304 188 854.734
    endloop
  endfacet
  facet normal 0.198792 0.670369 0.714904
    outer loop
      vertex -32.3606 188 854.749
      vertex -41.9337 205 841.47
      vertex -51.6112 205 844.161
    endloop
  endfacet
  facet normal 0.510039 0.799795 0.316524
    outer loop
      vertex -101.237 205 876.342
      vertex -78.0098 188 881.87
      vertex -77.9887 188 881.836
    endloop
  endfacet
  facet normal 0.511866 0.800632 0.31142
    outer loop
      vertex -78.0098 188 881.87
      vertex -101.237 205 876.342
      vertex -104.843 205 882.269
    endloop
  endfacet
  facet normal 0.445845 0.766 -0.463104
    outer loop
      vertex -70.2202 188 928.791
      vertex -91.1107 205 936.798
      vertex -70.188 188 928.822
    endloop
  endfacet
  facet normal 0.449022 0.767373 -0.45773
    outer loop
      vertex -91.1107 205 936.798
      vertex -70.2202 188 928.791
      vertex -96.6144 205 931.399
    endloop
  endfacet
  facet normal -0.536601 0.815026 0.218615
    outer loop
      vertex 107.461 205 888.402
      vertex 82.7924 188 891.23
      vertex 107.472 205 888.429
    endloop
  endfacet
  facet normal -0.535078 0.814032 0.225929
    outer loop
      vertex 82.7924 188 891.23
      vertex 107.461 205 888.402
      vertex 80.7948 188 886.499
    endloop
  endfacet
  facet normal -0.534935 0.813595 0.227831
    outer loop
      vertex 104.86 205 882.295
      vertex 80.7948 188 886.499
      vertex 107.461 205 888.402
    endloop
  endfacet
  facet normal -0.535046 0.813645 0.227395
    outer loop
      vertex 80.7948 188 886.499
      vertex 104.86 205 882.295
      vertex 80.7795 188 886.463
    endloop
  endfacet
  facet normal 0 0.991472 0.130322
    outer loop
      vertex 150 158.051 519.612
      vertex 128 158 520
      vertex 150 158 520
    endloop
  endfacet
  facet normal 0 0.991472 0.130322
    outer loop
      vertex 128 158 520
      vertex 150 158.051 519.612
      vertex 128 158.051 519.612
    endloop
  endfacet
  facet normal 0 -0.607734 -0.79414
    outer loop
      vertex 128 160.25 521.299
      vertex 150 160.561 521.061
      vertex 150 160.25 521.299
    endloop
  endfacet
  facet normal -0 -0.607734 -0.79414
    outer loop
      vertex 150 160.561 521.061
      vertex 128 160.25 521.299
      vertex 128 160.561 521.061
    endloop
  endfacet
  facet normal 0 0.92383 0.382803
    outer loop
      vertex 150 158.201 519.25
      vertex 128 158.051 519.612
      vertex 150 158.051 519.612
    endloop
  endfacet
  facet normal 0 0.92383 0.382803
    outer loop
      vertex 128 158.051 519.612
      vertex 150 158.201 519.25
      vertex 128 158.201 519.25
    endloop
  endfacet
  facet normal 0 -0.92383 0.382803
    outer loop
      vertex 128 160.799 519.25
      vertex 150 160.949 519.612
      vertex 128 160.949 519.612
    endloop
  endfacet
  facet normal 0 -0.92383 0.382803
    outer loop
      vertex 150 160.949 519.612
      vertex 128 160.799 519.25
      vertex 150 160.799 519.25
    endloop
  endfacet
  facet normal 0 -0.130322 0.991472
    outer loop
      vertex 128 159.888 518.551
      vertex 150 159.5 518.5
      vertex 150 159.888 518.551
    endloop
  endfacet
  facet normal 0 -0.130322 0.991472
    outer loop
      vertex 150 159.5 518.5
      vertex 128 159.888 518.551
      vertex 128 159.5 518.5
    endloop
  endfacet
  facet normal 0 -0.130322 -0.991472
    outer loop
      vertex 128 159.5 521.5
      vertex 150 159.888 521.449
      vertex 150 159.5 521.5
    endloop
  endfacet
  facet normal -0 -0.130322 -0.991472
    outer loop
      vertex 150 159.888 521.449
      vertex 128 159.5 521.5
      vertex 128 159.888 521.449
    endloop
  endfacet
  facet normal 0 -0.79414 -0.607734
    outer loop
      vertex 128 160.799 520.75
      vertex 150 160.561 521.061
      vertex 128 160.561 521.061
    endloop
  endfacet
  facet normal 0 -0.79414 -0.607734
    outer loop
      vertex 150 160.561 521.061
      vertex 128 160.799 520.75
      vertex 150 160.799 520.75
    endloop
  endfacet
  facet normal 0 -0.79414 0.607734
    outer loop
      vertex 128 160.561 518.939
      vertex 150 160.799 519.25
      vertex 128 160.799 519.25
    endloop
  endfacet
  facet normal 0 -0.79414 0.607734
    outer loop
      vertex 150 160.799 519.25
      vertex 128 160.561 518.939
      vertex 150 160.561 518.939
    endloop
  endfacet
  facet normal -0 0.382803 0.92383
    outer loop
      vertex 128 159.112 518.551
      vertex 150 158.75 518.701
      vertex 150 159.112 518.551
    endloop
  endfacet
  facet normal 0 0.382803 0.92383
    outer loop
      vertex 150 158.75 518.701
      vertex 128 159.112 518.551
      vertex 128 158.75 518.701
    endloop
  endfacet
  facet normal 0 0.130322 -0.991472
    outer loop
      vertex 128 159.112 521.449
      vertex 150 159.5 521.5
      vertex 150 159.112 521.449
    endloop
  endfacet
  facet normal 0 0.130322 -0.991472
    outer loop
      vertex 150 159.5 521.5
      vertex 128 159.112 521.449
      vertex 128 159.5 521.5
    endloop
  endfacet
  facet normal 0 -0.92383 -0.382803
    outer loop
      vertex 128 160.949 520.388
      vertex 150 160.799 520.75
      vertex 128 160.799 520.75
    endloop
  endfacet
  facet normal 0 -0.92383 -0.382803
    outer loop
      vertex 150 160.799 520.75
      vertex 128 160.949 520.388
      vertex 150 160.949 520.388
    endloop
  endfacet
  facet normal 0 -0.382803 0.92383
    outer loop
      vertex 128 160.25 518.701
      vertex 150 159.888 518.551
      vertex 150 160.25 518.701
    endloop
  endfacet
  facet normal 0 -0.382803 0.92383
    outer loop
      vertex 150 159.888 518.551
      vertex 128 160.25 518.701
      vertex 128 159.888 518.551
    endloop
  endfacet
  facet normal 0 -0.991472 0.130322
    outer loop
      vertex 128 160.949 519.612
      vertex 150 161 520
      vertex 128 161 520
    endloop
  endfacet
  facet normal 0 -0.991472 0.130322
    outer loop
      vertex 150 161 520
      vertex 128 160.949 519.612
      vertex 150 160.949 519.612
    endloop
  endfacet
  facet normal 0 -0.991472 -0.130322
    outer loop
      vertex 128 161 520
      vertex 150 160.949 520.388
      vertex 128 160.949 520.388
    endloop
  endfacet
  facet normal 0 -0.991472 -0.130322
    outer loop
      vertex 150 160.949 520.388
      vertex 128 161 520
      vertex 150 161 520
    endloop
  endfacet
  facet normal 0 0.79414 -0.607734
    outer loop
      vertex 150 158.201 520.75
      vertex 128 158.439 521.061
      vertex 150 158.439 521.061
    endloop
  endfacet
  facet normal 0 0.79414 -0.607734
    outer loop
      vertex 128 158.439 521.061
      vertex 150 158.201 520.75
      vertex 128 158.201 520.75
    endloop
  endfacet
  facet normal -0 0.130322 0.991472
    outer loop
      vertex 128 159.5 518.5
      vertex 150 159.112 518.551
      vertex 150 159.5 518.5
    endloop
  endfacet
  facet normal 0 0.130322 0.991472
    outer loop
      vertex 150 159.112 518.551
      vertex 128 159.5 518.5
      vertex 128 159.112 518.551
    endloop
  endfacet
  facet normal 0 0.92383 -0.382803
    outer loop
      vertex 150 158.051 520.388
      vertex 128 158.201 520.75
      vertex 150 158.201 520.75
    endloop
  endfacet
  facet normal 0 0.92383 -0.382803
    outer loop
      vertex 128 158.201 520.75
      vertex 150 158.051 520.388
      vertex 128 158.051 520.388
    endloop
  endfacet
  facet normal 0 0.79414 0.607734
    outer loop
      vertex 150 158.439 518.939
      vertex 128 158.201 519.25
      vertex 150 158.201 519.25
    endloop
  endfacet
  facet normal 0 0.79414 0.607734
    outer loop
      vertex 128 158.201 519.25
      vertex 150 158.439 518.939
      vertex 128 158.439 518.939
    endloop
  endfacet
  facet normal 0 -0.607734 0.79414
    outer loop
      vertex 128 160.561 518.939
      vertex 150 160.25 518.701
      vertex 150 160.561 518.939
    endloop
  endfacet
  facet normal 0 -0.607734 0.79414
    outer loop
      vertex 150 160.25 518.701
      vertex 128 160.561 518.939
      vertex 128 160.25 518.701
    endloop
  endfacet
  facet normal -0 0.607734 0.79414
    outer loop
      vertex 128 158.75 518.701
      vertex 150 158.439 518.939
      vertex 150 158.75 518.701
    endloop
  endfacet
  facet normal 0 0.607734 0.79414
    outer loop
      vertex 150 158.439 518.939
      vertex 128 158.75 518.701
      vertex 128 158.439 518.939
    endloop
  endfacet
  facet normal 0 0.607734 -0.79414
    outer loop
      vertex 128 158.439 521.061
      vertex 150 158.75 521.299
      vertex 150 158.439 521.061
    endloop
  endfacet
  facet normal 0 0.607734 -0.79414
    outer loop
      vertex 150 158.75 521.299
      vertex 128 158.439 521.061
      vertex 128 158.75 521.299
    endloop
  endfacet
  facet normal 0 -0.382803 -0.92383
    outer loop
      vertex 128 159.888 521.449
      vertex 150 160.25 521.299
      vertex 150 159.888 521.449
    endloop
  endfacet
  facet normal -0 -0.382803 -0.92383
    outer loop
      vertex 150 160.25 521.299
      vertex 128 159.888 521.449
      vertex 128 160.25 521.299
    endloop
  endfacet
  facet normal 0 0.382803 -0.92383
    outer loop
      vertex 128 158.75 521.299
      vertex 150 159.112 521.449
      vertex 150 158.75 521.299
    endloop
  endfacet
  facet normal 0 0.382803 -0.92383
    outer loop
      vertex 150 159.112 521.449
      vertex 128 158.75 521.299
      vertex 128 159.112 521.449
    endloop
  endfacet
  facet normal 0 0.991472 -0.130322
    outer loop
      vertex 150 158 520
      vertex 128 158.051 520.388
      vertex 150 158.051 520.388
    endloop
  endfacet
  facet normal 0 0.991472 -0.130322
    outer loop
      vertex 128 158.051 520.388
      vertex 150 158 520
      vertex 128 158 520
    endloop
  endfacet
  facet normal 0 -0.132833 -0.991138
    outer loop
      vertex 128 112.784 634.284
      vertex 150 113.172 634.232
      vertex 150 112.784 634.284
    endloop
  endfacet
  facet normal -0 -0.132833 -0.991138
    outer loop
      vertex 150 113.172 634.232
      vertex 128 112.784 634.284
      vertex 128 113.172 634.232
    endloop
  endfacet
  facet normal 0 -0.380621 0.924731
    outer loop
      vertex 128 113.534 631.484
      vertex 150 113.172 631.335
      vertex 150 113.534 631.484
    endloop
  endfacet
  facet normal 0 -0.380621 0.924731
    outer loop
      vertex 150 113.172 631.335
      vertex 128 113.534 631.484
      vertex 128 113.172 631.335
    endloop
  endfacet
  facet normal 0 -0.610575 0.791959
    outer loop
      vertex 128 113.844 631.723
      vertex 150 113.534 631.484
      vertex 150 113.844 631.723
    endloop
  endfacet
  facet normal 0 -0.610575 0.791959
    outer loop
      vertex 150 113.534 631.484
      vertex 128 113.844 631.723
      vertex 128 113.534 631.484
    endloop
  endfacet
  facet normal -0 0.129993 0.991515
    outer loop
      vertex 128 112.784 631.284
      vertex 150 112.395 631.335
      vertex 150 112.784 631.284
    endloop
  endfacet
  facet normal 0 0.129993 0.991515
    outer loop
      vertex 150 112.395 631.335
      vertex 128 112.784 631.284
      vertex 128 112.395 631.335
    endloop
  endfacet
  facet normal 0 0.991515 0.129993
    outer loop
      vertex 150 111.335 632.395
      vertex 128 111.284 632.784
      vertex 150 111.284 632.784
    endloop
  endfacet
  facet normal 0 0.991515 0.129993
    outer loop
      vertex 128 111.284 632.784
      vertex 150 111.335 632.395
      vertex 128 111.335 632.395
    endloop
  endfacet
  facet normal 0 -0.380621 -0.924731
    outer loop
      vertex 128 113.172 634.232
      vertex 150 113.534 634.083
      vertex 150 113.172 634.232
    endloop
  endfacet
  facet normal -0 -0.380621 -0.924731
    outer loop
      vertex 150 113.534 634.083
      vertex 128 113.172 634.232
      vertex 128 113.534 634.083
    endloop
  endfacet
  facet normal 0 -0.92436 0.381522
    outer loop
      vertex 128 114.083 632.034
      vertex 150 114.232 632.395
      vertex 128 114.232 632.395
    endloop
  endfacet
  facet normal 0 -0.92436 0.381522
    outer loop
      vertex 150 114.232 632.395
      vertex 128 114.083 632.034
      vertex 150 114.083 632.034
    endloop
  endfacet
  facet normal 0 -0.130322 0.991472
    outer loop
      vertex 128 113.172 631.335
      vertex 150 112.784 631.284
      vertex 150 113.172 631.335
    endloop
  endfacet
  facet normal 0 -0.130322 0.991472
    outer loop
      vertex 150 112.784 631.284
      vertex 128 113.172 631.335
      vertex 128 112.784 631.284
    endloop
  endfacet
  facet normal 0 0.792908 0.609341
    outer loop
      vertex 150 111.723 631.723
      vertex 128 111.484 632.034
      vertex 150 111.484 632.034
    endloop
  endfacet
  facet normal 0 0.792908 0.609341
    outer loop
      vertex 128 111.484 632.034
      vertex 150 111.723 631.723
      vertex 128 111.723 631.723
    endloop
  endfacet
  facet normal 0 -0.991183 0.132498
    outer loop
      vertex 128 114.232 632.395
      vertex 150 114.284 632.784
      vertex 128 114.284 632.784
    endloop
  endfacet
  facet normal 0 -0.991183 0.132498
    outer loop
      vertex 150 114.284 632.784
      vertex 128 114.232 632.395
      vertex 150 114.232 632.395
    endloop
  endfacet
  facet normal 0 0.381522 -0.92436
    outer loop
      vertex 128 112.034 634.083
      vertex 150 112.395 634.232
      vertex 150 112.034 634.083
    endloop
  endfacet
  facet normal 0 0.381522 -0.92436
    outer loop
      vertex 150 112.395 634.232
      vertex 128 112.034 634.083
      vertex 128 112.395 634.232
    endloop
  endfacet
  facet normal 0 0.609341 -0.792908
    outer loop
      vertex 128 111.723 633.844
      vertex 150 112.034 634.083
      vertex 150 111.723 633.844
    endloop
  endfacet
  facet normal 0 0.609341 -0.792908
    outer loop
      vertex 150 112.034 634.083
      vertex 128 111.723 633.844
      vertex 128 112.034 634.083
    endloop
  endfacet
  facet normal 0 -0.924731 -0.380621
    outer loop
      vertex 128 114.232 633.172
      vertex 150 114.083 633.534
      vertex 128 114.083 633.534
    endloop
  endfacet
  facet normal 0 -0.924731 -0.380621
    outer loop
      vertex 150 114.083 633.534
      vertex 128 114.232 633.172
      vertex 150 114.232 633.172
    endloop
  endfacet
  facet normal 0 -0.991138 -0.132833
    outer loop
      vertex 128 114.284 632.784
      vertex 150 114.232 633.172
      vertex 128 114.232 633.172
    endloop
  endfacet
  facet normal 0 -0.991138 -0.132833
    outer loop
      vertex 150 114.232 633.172
      vertex 128 114.284 632.784
      vertex 150 114.284 632.784
    endloop
  endfacet
  facet normal 0 0.791959 -0.610575
    outer loop
      vertex 150 111.484 633.534
      vertex 128 111.723 633.844
      vertex 150 111.723 633.844
    endloop
  endfacet
  facet normal 0 0.791959 -0.610575
    outer loop
      vertex 128 111.723 633.844
      vertex 150 111.484 633.534
      vertex 128 111.484 633.534
    endloop
  endfacet
  facet normal 0 -0.791959 -0.610575
    outer loop
      vertex 128 114.083 633.534
      vertex 150 113.844 633.844
      vertex 128 113.844 633.844
    endloop
  endfacet
  facet normal 0 -0.791959 -0.610575
    outer loop
      vertex 150 113.844 633.844
      vertex 128 114.083 633.534
      vertex 150 114.083 633.534
    endloop
  endfacet
  facet normal -0 0.381522 0.92436
    outer loop
      vertex 128 112.395 631.335
      vertex 150 112.034 631.484
      vertex 150 112.395 631.335
    endloop
  endfacet
  facet normal 0 0.381522 0.92436
    outer loop
      vertex 150 112.034 631.484
      vertex 128 112.395 631.335
      vertex 128 112.034 631.484
    endloop
  endfacet
  facet normal -0 0.609341 0.792908
    outer loop
      vertex 128 112.034 631.484
      vertex 150 111.723 631.723
      vertex 150 112.034 631.484
    endloop
  endfacet
  facet normal 0 0.609341 0.792908
    outer loop
      vertex 150 111.723 631.723
      vertex 128 112.034 631.484
      vertex 128 111.723 631.723
    endloop
  endfacet
  facet normal 0 -0.792908 0.609341
    outer loop
      vertex 128 113.844 631.723
      vertex 150 114.083 632.034
      vertex 128 114.083 632.034
    endloop
  endfacet
  facet normal 0 -0.792908 0.609341
    outer loop
      vertex 150 114.083 632.034
      vertex 128 113.844 631.723
      vertex 150 113.844 631.723
    endloop
  endfacet
  facet normal 0 0.132498 -0.991183
    outer loop
      vertex 128 112.395 634.232
      vertex 150 112.784 634.284
      vertex 150 112.395 634.232
    endloop
  endfacet
  facet normal 0 0.132498 -0.991183
    outer loop
      vertex 150 112.784 634.284
      vertex 128 112.395 634.232
      vertex 128 112.784 634.284
    endloop
  endfacet
  facet normal 0 0.92436 0.381522
    outer loop
      vertex 150 111.484 632.034
      vertex 128 111.335 632.395
      vertex 150 111.335 632.395
    endloop
  endfacet
  facet normal 0 0.92436 0.381522
    outer loop
      vertex 128 111.335 632.395
      vertex 150 111.484 632.034
      vertex 128 111.484 632.034
    endloop
  endfacet
  facet normal 0 0.924731 -0.380621
    outer loop
      vertex 150 111.335 633.172
      vertex 128 111.484 633.534
      vertex 150 111.484 633.534
    endloop
  endfacet
  facet normal 0 0.924731 -0.380621
    outer loop
      vertex 128 111.484 633.534
      vertex 150 111.335 633.172
      vertex 128 111.335 633.172
    endloop
  endfacet
  facet normal 0 0.991472 -0.130322
    outer loop
      vertex 150 111.284 632.784
      vertex 128 111.335 633.172
      vertex 150 111.335 633.172
    endloop
  endfacet
  facet normal 0 0.991472 -0.130322
    outer loop
      vertex 128 111.335 633.172
      vertex 150 111.284 632.784
      vertex 128 111.284 632.784
    endloop
  endfacet
  facet normal 0 -0.610575 -0.791959
    outer loop
      vertex 128 113.534 634.083
      vertex 150 113.844 633.844
      vertex 150 113.534 634.083
    endloop
  endfacet
  facet normal -0 -0.610575 -0.791959
    outer loop
      vertex 150 113.844 633.844
      vertex 128 113.534 634.083
      vertex 128 113.844 633.844
    endloop
  endfacet
  facet normal 0 0.923966 -0.382476
    outer loop
      vertex 150 -1.44889 679.888
      vertex 128 -1.29904 680.25
      vertex 150 -1.29904 680.25
    endloop
  endfacet
  facet normal 0 0.923966 -0.382476
    outer loop
      vertex 128 -1.29904 680.25
      vertex 150 -1.44889 679.888
      vertex 128 -1.44889 679.888
    endloop
  endfacet
  facet normal 0 0.130247 -0.991482
    outer loop
      vertex 128 -0.388228 680.949
      vertex 150 0 681
      vertex 150 -0.388228 680.949
    endloop
  endfacet
  facet normal 0 0.130247 -0.991482
    outer loop
      vertex 150 0 681
      vertex 128 -0.388228 680.949
      vertex 128 0 681
    endloop
  endfacet
  facet normal 0 0.793672 0.608346
    outer loop
      vertex 150 -1.06066 678.439
      vertex 128 -1.29904 678.75
      vertex 150 -1.29904 678.75
    endloop
  endfacet
  facet normal 0 0.793672 0.608346
    outer loop
      vertex 128 -1.29904 678.75
      vertex 150 -1.06066 678.439
      vertex 128 -1.06066 678.439
    endloop
  endfacet
  facet normal 0 0.923966 0.382476
    outer loop
      vertex 150 -1.29904 678.75
      vertex 128 -1.44889 679.112
      vertex 150 -1.44889 679.112
    endloop
  endfacet
  facet normal 0 0.923966 0.382476
    outer loop
      vertex 128 -1.44889 679.112
      vertex 150 -1.29904 678.75
      vertex 128 -1.29904 678.75
    endloop
  endfacet
  facet normal 0 -0.130247 0.991482
    outer loop
      vertex 128 0.388228 678.051
      vertex 150 0 678
      vertex 150 0.388228 678.051
    endloop
  endfacet
  facet normal 0 -0.130247 0.991482
    outer loop
      vertex 150 0 678
      vertex 128 0.388228 678.051
      vertex 128 0 678
    endloop
  endfacet
  facet normal 0 -0.991435 -0.130599
    outer loop
      vertex 128 1.5 679.5
      vertex 150 1.44889 679.888
      vertex 128 1.44889 679.888
    endloop
  endfacet
  facet normal 0 -0.991435 -0.130599
    outer loop
      vertex 150 1.44889 679.888
      vertex 128 1.5 679.5
      vertex 150 1.5 679.5
    endloop
  endfacet
  facet normal 0 -0.923966 0.382476
    outer loop
      vertex 128 1.29904 678.75
      vertex 150 1.44889 679.112
      vertex 128 1.44889 679.112
    endloop
  endfacet
  facet normal 0 -0.923966 0.382476
    outer loop
      vertex 150 1.44889 679.112
      vertex 128 1.29904 678.75
      vertex 150 1.29904 678.75
    endloop
  endfacet
  facet normal -0 0.608154 0.793819
    outer loop
      vertex 128 -0.75 678.201
      vertex 150 -1.06066 678.439
      vertex 150 -0.75 678.201
    endloop
  endfacet
  facet normal 0 0.608154 0.793819
    outer loop
      vertex 150 -1.06066 678.439
      vertex 128 -0.75 678.201
      vertex 128 -1.06066 678.439
    endloop
  endfacet
  facet normal 0 0.793672 -0.608346
    outer loop
      vertex 150 -1.29904 680.25
      vertex 128 -1.06066 680.561
      vertex 150 -1.06066 680.561
    endloop
  endfacet
  facet normal 0 0.793672 -0.608346
    outer loop
      vertex 128 -1.06066 680.561
      vertex 150 -1.29904 680.25
      vertex 128 -1.29904 680.25
    endloop
  endfacet
  facet normal -0 0.383008 0.923745
    outer loop
      vertex 128 -0.388228 678.051
      vertex 150 -0.75 678.201
      vertex 150 -0.388228 678.051
    endloop
  endfacet
  facet normal 0 0.383008 0.923745
    outer loop
      vertex 150 -0.75 678.201
      vertex 128 -0.388228 678.051
      vertex 128 -0.75 678.201
    endloop
  endfacet
  facet normal 0 0.991435 -0.130599
    outer loop
      vertex 150 -1.5 679.5
      vertex 128 -1.44889 679.888
      vertex 150 -1.44889 679.888
    endloop
  endfacet
  facet normal 0 0.991435 -0.130599
    outer loop
      vertex 128 -1.44889 679.888
      vertex 150 -1.5 679.5
      vertex 128 -1.5 679.5
    endloop
  endfacet
  facet normal 0 -0.991435 0.130599
    outer loop
      vertex 128 1.44889 679.112
      vertex 150 1.5 679.5
      vertex 128 1.5 679.5
    endloop
  endfacet
  facet normal 0 -0.991435 0.130599
    outer loop
      vertex 150 1.5 679.5
      vertex 128 1.44889 679.112
      vertex 150 1.44889 679.112
    endloop
  endfacet
  facet normal 0 -0.793672 -0.608346
    outer loop
      vertex 128 1.29904 680.25
      vertex 150 1.06066 680.561
      vertex 128 1.06066 680.561
    endloop
  endfacet
  facet normal 0 -0.793672 -0.608346
    outer loop
      vertex 150 1.06066 680.561
      vertex 128 1.29904 680.25
      vertex 150 1.29904 680.25
    endloop
  endfacet
  facet normal 0 -0.383008 0.923745
    outer loop
      vertex 128 0.75 678.201
      vertex 150 0.388228 678.051
      vertex 150 0.75 678.201
    endloop
  endfacet
  facet normal 0 -0.383008 0.923745
    outer loop
      vertex 150 0.388228 678.051
      vertex 128 0.75 678.201
      vertex 128 0.388228 678.051
    endloop
  endfacet
  facet normal -0 0.130247 0.991482
    outer loop
      vertex 128 0 678
      vertex 150 -0.388228 678.051
      vertex 150 0 678
    endloop
  endfacet
  facet normal 0 0.130247 0.991482
    outer loop
      vertex 150 -0.388228 678.051
      vertex 128 0 678
      vertex 128 -0.388228 678.051
    endloop
  endfacet
  facet normal 0 -0.130247 -0.991482
    outer loop
      vertex 128 0 681
      vertex 150 0.388228 680.949
      vertex 150 0 681
    endloop
  endfacet
  facet normal -0 -0.130247 -0.991482
    outer loop
      vertex 150 0.388228 680.949
      vertex 128 0 681
      vertex 128 0.388228 680.949
    endloop
  endfacet
  facet normal 0 0.991435 0.130599
    outer loop
      vertex 150 -1.44889 679.112
      vertex 128 -1.5 679.5
      vertex 150 -1.5 679.5
    endloop
  endfacet
  facet normal 0 0.991435 0.130599
    outer loop
      vertex 128 -1.5 679.5
      vertex 150 -1.44889 679.112
      vertex 128 -1.44889 679.112
    endloop
  endfacet
  facet normal 0 -0.923966 -0.382476
    outer loop
      vertex 128 1.44889 679.888
      vertex 150 1.29904 680.25
      vertex 128 1.29904 680.25
    endloop
  endfacet
  facet normal 0 -0.923966 -0.382476
    outer loop
      vertex 150 1.29904 680.25
      vertex 128 1.44889 679.888
      vertex 150 1.44889 679.888
    endloop
  endfacet
  facet normal 0 -0.793672 0.608346
    outer loop
      vertex 128 1.06066 678.439
      vertex 150 1.29904 678.75
      vertex 128 1.29904 678.75
    endloop
  endfacet
  facet normal 0 -0.793672 0.608346
    outer loop
      vertex 150 1.29904 678.75
      vertex 128 1.06066 678.439
      vertex 150 1.06066 678.439
    endloop
  endfacet
  facet normal 0 0.608154 -0.793819
    outer loop
      vertex 128 -1.06066 680.561
      vertex 150 -0.75 680.799
      vertex 150 -1.06066 680.561
    endloop
  endfacet
  facet normal 0 0.608154 -0.793819
    outer loop
      vertex 150 -0.75 680.799
      vertex 128 -1.06066 680.561
      vertex 128 -0.75 680.799
    endloop
  endfacet
  facet normal 0 -0.383008 -0.923745
    outer loop
      vertex 128 0.388228 680.949
      vertex 150 0.75 680.799
      vertex 150 0.388228 680.949
    endloop
  endfacet
  facet normal -0 -0.383008 -0.923745
    outer loop
      vertex 150 0.75 680.799
      vertex 128 0.388228 680.949
      vertex 128 0.75 680.799
    endloop
  endfacet
  facet normal 0 -0.608154 -0.793819
    outer loop
      vertex 128 0.75 680.799
      vertex 150 1.06066 680.561
      vertex 150 0.75 680.799
    endloop
  endfacet
  facet normal -0 -0.608154 -0.793819
    outer loop
      vertex 150 1.06066 680.561
      vertex 128 0.75 680.799
      vertex 128 1.06066 680.561
    endloop
  endfacet
  facet normal 0 -0.608154 0.793819
    outer loop
      vertex 128 1.06066 678.439
      vertex 150 0.75 678.201
      vertex 150 1.06066 678.439
    endloop
  endfacet
  facet normal 0 -0.608154 0.793819
    outer loop
      vertex 150 0.75 678.201
      vertex 128 1.06066 678.439
      vertex 128 0.75 678.201
    endloop
  endfacet
  facet normal 0 0.383008 -0.923745
    outer loop
      vertex 128 -0.75 680.799
      vertex 150 -0.388228 680.949
      vertex 150 -0.75 680.799
    endloop
  endfacet
  facet normal 0 0.383008 -0.923745
    outer loop
      vertex 150 -0.388228 680.949
      vertex 128 -0.75 680.799
      vertex 128 -0.388228 680.949
    endloop
  endfacet
  facet normal 0 -0.132498 -0.991183
    outer loop
      vertex 128 -112.784 634.284
      vertex 150 -112.395 634.232
      vertex 150 -112.784 634.284
    endloop
  endfacet
  facet normal -0 -0.132498 -0.991183
    outer loop
      vertex 150 -112.395 634.232
      vertex 128 -112.784 634.284
      vertex 128 -112.395 634.232
    endloop
  endfacet
  facet normal 0 -0.609341 0.792908
    outer loop
      vertex 128 -111.723 631.723
      vertex 150 -112.034 631.484
      vertex 150 -111.723 631.723
    endloop
  endfacet
  facet normal 0 -0.609341 0.792908
    outer loop
      vertex 150 -112.034 631.484
      vertex 128 -111.723 631.723
      vertex 128 -112.034 631.484
    endloop
  endfacet
  facet normal -0 0.130322 0.991472
    outer loop
      vertex 128 -112.784 631.284
      vertex 150 -113.172 631.335
      vertex 150 -112.784 631.284
    endloop
  endfacet
  facet normal 0 0.130322 0.991472
    outer loop
      vertex 150 -113.172 631.335
      vertex 128 -112.784 631.284
      vertex 128 -113.172 631.335
    endloop
  endfacet
  facet normal 0 0.991183 0.132498
    outer loop
      vertex 150 -114.232 632.395
      vertex 128 -114.284 632.784
      vertex 150 -114.284 632.784
    endloop
  endfacet
  facet normal 0 0.991183 0.132498
    outer loop
      vertex 128 -114.284 632.784
      vertex 150 -114.232 632.395
      vertex 128 -114.232 632.395
    endloop
  endfacet
  facet normal 0 -0.381522 -0.92436
    outer loop
      vertex 128 -112.395 634.232
      vertex 150 -112.034 634.083
      vertex 150 -112.395 634.232
    endloop
  endfacet
  facet normal -0 -0.381522 -0.92436
    outer loop
      vertex 150 -112.034 634.083
      vertex 128 -112.395 634.232
      vertex 128 -112.034 634.083
    endloop
  endfacet
  facet normal 0 -0.92436 0.381522
    outer loop
      vertex 128 -111.484 632.034
      vertex 150 -111.335 632.395
      vertex 128 -111.335 632.395
    endloop
  endfacet
  facet normal 0 -0.92436 0.381522
    outer loop
      vertex 150 -111.335 632.395
      vertex 128 -111.484 632.034
      vertex 150 -111.484 632.034
    endloop
  endfacet
  facet normal 0 -0.129993 0.991515
    outer loop
      vertex 128 -112.395 631.335
      vertex 150 -112.784 631.284
      vertex 150 -112.395 631.335
    endloop
  endfacet
  facet normal 0 -0.129993 0.991515
    outer loop
      vertex 150 -112.784 631.284
      vertex 128 -112.395 631.335
      vertex 128 -112.784 631.284
    endloop
  endfacet
  facet normal 0 0.792908 0.609341
    outer loop
      vertex 150 -113.844 631.723
      vertex 128 -114.083 632.034
      vertex 150 -114.083 632.034
    endloop
  endfacet
  facet normal 0 0.792908 0.609341
    outer loop
      vertex 128 -114.083 632.034
      vertex 150 -113.844 631.723
      vertex 128 -113.844 631.723
    endloop
  endfacet
  facet normal 0 -0.991515 0.129993
    outer loop
      vertex 128 -111.335 632.395
      vertex 150 -111.284 632.784
      vertex 128 -111.284 632.784
    endloop
  endfacet
  facet normal 0 -0.991515 0.129993
    outer loop
      vertex 150 -111.284 632.784
      vertex 128 -111.335 632.395
      vertex 150 -111.335 632.395
    endloop
  endfacet
  facet normal 0 -0.381522 0.92436
    outer loop
      vertex 128 -112.034 631.484
      vertex 150 -112.395 631.335
      vertex 150 -112.034 631.484
    endloop
  endfacet
  facet normal 0 -0.381522 0.92436
    outer loop
      vertex 150 -112.395 631.335
      vertex 128 -112.034 631.484
      vertex 128 -112.395 631.335
    endloop
  endfacet
  facet normal 0 0.380621 -0.924731
    outer loop
      vertex 128 -113.534 634.083
      vertex 150 -113.172 634.232
      vertex 150 -113.534 634.083
    endloop
  endfacet
  facet normal 0 0.380621 -0.924731
    outer loop
      vertex 150 -113.172 634.232
      vertex 128 -113.534 634.083
      vertex 128 -113.172 634.232
    endloop
  endfacet
  facet normal 0 0.610575 -0.791959
    outer loop
      vertex 128 -113.844 633.844
      vertex 150 -113.534 634.083
      vertex 150 -113.844 633.844
    endloop
  endfacet
  facet normal 0 0.610575 -0.791959
    outer loop
      vertex 150 -113.534 634.083
      vertex 128 -113.844 633.844
      vertex 128 -113.534 634.083
    endloop
  endfacet
  facet normal 0 -0.924731 -0.380621
    outer loop
      vertex 128 -111.335 633.172
      vertex 150 -111.484 633.534
      vertex 128 -111.484 633.534
    endloop
  endfacet
  facet normal 0 -0.924731 -0.380621
    outer loop
      vertex 150 -111.484 633.534
      vertex 128 -111.335 633.172
      vertex 150 -111.335 633.172
    endloop
  endfacet
  facet normal 0 -0.991472 -0.130322
    outer loop
      vertex 128 -111.284 632.784
      vertex 150 -111.335 633.172
      vertex 128 -111.335 633.172
    endloop
  endfacet
  facet normal 0 -0.991472 -0.130322
    outer loop
      vertex 150 -111.335 633.172
      vertex 128 -111.284 632.784
      vertex 150 -111.284 632.784
    endloop
  endfacet
  facet normal 0 0.791959 -0.610575
    outer loop
      vertex 150 -114.083 633.534
      vertex 128 -113.844 633.844
      vertex 150 -113.844 633.844
    endloop
  endfacet
  facet normal 0 0.791959 -0.610575
    outer loop
      vertex 128 -113.844 633.844
      vertex 150 -114.083 633.534
      vertex 128 -114.083 633.534
    endloop
  endfacet
  facet normal 0 -0.791959 -0.610575
    outer loop
      vertex 128 -111.484 633.534
      vertex 150 -111.723 633.844
      vertex 128 -111.723 633.844
    endloop
  endfacet
  facet normal 0 -0.791959 -0.610575
    outer loop
      vertex 150 -111.723 633.844
      vertex 128 -111.484 633.534
      vertex 150 -111.484 633.534
    endloop
  endfacet
  facet normal -0 0.380621 0.924731
    outer loop
      vertex 128 -113.172 631.335
      vertex 150 -113.534 631.484
      vertex 150 -113.172 631.335
    endloop
  endfacet
  facet normal 0 0.380621 0.924731
    outer loop
      vertex 150 -113.534 631.484
      vertex 128 -113.172 631.335
      vertex 128 -113.534 631.484
    endloop
  endfacet
  facet normal -0 0.610575 0.791959
    outer loop
      vertex 128 -113.534 631.484
      vertex 150 -113.844 631.723
      vertex 150 -113.534 631.484
    endloop
  endfacet
  facet normal 0 0.610575 0.791959
    outer loop
      vertex 150 -113.844 631.723
      vertex 128 -113.534 631.484
      vertex 128 -113.844 631.723
    endloop
  endfacet
  facet normal 0 -0.792908 0.609341
    outer loop
      vertex 128 -111.723 631.723
      vertex 150 -111.484 632.034
      vertex 128 -111.484 632.034
    endloop
  endfacet
  facet normal 0 -0.792908 0.609341
    outer loop
      vertex 150 -111.484 632.034
      vertex 128 -111.723 631.723
      vertex 150 -111.723 631.723
    endloop
  endfacet
  facet normal 0 0.132833 -0.991138
    outer loop
      vertex 128 -113.172 634.232
      vertex 150 -112.784 634.284
      vertex 150 -113.172 634.232
    endloop
  endfacet
  facet normal 0 0.132833 -0.991138
    outer loop
      vertex 150 -112.784 634.284
      vertex 128 -113.172 634.232
      vertex 128 -112.784 634.284
    endloop
  endfacet
  facet normal 0 0.92436 0.381522
    outer loop
      vertex 150 -114.083 632.034
      vertex 128 -114.232 632.395
      vertex 150 -114.232 632.395
    endloop
  endfacet
  facet normal 0 0.92436 0.381522
    outer loop
      vertex 128 -114.232 632.395
      vertex 150 -114.083 632.034
      vertex 128 -114.083 632.034
    endloop
  endfacet
  facet normal 0 0.924731 -0.380621
    outer loop
      vertex 150 -114.232 633.172
      vertex 128 -114.083 633.534
      vertex 150 -114.083 633.534
    endloop
  endfacet
  facet normal 0 0.924731 -0.380621
    outer loop
      vertex 128 -114.083 633.534
      vertex 150 -114.232 633.172
      vertex 128 -114.232 633.172
    endloop
  endfacet
  facet normal 0 0.991138 -0.132833
    outer loop
      vertex 150 -114.284 632.784
      vertex 128 -114.232 633.172
      vertex 150 -114.232 633.172
    endloop
  endfacet
  facet normal 0 0.991138 -0.132833
    outer loop
      vertex 128 -114.232 633.172
      vertex 150 -114.284 632.784
      vertex 128 -114.284 632.784
    endloop
  endfacet
  facet normal 0 -0.609341 -0.792908
    outer loop
      vertex 128 -112.034 634.083
      vertex 150 -111.723 633.844
      vertex 150 -112.034 634.083
    endloop
  endfacet
  facet normal -0 -0.609341 -0.792908
    outer loop
      vertex 150 -111.723 633.844
      vertex 128 -112.034 634.083
      vertex 128 -111.723 633.844
    endloop
  endfacet
  facet normal 0 0.79414 0.607734
    outer loop
      vertex 150 -160.561 518.939
      vertex 128 -160.799 519.25
      vertex 150 -160.799 519.25
    endloop
  endfacet
  facet normal 0 0.79414 0.607734
    outer loop
      vertex 128 -160.799 519.25
      vertex 150 -160.561 518.939
      vertex 128 -160.561 518.939
    endloop
  endfacet
  facet normal 0 -0.79414 0.607734
    outer loop
      vertex 128 -158.439 518.939
      vertex 150 -158.201 519.25
      vertex 128 -158.201 519.25
    endloop
  endfacet
  facet normal 0 -0.79414 0.607734
    outer loop
      vertex 150 -158.201 519.25
      vertex 128 -158.439 518.939
      vertex 150 -158.439 518.939
    endloop
  endfacet
  facet normal 0 -0.130322 0.991472
    outer loop
      vertex 128 -159.112 518.551
      vertex 150 -159.5 518.5
      vertex 150 -159.112 518.551
    endloop
  endfacet
  facet normal 0 -0.130322 0.991472
    outer loop
      vertex 150 -159.5 518.5
      vertex 128 -159.112 518.551
      vertex 128 -159.5 518.5
    endloop
  endfacet
  facet normal 0 -0.607734 -0.79414
    outer loop
      vertex 128 -158.75 521.299
      vertex 150 -158.439 521.061
      vertex 150 -158.75 521.299
    endloop
  endfacet
  facet normal -0 -0.607734 -0.79414
    outer loop
      vertex 150 -158.439 521.061
      vertex 128 -158.75 521.299
      vertex 128 -158.439 521.061
    endloop
  endfacet
  facet normal 0 0.130322 -0.991472
    outer loop
      vertex 128 -159.888 521.449
      vertex 150 -159.5 521.5
      vertex 150 -159.888 521.449
    endloop
  endfacet
  facet normal 0 0.130322 -0.991472
    outer loop
      vertex 150 -159.5 521.5
      vertex 128 -159.888 521.449
      vertex 128 -159.5 521.5
    endloop
  endfacet
  facet normal -0 0.607734 0.79414
    outer loop
      vertex 128 -160.25 518.701
      vertex 150 -160.561 518.939
      vertex 150 -160.25 518.701
    endloop
  endfacet
  facet normal 0 0.607734 0.79414
    outer loop
      vertex 150 -160.561 518.939
      vertex 128 -160.25 518.701
      vertex 128 -160.561 518.939
    endloop
  endfacet
  facet normal 0 -0.991472 0.130322
    outer loop
      vertex 128 -158.051 519.612
      vertex 150 -158 520
      vertex 128 -158 520
    endloop
  endfacet
  facet normal 0 -0.991472 0.130322
    outer loop
      vertex 150 -158 520
      vertex 128 -158.051 519.612
      vertex 150 -158.051 519.612
    endloop
  endfacet
  facet normal -0 0.382803 0.92383
    outer loop
      vertex 128 -159.888 518.551
      vertex 150 -160.25 518.701
      vertex 150 -159.888 518.551
    endloop
  endfacet
  facet normal 0 0.382803 0.92383
    outer loop
      vertex 150 -160.25 518.701
      vertex 128 -159.888 518.551
      vertex 128 -160.25 518.701
    endloop
  endfacet
  facet normal 0 0.92383 0.382803
    outer loop
      vertex 150 -160.799 519.25
      vertex 128 -160.949 519.612
      vertex 150 -160.949 519.612
    endloop
  endfacet
  facet normal 0 0.92383 0.382803
    outer loop
      vertex 128 -160.949 519.612
      vertex 150 -160.799 519.25
      vertex 128 -160.799 519.25
    endloop
  endfacet
  facet normal 0 -0.92383 0.382803
    outer loop
      vertex 128 -158.201 519.25
      vertex 150 -158.051 519.612
      vertex 128 -158.051 519.612
    endloop
  endfacet
  facet normal 0 -0.92383 0.382803
    outer loop
      vertex 150 -158.051 519.612
      vertex 128 -158.201 519.25
      vertex 150 -158.201 519.25
    endloop
  endfacet
  facet normal 0 0.79414 -0.607734
    outer loop
      vertex 150 -160.799 520.75
      vertex 128 -160.561 521.061
      vertex 150 -160.561 521.061
    endloop
  endfacet
  facet normal 0 0.79414 -0.607734
    outer loop
      vertex 128 -160.561 521.061
      vertex 150 -160.799 520.75
      vertex 128 -160.799 520.75
    endloop
  endfacet
  facet normal 0 -0.382803 0.92383
    outer loop
      vertex 128 -158.75 518.701
      vertex 150 -159.112 518.551
      vertex 150 -158.75 518.701
    endloop
  endfacet
  facet normal 0 -0.382803 0.92383
    outer loop
      vertex 150 -159.112 518.551
      vertex 128 -158.75 518.701
      vertex 128 -159.112 518.551
    endloop
  endfacet
  facet normal -0 0.130322 0.991472
    outer loop
      vertex 128 -159.5 518.5
      vertex 150 -159.888 518.551
      vertex 150 -159.5 518.5
    endloop
  endfacet
  facet normal 0 0.130322 0.991472
    outer loop
      vertex 150 -159.888 518.551
      vertex 128 -159.5 518.5
      vertex 128 -159.888 518.551
    endloop
  endfacet
  facet normal 0 0.92383 -0.382803
    outer loop
      vertex 150 -160.949 520.388
      vertex 128 -160.799 520.75
      vertex 150 -160.799 520.75
    endloop
  endfacet
  facet normal 0 0.92383 -0.382803
    outer loop
      vertex 128 -160.799 520.75
      vertex 150 -160.949 520.388
      vertex 128 -160.949 520.388
    endloop
  endfacet
  facet normal 0 -0.382803 -0.92383
    outer loop
      vertex 128 -159.112 521.449
      vertex 150 -158.75 521.299
      vertex 150 -159.112 521.449
    endloop
  endfacet
  facet normal -0 -0.382803 -0.92383
    outer loop
      vertex 150 -158.75 521.299
      vertex 128 -159.112 521.449
      vertex 128 -158.75 521.299
    endloop
  endfacet
  facet normal 0 -0.991472 -0.130322
    outer loop
      vertex 128 -158 520
      vertex 150 -158.051 520.388
      vertex 128 -158.051 520.388
    endloop
  endfacet
  facet normal 0 -0.991472 -0.130322
    outer loop
      vertex 150 -158.051 520.388
      vertex 128 -158 520
      vertex 150 -158 520
    endloop
  endfacet
  facet normal 0 -0.79414 -0.607734
    outer loop
      vertex 128 -158.201 520.75
      vertex 150 -158.439 521.061
      vertex 128 -158.439 521.061
    endloop
  endfacet
  facet normal 0 -0.79414 -0.607734
    outer loop
      vertex 150 -158.439 521.061
      vertex 128 -158.201 520.75
      vertex 150 -158.201 520.75
    endloop
  endfacet
  facet normal 0 -0.92383 -0.382803
    outer loop
      vertex 128 -158.051 520.388
      vertex 150 -158.201 520.75
      vertex 128 -158.201 520.75
    endloop
  endfacet
  facet normal 0 -0.92383 -0.382803
    outer loop
      vertex 150 -158.201 520.75
      vertex 128 -158.051 520.388
      vertex 150 -158.051 520.388
    endloop
  endfacet
  facet normal 0 0.991472 0.130322
    outer loop
      vertex 150 -160.949 519.612
      vertex 128 -161 520
      vertex 150 -161 520
    endloop
  endfacet
  facet normal 0 0.991472 0.130322
    outer loop
      vertex 128 -161 520
      vertex 150 -160.949 519.612
      vertex 128 -160.949 519.612
    endloop
  endfacet
  facet normal 0 0.607734 -0.79414
    outer loop
      vertex 128 -160.561 521.061
      vertex 150 -160.25 521.299
      vertex 150 -160.561 521.061
    endloop
  endfacet
  facet normal 0 0.607734 -0.79414
    outer loop
      vertex 150 -160.25 521.299
      vertex 128 -160.561 521.061
      vertex 128 -160.25 521.299
    endloop
  endfacet
  facet normal 0 -0.130322 -0.991472
    outer loop
      vertex 128 -159.5 521.5
      vertex 150 -159.112 521.449
      vertex 150 -159.5 521.5
    endloop
  endfacet
  facet normal -0 -0.130322 -0.991472
    outer loop
      vertex 150 -159.112 521.449
      vertex 128 -159.5 521.5
      vertex 128 -159.112 521.449
    endloop
  endfacet
  facet normal 0 0.991472 -0.130322
    outer loop
      vertex 150 -161 520
      vertex 128 -160.949 520.388
      vertex 150 -160.949 520.388
    endloop
  endfacet
  facet normal 0 0.991472 -0.130322
    outer loop
      vertex 128 -160.949 520.388
      vertex 150 -161 520
      vertex 128 -161 520
    endloop
  endfacet
  facet normal 0 -0.607734 0.79414
    outer loop
      vertex 128 -158.439 518.939
      vertex 150 -158.75 518.701
      vertex 150 -158.439 518.939
    endloop
  endfacet
  facet normal 0 -0.607734 0.79414
    outer loop
      vertex 150 -158.75 518.701
      vertex 128 -158.439 518.939
      vertex 128 -158.75 518.701
    endloop
  endfacet
  facet normal 0 0.382803 -0.92383
    outer loop
      vertex 128 -160.25 521.299
      vertex 150 -159.888 521.449
      vertex 150 -160.25 521.299
    endloop
  endfacet
  facet normal 0 0.382803 -0.92383
    outer loop
      vertex 150 -159.888 521.449
      vertex 128 -160.25 521.299
      vertex 128 -159.888 521.449
    endloop
  endfacet
  facet normal 0 -0.129993 -0.991515
    outer loop
      vertex 128 -112.784 408.716
      vertex 150 -112.395 408.665
      vertex 150 -112.784 408.716
    endloop
  endfacet
  facet normal -0 -0.129993 -0.991515
    outer loop
      vertex 150 -112.395 408.665
      vertex 128 -112.784 408.716
      vertex 128 -112.395 408.665
    endloop
  endfacet
  facet normal 0 -0.381522 0.92436
    outer loop
      vertex 128 -112.034 405.917
      vertex 150 -112.395 405.768
      vertex 150 -112.034 405.917
    endloop
  endfacet
  facet normal 0 -0.381522 0.92436
    outer loop
      vertex 150 -112.395 405.768
      vertex 128 -112.034 405.917
      vertex 128 -112.395 405.768
    endloop
  endfacet
  facet normal 0 -0.609341 0.792908
    outer loop
      vertex 128 -111.723 406.156
      vertex 150 -112.034 405.917
      vertex 150 -111.723 406.156
    endloop
  endfacet
  facet normal 0 -0.609341 0.792908
    outer loop
      vertex 150 -112.034 405.917
      vertex 128 -111.723 406.156
      vertex 128 -112.034 405.917
    endloop
  endfacet
  facet normal -0 0.132833 0.991138
    outer loop
      vertex 128 -112.784 405.716
      vertex 150 -113.172 405.768
      vertex 150 -112.784 405.716
    endloop
  endfacet
  facet normal 0 0.132833 0.991138
    outer loop
      vertex 150 -113.172 405.768
      vertex 128 -112.784 405.716
      vertex 128 -113.172 405.768
    endloop
  endfacet
  facet normal 0 0.991138 0.132833
    outer loop
      vertex 150 -114.232 406.828
      vertex 128 -114.284 407.216
      vertex 150 -114.284 407.216
    endloop
  endfacet
  facet normal 0 0.991138 0.132833
    outer loop
      vertex 128 -114.284 407.216
      vertex 150 -114.232 406.828
      vertex 128 -114.232 406.828
    endloop
  endfacet
  facet normal 0 -0.381522 -0.92436
    outer loop
      vertex 128 -112.395 408.665
      vertex 150 -112.034 408.516
      vertex 150 -112.395 408.665
    endloop
  endfacet
  facet normal -0 -0.381522 -0.92436
    outer loop
      vertex 150 -112.034 408.516
      vertex 128 -112.395 408.665
      vertex 128 -112.034 408.516
    endloop
  endfacet
  facet normal 0 -0.924731 0.380621
    outer loop
      vertex 128 -111.484 406.466
      vertex 150 -111.335 406.828
      vertex 128 -111.335 406.828
    endloop
  endfacet
  facet normal 0 -0.924731 0.380621
    outer loop
      vertex 150 -111.335 406.828
      vertex 128 -111.484 406.466
      vertex 150 -111.484 406.466
    endloop
  endfacet
  facet normal 0 -0.132498 0.991183
    outer loop
      vertex 128 -112.395 405.768
      vertex 150 -112.784 405.716
      vertex 150 -112.395 405.768
    endloop
  endfacet
  facet normal 0 -0.132498 0.991183
    outer loop
      vertex 150 -112.784 405.716
      vertex 128 -112.395 405.768
      vertex 128 -112.784 405.716
    endloop
  endfacet
  facet normal 0 0.791959 0.610575
    outer loop
      vertex 150 -113.844 406.156
      vertex 128 -114.083 406.466
      vertex 150 -114.083 406.466
    endloop
  endfacet
  facet normal 0 0.791959 0.610575
    outer loop
      vertex 128 -114.083 406.466
      vertex 150 -113.844 406.156
      vertex 128 -113.844 406.156
    endloop
  endfacet
  facet normal 0 -0.991472 0.130322
    outer loop
      vertex 128 -111.335 406.828
      vertex 150 -111.284 407.216
      vertex 128 -111.284 407.216
    endloop
  endfacet
  facet normal 0 -0.991472 0.130322
    outer loop
      vertex 150 -111.284 407.216
      vertex 128 -111.335 406.828
      vertex 150 -111.335 406.828
    endloop
  endfacet
  facet normal 0 -0.609341 -0.792908
    outer loop
      vertex 128 -112.034 408.516
      vertex 150 -111.723 408.277
      vertex 150 -112.034 408.516
    endloop
  endfacet
  facet normal -0 -0.609341 -0.792908
    outer loop
      vertex 150 -111.723 408.277
      vertex 128 -112.034 408.516
      vertex 128 -111.723 408.277
    endloop
  endfacet
  facet normal 0 0.380621 -0.924731
    outer loop
      vertex 128 -113.534 408.516
      vertex 150 -113.172 408.665
      vertex 150 -113.534 408.516
    endloop
  endfacet
  facet normal 0 0.380621 -0.924731
    outer loop
      vertex 150 -113.172 408.665
      vertex 128 -113.534 408.516
      vertex 128 -113.172 408.665
    endloop
  endfacet
  facet normal 0 0.610575 -0.791959
    outer loop
      vertex 128 -113.844 408.277
      vertex 150 -113.534 408.516
      vertex 150 -113.844 408.277
    endloop
  endfacet
  facet normal 0 0.610575 -0.791959
    outer loop
      vertex 150 -113.534 408.516
      vertex 128 -113.844 408.277
      vertex 128 -113.534 408.516
    endloop
  endfacet
  facet normal 0 -0.92436 -0.381522
    outer loop
      vertex 128 -111.335 407.605
      vertex 150 -111.484 407.966
      vertex 128 -111.484 407.966
    endloop
  endfacet
  facet normal 0 -0.92436 -0.381522
    outer loop
      vertex 150 -111.484 407.966
      vertex 128 -111.335 407.605
      vertex 150 -111.335 407.605
    endloop
  endfacet
  facet normal 0 -0.991515 -0.129993
    outer loop
      vertex 128 -111.284 407.216
      vertex 150 -111.335 407.605
      vertex 128 -111.335 407.605
    endloop
  endfacet
  facet normal 0 -0.991515 -0.129993
    outer loop
      vertex 150 -111.335 407.605
      vertex 128 -111.284 407.216
      vertex 150 -111.284 407.216
    endloop
  endfacet
  facet normal 0 0.792908 -0.609341
    outer loop
      vertex 150 -114.083 407.966
      vertex 128 -113.844 408.277
      vertex 150 -113.844 408.277
    endloop
  endfacet
  facet normal 0 0.792908 -0.609341
    outer loop
      vertex 128 -113.844 408.277
      vertex 150 -114.083 407.966
      vertex 128 -114.083 407.966
    endloop
  endfacet
  facet normal 0 -0.792908 -0.609341
    outer loop
      vertex 128 -111.484 407.966
      vertex 150 -111.723 408.277
      vertex 128 -111.723 408.277
    endloop
  endfacet
  facet normal 0 -0.792908 -0.609341
    outer loop
      vertex 150 -111.723 408.277
      vertex 128 -111.484 407.966
      vertex 150 -111.484 407.966
    endloop
  endfacet
  facet normal -0 0.380621 0.924731
    outer loop
      vertex 128 -113.172 405.768
      vertex 150 -113.534 405.917
      vertex 150 -113.172 405.768
    endloop
  endfacet
  facet normal 0 0.380621 0.924731
    outer loop
      vertex 150 -113.534 405.917
      vertex 128 -113.172 405.768
      vertex 128 -113.534 405.917
    endloop
  endfacet
  facet normal -0 0.610575 0.791959
    outer loop
      vertex 128 -113.534 405.917
      vertex 150 -113.844 406.156
      vertex 150 -113.534 405.917
    endloop
  endfacet
  facet normal 0 0.610575 0.791959
    outer loop
      vertex 150 -113.844 406.156
      vertex 128 -113.534 405.917
      vertex 128 -113.844 406.156
    endloop
  endfacet
  facet normal 0 -0.791959 0.610575
    outer loop
      vertex 128 -111.723 406.156
      vertex 150 -111.484 406.466
      vertex 128 -111.484 406.466
    endloop
  endfacet
  facet normal 0 -0.791959 0.610575
    outer loop
      vertex 150 -111.484 406.466
      vertex 128 -111.723 406.156
      vertex 150 -111.723 406.156
    endloop
  endfacet
  facet normal 0 0.130322 -0.991472
    outer loop
      vertex 128 -113.172 408.665
      vertex 150 -112.784 408.716
      vertex 150 -113.172 408.665
    endloop
  endfacet
  facet normal 0 0.130322 -0.991472
    outer loop
      vertex 150 -112.784 408.716
      vertex 128 -113.172 408.665
      vertex 128 -112.784 408.716
    endloop
  endfacet
  facet normal 0 0.924731 0.380621
    outer loop
      vertex 150 -114.083 406.466
      vertex 128 -114.232 406.828
      vertex 150 -114.232 406.828
    endloop
  endfacet
  facet normal 0 0.924731 0.380621
    outer loop
      vertex 128 -114.232 406.828
      vertex 150 -114.083 406.466
      vertex 128 -114.083 406.466
    endloop
  endfacet
  facet normal 0 0.92436 -0.381522
    outer loop
      vertex 150 -114.232 407.605
      vertex 128 -114.083 407.966
      vertex 150 -114.083 407.966
    endloop
  endfacet
  facet normal 0 0.92436 -0.381522
    outer loop
      vertex 128 -114.083 407.966
      vertex 150 -114.232 407.605
      vertex 128 -114.232 407.605
    endloop
  endfacet
  facet normal 0 0.991183 -0.132498
    outer loop
      vertex 150 -114.284 407.216
      vertex 128 -114.232 407.605
      vertex 150 -114.232 407.605
    endloop
  endfacet
  facet normal 0 0.991183 -0.132498
    outer loop
      vertex 128 -114.232 407.605
      vertex 150 -114.284 407.216
      vertex 128 -114.284 407.216
    endloop
  endfacet
  facet normal 0 0.923966 -0.382476
    outer loop
      vertex 150 -1.44889 360.888
      vertex 128 -1.29904 361.25
      vertex 150 -1.29904 361.25
    endloop
  endfacet
  facet normal 0 0.923966 -0.382476
    outer loop
      vertex 128 -1.29904 361.25
      vertex 150 -1.44889 360.888
      vertex 128 -1.44889 360.888
    endloop
  endfacet
  facet normal 0 0.130247 -0.991482
    outer loop
      vertex 128 -0.388228 361.949
      vertex 150 0 362
      vertex 150 -0.388228 361.949
    endloop
  endfacet
  facet normal 0 0.130247 -0.991482
    outer loop
      vertex 150 0 362
      vertex 128 -0.388228 361.949
      vertex 128 0 362
    endloop
  endfacet
  facet normal 0 0.793672 0.608346
    outer loop
      vertex 150 -1.06066 359.439
      vertex 128 -1.29904 359.75
      vertex 150 -1.29904 359.75
    endloop
  endfacet
  facet normal 0 0.793672 0.608346
    outer loop
      vertex 128 -1.29904 359.75
      vertex 150 -1.06066 359.439
      vertex 128 -1.06066 359.439
    endloop
  endfacet
  facet normal 0 0.923966 0.382476
    outer loop
      vertex 150 -1.29904 359.75
      vertex 128 -1.44889 360.112
      vertex 150 -1.44889 360.112
    endloop
  endfacet
  facet normal 0 0.923966 0.382476
    outer loop
      vertex 128 -1.44889 360.112
      vertex 150 -1.29904 359.75
      vertex 128 -1.29904 359.75
    endloop
  endfacet
  facet normal 0 -0.130247 0.991482
    outer loop
      vertex 128 0.388228 359.051
      vertex 150 0 359
      vertex 150 0.388228 359.051
    endloop
  endfacet
  facet normal 0 -0.130247 0.991482
    outer loop
      vertex 150 0 359
      vertex 128 0.388228 359.051
      vertex 128 0 359
    endloop
  endfacet
  facet normal 0 -0.991435 -0.130599
    outer loop
      vertex 128 1.5 360.5
      vertex 150 1.44889 360.888
      vertex 128 1.44889 360.888
    endloop
  endfacet
  facet normal 0 -0.991435 -0.130599
    outer loop
      vertex 150 1.44889 360.888
      vertex 128 1.5 360.5
      vertex 150 1.5 360.5
    endloop
  endfacet
  facet normal 0 -0.923966 0.382476
    outer loop
      vertex 128 1.29904 359.75
      vertex 150 1.44889 360.112
      vertex 128 1.44889 360.112
    endloop
  endfacet
  facet normal 0 -0.923966 0.382476
    outer loop
      vertex 150 1.44889 360.112
      vertex 128 1.29904 359.75
      vertex 150 1.29904 359.75
    endloop
  endfacet
  facet normal -0 0.608154 0.793819
    outer loop
      vertex 128 -0.75 359.201
      vertex 150 -1.06066 359.439
      vertex 150 -0.75 359.201
    endloop
  endfacet
  facet normal 0 0.608154 0.793819
    outer loop
      vertex 150 -1.06066 359.439
      vertex 128 -0.75 359.201
      vertex 128 -1.06066 359.439
    endloop
  endfacet
  facet normal 0 0.793672 -0.608346
    outer loop
      vertex 150 -1.29904 361.25
      vertex 128 -1.06066 361.561
      vertex 150 -1.06066 361.561
    endloop
  endfacet
  facet normal 0 0.793672 -0.608346
    outer loop
      vertex 128 -1.06066 361.561
      vertex 150 -1.29904 361.25
      vertex 128 -1.29904 361.25
    endloop
  endfacet
  facet normal -0 0.383008 0.923745
    outer loop
      vertex 128 -0.388228 359.051
      vertex 150 -0.75 359.201
      vertex 150 -0.388228 359.051
    endloop
  endfacet
  facet normal 0 0.383008 0.923745
    outer loop
      vertex 150 -0.75 359.201
      vertex 128 -0.388228 359.051
      vertex 128 -0.75 359.201
    endloop
  endfacet
  facet normal 0 0.991435 -0.130599
    outer loop
      vertex 150 -1.5 360.5
      vertex 128 -1.44889 360.888
      vertex 150 -1.44889 360.888
    endloop
  endfacet
  facet normal 0 0.991435 -0.130599
    outer loop
      vertex 128 -1.44889 360.888
      vertex 150 -1.5 360.5
      vertex 128 -1.5 360.5
    endloop
  endfacet
  facet normal 0 -0.991435 0.130599
    outer loop
      vertex 128 1.44889 360.112
      vertex 150 1.5 360.5
      vertex 128 1.5 360.5
    endloop
  endfacet
  facet normal 0 -0.991435 0.130599
    outer loop
      vertex 150 1.5 360.5
      vertex 128 1.44889 360.112
      vertex 150 1.44889 360.112
    endloop
  endfacet
  facet normal 0 -0.793672 -0.608346
    outer loop
      vertex 128 1.29904 361.25
      vertex 150 1.06066 361.561
      vertex 128 1.06066 361.561
    endloop
  endfacet
  facet normal 0 -0.793672 -0.608346
    outer loop
      vertex 150 1.06066 361.561
      vertex 128 1.29904 361.25
      vertex 150 1.29904 361.25
    endloop
  endfacet
  facet normal 0 -0.383008 0.923745
    outer loop
      vertex 128 0.75 359.201
      vertex 150 0.388228 359.051
      vertex 150 0.75 359.201
    endloop
  endfacet
  facet normal 0 -0.383008 0.923745
    outer loop
      vertex 150 0.388228 359.051
      vertex 128 0.75 359.201
      vertex 128 0.388228 359.051
    endloop
  endfacet
  facet normal -0 0.130247 0.991482
    outer loop
      vertex 128 0 359
      vertex 150 -0.388228 359.051
      vertex 150 0 359
    endloop
  endfacet
  facet normal 0 0.130247 0.991482
    outer loop
      vertex 150 -0.388228 359.051
      vertex 128 0 359
      vertex 128 -0.388228 359.051
    endloop
  endfacet
  facet normal 0 -0.130247 -0.991482
    outer loop
      vertex 128 0 362
      vertex 150 0.388228 361.949
      vertex 150 0 362
    endloop
  endfacet
  facet normal -0 -0.130247 -0.991482
    outer loop
      vertex 150 0.388228 361.949
      vertex 128 0 362
      vertex 128 0.388228 361.949
    endloop
  endfacet
  facet normal 0 0.991435 0.130599
    outer loop
      vertex 150 -1.44889 360.112
      vertex 128 -1.5 360.5
      vertex 150 -1.5 360.5
    endloop
  endfacet
  facet normal 0 0.991435 0.130599
    outer loop
      vertex 128 -1.5 360.5
      vertex 150 -1.44889 360.112
      vertex 128 -1.44889 360.112
    endloop
  endfacet
  facet normal 0 -0.923966 -0.382476
    outer loop
      vertex 128 1.44889 360.888
      vertex 150 1.29904 361.25
      vertex 128 1.29904 361.25
    endloop
  endfacet
  facet normal 0 -0.923966 -0.382476
    outer loop
      vertex 150 1.29904 361.25
      vertex 128 1.44889 360.888
      vertex 150 1.44889 360.888
    endloop
  endfacet
  facet normal 0 -0.793672 0.608346
    outer loop
      vertex 128 1.06066 359.439
      vertex 150 1.29904 359.75
      vertex 128 1.29904 359.75
    endloop
  endfacet
  facet normal 0 -0.793672 0.608346
    outer loop
      vertex 150 1.29904 359.75
      vertex 128 1.06066 359.439
      vertex 150 1.06066 359.439
    endloop
  endfacet
  facet normal 0 0.608154 -0.793819
    outer loop
      vertex 128 -1.06066 361.561
      vertex 150 -0.75 361.799
      vertex 150 -1.06066 361.561
    endloop
  endfacet
  facet normal 0 0.608154 -0.793819
    outer loop
      vertex 150 -0.75 361.799
      vertex 128 -1.06066 361.561
      vertex 128 -0.75 361.799
    endloop
  endfacet
  facet normal 0 -0.383008 -0.923745
    outer loop
      vertex 128 0.388228 361.949
      vertex 150 0.75 361.799
      vertex 150 0.388228 361.949
    endloop
  endfacet
  facet normal -0 -0.383008 -0.923745
    outer loop
      vertex 150 0.75 361.799
      vertex 128 0.388228 361.949
      vertex 128 0.75 361.799
    endloop
  endfacet
  facet normal 0 -0.608154 -0.793819
    outer loop
      vertex 128 0.75 361.799
      vertex 150 1.06066 361.561
      vertex 150 0.75 361.799
    endloop
  endfacet
  facet normal -0 -0.608154 -0.793819
    outer loop
      vertex 150 1.06066 361.561
      vertex 128 0.75 361.799
      vertex 128 1.06066 361.561
    endloop
  endfacet
  facet normal 0 -0.608154 0.793819
    outer loop
      vertex 128 1.06066 359.439
      vertex 150 0.75 359.201
      vertex 150 1.06066 359.439
    endloop
  endfacet
  facet normal 0 -0.608154 0.793819
    outer loop
      vertex 150 0.75 359.201
      vertex 128 1.06066 359.439
      vertex 128 0.75 359.201
    endloop
  endfacet
  facet normal 0 0.383008 -0.923745
    outer loop
      vertex 128 -0.75 361.799
      vertex 150 -0.388228 361.949
      vertex 150 -0.75 361.799
    endloop
  endfacet
  facet normal 0 0.383008 -0.923745
    outer loop
      vertex 150 -0.388228 361.949
      vertex 128 -0.75 361.799
      vertex 128 -0.388228 361.949
    endloop
  endfacet
  facet normal 0 -0.130322 -0.991472
    outer loop
      vertex 128 112.784 408.716
      vertex 150 113.172 408.665
      vertex 150 112.784 408.716
    endloop
  endfacet
  facet normal -0 -0.130322 -0.991472
    outer loop
      vertex 150 113.172 408.665
      vertex 128 112.784 408.716
      vertex 128 113.172 408.665
    endloop
  endfacet
  facet normal 0 -0.380621 0.924731
    outer loop
      vertex 128 113.534 405.917
      vertex 150 113.172 405.768
      vertex 150 113.534 405.917
    endloop
  endfacet
  facet normal 0 -0.380621 0.924731
    outer loop
      vertex 150 113.172 405.768
      vertex 128 113.534 405.917
      vertex 128 113.172 405.768
    endloop
  endfacet
  facet normal 0 -0.610575 0.791959
    outer loop
      vertex 128 113.844 406.156
      vertex 150 113.534 405.917
      vertex 150 113.844 406.156
    endloop
  endfacet
  facet normal 0 -0.610575 0.791959
    outer loop
      vertex 150 113.534 405.917
      vertex 128 113.844 406.156
      vertex 128 113.534 405.917
    endloop
  endfacet
  facet normal -0 0.132498 0.991183
    outer loop
      vertex 128 112.784 405.716
      vertex 150 112.395 405.768
      vertex 150 112.784 405.716
    endloop
  endfacet
  facet normal 0 0.132498 0.991183
    outer loop
      vertex 150 112.395 405.768
      vertex 128 112.784 405.716
      vertex 128 112.395 405.768
    endloop
  endfacet
  facet normal 0 0.991472 0.130322
    outer loop
      vertex 150 111.335 406.828
      vertex 128 111.284 407.216
      vertex 150 111.284 407.216
    endloop
  endfacet
  facet normal 0 0.991472 0.130322
    outer loop
      vertex 128 111.284 407.216
      vertex 150 111.335 406.828
      vertex 128 111.335 406.828
    endloop
  endfacet
  facet normal 0 -0.380621 -0.924731
    outer loop
      vertex 128 113.172 408.665
      vertex 150 113.534 408.516
      vertex 150 113.172 408.665
    endloop
  endfacet
  facet normal -0 -0.380621 -0.924731
    outer loop
      vertex 150 113.534 408.516
      vertex 128 113.172 408.665
      vertex 128 113.534 408.516
    endloop
  endfacet
  facet normal 0 -0.924731 0.380621
    outer loop
      vertex 128 114.083 406.466
      vertex 150 114.232 406.828
      vertex 128 114.232 406.828
    endloop
  endfacet
  facet normal 0 -0.924731 0.380621
    outer loop
      vertex 150 114.232 406.828
      vertex 128 114.083 406.466
      vertex 150 114.083 406.466
    endloop
  endfacet
  facet normal 0 -0.132833 0.991138
    outer loop
      vertex 128 113.172 405.768
      vertex 150 112.784 405.716
      vertex 150 113.172 405.768
    endloop
  endfacet
  facet normal 0 -0.132833 0.991138
    outer loop
      vertex 150 112.784 405.716
      vertex 128 113.172 405.768
      vertex 128 112.784 405.716
    endloop
  endfacet
  facet normal 0 0.791959 0.610575
    outer loop
      vertex 150 111.723 406.156
      vertex 128 111.484 406.466
      vertex 150 111.484 406.466
    endloop
  endfacet
  facet normal 0 0.791959 0.610575
    outer loop
      vertex 128 111.484 406.466
      vertex 150 111.723 406.156
      vertex 128 111.723 406.156
    endloop
  endfacet
  facet normal 0 -0.991138 0.132833
    outer loop
      vertex 128 114.232 406.828
      vertex 150 114.284 407.216
      vertex 128 114.284 407.216
    endloop
  endfacet
  facet normal 0 -0.991138 0.132833
    outer loop
      vertex 150 114.284 407.216
      vertex 128 114.232 406.828
      vertex 150 114.232 406.828
    endloop
  endfacet
  facet normal 0 0.381522 -0.92436
    outer loop
      vertex 128 112.034 408.516
      vertex 150 112.395 408.665
      vertex 150 112.034 408.516
    endloop
  endfacet
  facet normal 0 0.381522 -0.92436
    outer loop
      vertex 150 112.395 408.665
      vertex 128 112.034 408.516
      vertex 128 112.395 408.665
    endloop
  endfacet
  facet normal 0 0.609341 -0.792908
    outer loop
      vertex 128 111.723 408.277
      vertex 150 112.034 408.516
      vertex 150 111.723 408.277
    endloop
  endfacet
  facet normal 0 0.609341 -0.792908
    outer loop
      vertex 150 112.034 408.516
      vertex 128 111.723 408.277
      vertex 128 112.034 408.516
    endloop
  endfacet
  facet normal 0 -0.92436 -0.381522
    outer loop
      vertex 128 114.232 407.605
      vertex 150 114.083 407.966
      vertex 128 114.083 407.966
    endloop
  endfacet
  facet normal 0 -0.92436 -0.381522
    outer loop
      vertex 150 114.083 407.966
      vertex 128 114.232 407.605
      vertex 150 114.232 407.605
    endloop
  endfacet
  facet normal 0 -0.991183 -0.132498
    outer loop
      vertex 128 114.284 407.216
      vertex 150 114.232 407.605
      vertex 128 114.232 407.605
    endloop
  endfacet
  facet normal 0 -0.991183 -0.132498
    outer loop
      vertex 150 114.232 407.605
      vertex 128 114.284 407.216
      vertex 150 114.284 407.216
    endloop
  endfacet
  facet normal 0 0.792908 -0.609341
    outer loop
      vertex 150 111.484 407.966
      vertex 128 111.723 408.277
      vertex 150 111.723 408.277
    endloop
  endfacet
  facet normal 0 0.792908 -0.609341
    outer loop
      vertex 128 111.723 408.277
      vertex 150 111.484 407.966
      vertex 128 111.484 407.966
    endloop
  endfacet
  facet normal 0 -0.792908 -0.609341
    outer loop
      vertex 128 114.083 407.966
      vertex 150 113.844 408.277
      vertex 128 113.844 408.277
    endloop
  endfacet
  facet normal 0 -0.792908 -0.609341
    outer loop
      vertex 150 113.844 408.277
      vertex 128 114.083 407.966
      vertex 150 114.083 407.966
    endloop
  endfacet
  facet normal -0 0.381522 0.92436
    outer loop
      vertex 128 112.395 405.768
      vertex 150 112.034 405.917
      vertex 150 112.395 405.768
    endloop
  endfacet
  facet normal 0 0.381522 0.92436
    outer loop
      vertex 150 112.034 405.917
      vertex 128 112.395 405.768
      vertex 128 112.034 405.917
    endloop
  endfacet
  facet normal -0 0.609341 0.792908
    outer loop
      vertex 128 112.034 405.917
      vertex 150 111.723 406.156
      vertex 150 112.034 405.917
    endloop
  endfacet
  facet normal 0 0.609341 0.792908
    outer loop
      vertex 150 111.723 406.156
      vertex 128 112.034 405.917
      vertex 128 111.723 406.156
    endloop
  endfacet
  facet normal 0 -0.791959 0.610575
    outer loop
      vertex 128 113.844 406.156
      vertex 150 114.083 406.466
      vertex 128 114.083 406.466
    endloop
  endfacet
  facet normal 0 -0.791959 0.610575
    outer loop
      vertex 150 114.083 406.466
      vertex 128 113.844 406.156
      vertex 150 113.844 406.156
    endloop
  endfacet
  facet normal 0 0.129993 -0.991515
    outer loop
      vertex 128 112.395 408.665
      vertex 150 112.784 408.716
      vertex 150 112.395 408.665
    endloop
  endfacet
  facet normal 0 0.129993 -0.991515
    outer loop
      vertex 150 112.784 408.716
      vertex 128 112.395 408.665
      vertex 128 112.784 408.716
    endloop
  endfacet
  facet normal 0 0.924731 0.380621
    outer loop
      vertex 150 111.484 406.466
      vertex 128 111.335 406.828
      vertex 150 111.335 406.828
    endloop
  endfacet
  facet normal 0 0.924731 0.380621
    outer loop
      vertex 128 111.335 406.828
      vertex 150 111.484 406.466
      vertex 128 111.484 406.466
    endloop
  endfacet
  facet normal 0 0.92436 -0.381522
    outer loop
      vertex 150 111.335 407.605
      vertex 128 111.484 407.966
      vertex 150 111.484 407.966
    endloop
  endfacet
  facet normal 0 0.92436 -0.381522
    outer loop
      vertex 128 111.484 407.966
      vertex 150 111.335 407.605
      vertex 128 111.335 407.605
    endloop
  endfacet
  facet normal 0 0.991515 -0.129993
    outer loop
      vertex 150 111.284 407.216
      vertex 128 111.335 407.605
      vertex 150 111.335 407.605
    endloop
  endfacet
  facet normal 0 0.991515 -0.129993
    outer loop
      vertex 128 111.335 407.605
      vertex 150 111.284 407.216
      vertex 128 111.284 407.216
    endloop
  endfacet
  facet normal 0 -0.610575 -0.791959
    outer loop
      vertex 128 113.534 408.516
      vertex 150 113.844 408.277
      vertex 150 113.534 408.516
    endloop
  endfacet
  facet normal -0 -0.610575 -0.791959
    outer loop
      vertex 150 113.844 408.277
      vertex 128 113.534 408.516
      vertex 128 113.844 408.277
    endloop
  endfacet
  facet normal 0 -0.382803 0.92383
    outer loop
      vertex -150 160.25 518.701
      vertex -128 159.888 518.551
      vertex -128 160.25 518.701
    endloop
  endfacet
  facet normal 0 -0.382803 0.92383
    outer loop
      vertex -128 159.888 518.551
      vertex -150 160.25 518.701
      vertex -150 159.888 518.551
    endloop
  endfacet
  facet normal 0 -0.607734 0.79414
    outer loop
      vertex -150 160.561 518.939
      vertex -128 160.25 518.701
      vertex -128 160.561 518.939
    endloop
  endfacet
  facet normal 0 -0.607734 0.79414
    outer loop
      vertex -128 160.25 518.701
      vertex -150 160.561 518.939
      vertex -150 160.25 518.701
    endloop
  endfacet
  facet normal 0 0.382803 -0.92383
    outer loop
      vertex -150 158.75 521.299
      vertex -128 159.112 521.449
      vertex -128 158.75 521.299
    endloop
  endfacet
  facet normal 0 0.382803 -0.92383
    outer loop
      vertex -128 159.112 521.449
      vertex -150 158.75 521.299
      vertex -150 159.112 521.449
    endloop
  endfacet
  facet normal 0 0.92383 -0.382803
    outer loop
      vertex -128 158.051 520.388
      vertex -150 158.201 520.75
      vertex -128 158.201 520.75
    endloop
  endfacet
  facet normal 0 0.92383 -0.382803
    outer loop
      vertex -150 158.201 520.75
      vertex -128 158.051 520.388
      vertex -150 158.051 520.388
    endloop
  endfacet
  facet normal 0 -0.130322 -0.991472
    outer loop
      vertex -150 159.5 521.5
      vertex -128 159.888 521.449
      vertex -128 159.5 521.5
    endloop
  endfacet
  facet normal -0 -0.130322 -0.991472
    outer loop
      vertex -128 159.888 521.449
      vertex -150 159.5 521.5
      vertex -150 159.888 521.449
    endloop
  endfacet
  facet normal 0 -0.991472 -0.130322
    outer loop
      vertex -150 161 520
      vertex -128 160.949 520.388
      vertex -150 160.949 520.388
    endloop
  endfacet
  facet normal 0 -0.991472 -0.130322
    outer loop
      vertex -128 160.949 520.388
      vertex -150 161 520
      vertex -128 161 520
    endloop
  endfacet
  facet normal 0 -0.130322 0.991472
    outer loop
      vertex -150 159.888 518.551
      vertex -128 159.5 518.5
      vertex -128 159.888 518.551
    endloop
  endfacet
  facet normal 0 -0.130322 0.991472
    outer loop
      vertex -128 159.5 518.5
      vertex -150 159.888 518.551
      vertex -150 159.5 518.5
    endloop
  endfacet
  facet normal 0 -0.79414 -0.607734
    outer loop
      vertex -150 160.799 520.75
      vertex -128 160.561 521.061
      vertex -150 160.561 521.061
    endloop
  endfacet
  facet normal 0 -0.79414 -0.607734
    outer loop
      vertex -128 160.561 521.061
      vertex -150 160.799 520.75
      vertex -128 160.799 520.75
    endloop
  endfacet
  facet normal -0 0.130322 0.991472
    outer loop
      vertex -150 159.5 518.5
      vertex -128 159.112 518.551
      vertex -128 159.5 518.5
    endloop
  endfacet
  facet normal 0 0.130322 0.991472
    outer loop
      vertex -128 159.112 518.551
      vertex -150 159.5 518.5
      vertex -150 159.112 518.551
    endloop
  endfacet
  facet normal 0 -0.92383 0.382803
    outer loop
      vertex -150 160.799 519.25
      vertex -128 160.949 519.612
      vertex -150 160.949 519.612
    endloop
  endfacet
  facet normal 0 -0.92383 0.382803
    outer loop
      vertex -128 160.949 519.612
      vertex -150 160.799 519.25
      vertex -128 160.799 519.25
    endloop
  endfacet
  facet normal 0 -0.92383 -0.382803
    outer loop
      vertex -150 160.949 520.388
      vertex -128 160.799 520.75
      vertex -150 160.799 520.75
    endloop
  endfacet
  facet normal 0 -0.92383 -0.382803
    outer loop
      vertex -128 160.799 520.75
      vertex -150 160.949 520.388
      vertex -128 160.949 520.388
    endloop
  endfacet
  facet normal 0 -0.382803 -0.92383
    outer loop
      vertex -150 159.888 521.449
      vertex -128 160.25 521.299
      vertex -128 159.888 521.449
    endloop
  endfacet
  facet normal -0 -0.382803 -0.92383
    outer loop
      vertex -128 160.25 521.299
      vertex -150 159.888 521.449
      vertex -150 160.25 521.299
    endloop
  endfacet
  facet normal -0 0.382803 0.92383
    outer loop
      vertex -150 159.112 518.551
      vertex -128 158.75 518.701
      vertex -128 159.112 518.551
    endloop
  endfacet
  facet normal 0 0.382803 0.92383
    outer loop
      vertex -128 158.75 518.701
      vertex -150 159.112 518.551
      vertex -150 158.75 518.701
    endloop
  endfacet
  facet normal 0 -0.991472 0.130322
    outer loop
      vertex -150 160.949 519.612
      vertex -128 161 520
      vertex -150 161 520
    endloop
  endfacet
  facet normal 0 -0.991472 0.130322
    outer loop
      vertex -128 161 520
      vertex -150 160.949 519.612
      vertex -128 160.949 519.612
    endloop
  endfacet
  facet normal 0 -0.79414 0.607734
    outer loop
      vertex -150 160.561 518.939
      vertex -128 160.799 519.25
      vertex -150 160.799 519.25
    endloop
  endfacet
  facet normal 0 -0.79414 0.607734
    outer loop
      vertex -128 160.799 519.25
      vertex -150 160.561 518.939
      vertex -128 160.561 518.939
    endloop
  endfacet
  facet normal 0 0.79414 -0.607734
    outer loop
      vertex -128 158.201 520.75
      vertex -150 158.439 521.061
      vertex -128 158.439 521.061
    endloop
  endfacet
  facet normal 0 0.79414 -0.607734
    outer loop
      vertex -150 158.439 521.061
      vertex -128 158.201 520.75
      vertex -150 158.201 520.75
    endloop
  endfacet
  facet normal 0 0.607734 -0.79414
    outer loop
      vertex -150 158.439 521.061
      vertex -128 158.75 521.299
      vertex -128 158.439 521.061
    endloop
  endfacet
  facet normal 0 0.607734 -0.79414
    outer loop
      vertex -128 158.75 521.299
      vertex -150 158.439 521.061
      vertex -150 158.75 521.299
    endloop
  endfacet
  facet normal -0 0.607734 0.79414
    outer loop
      vertex -150 158.75 518.701
      vertex -128 158.439 518.939
      vertex -128 158.75 518.701
    endloop
  endfacet
  facet normal 0 0.607734 0.79414
    outer loop
      vertex -128 158.439 518.939
      vertex -150 158.75 518.701
      vertex -150 158.439 518.939
    endloop
  endfacet
  facet normal 0 0.79414 0.607734
    outer loop
      vertex -128 158.439 518.939
      vertex -150 158.201 519.25
      vertex -128 158.201 519.25
    endloop
  endfacet
  facet normal 0 0.79414 0.607734
    outer loop
      vertex -150 158.201 519.25
      vertex -128 158.439 518.939
      vertex -150 158.439 518.939
    endloop
  endfacet
  facet normal 0 0.991472 -0.130322
    outer loop
      vertex -128 158 520
      vertex -150 158.051 520.388
      vertex -128 158.051 520.388
    endloop
  endfacet
  facet normal 0 0.991472 -0.130322
    outer loop
      vertex -150 158.051 520.388
      vertex -128 158 520
      vertex -150 158 520
    endloop
  endfacet
  facet normal 0 0.130322 -0.991472
    outer loop
      vertex -150 159.112 521.449
      vertex -128 159.5 521.5
      vertex -128 159.112 521.449
    endloop
  endfacet
  facet normal 0 0.130322 -0.991472
    outer loop
      vertex -128 159.5 521.5
      vertex -150 159.112 521.449
      vertex -150 159.5 521.5
    endloop
  endfacet
  facet normal 0 -0.607734 -0.79414
    outer loop
      vertex -150 160.25 521.299
      vertex -128 160.561 521.061
      vertex -128 160.25 521.299
    endloop
  endfacet
  facet normal -0 -0.607734 -0.79414
    outer loop
      vertex -128 160.561 521.061
      vertex -150 160.25 521.299
      vertex -150 160.561 521.061
    endloop
  endfacet
  facet normal 0 0.92383 0.382803
    outer loop
      vertex -128 158.201 519.25
      vertex -150 158.051 519.612
      vertex -128 158.051 519.612
    endloop
  endfacet
  facet normal 0 0.92383 0.382803
    outer loop
      vertex -150 158.051 519.612
      vertex -128 158.201 519.25
      vertex -150 158.201 519.25
    endloop
  endfacet
  facet normal 0 0.991472 0.130322
    outer loop
      vertex -128 158.051 519.612
      vertex -150 158 520
      vertex -128 158 520
    endloop
  endfacet
  facet normal 0 0.991472 0.130322
    outer loop
      vertex -150 158 520
      vertex -128 158.051 519.612
      vertex -150 158.051 519.612
    endloop
  endfacet
  facet normal 0 -0.92436 0.381522
    outer loop
      vertex -150 114.083 632.034
      vertex -128 114.232 632.395
      vertex -150 114.232 632.395
    endloop
  endfacet
  facet normal 0 -0.92436 0.381522
    outer loop
      vertex -128 114.232 632.395
      vertex -150 114.083 632.034
      vertex -128 114.083 632.034
    endloop
  endfacet
  facet normal 0 0.991472 -0.130322
    outer loop
      vertex -128 111.284 632.784
      vertex -150 111.335 633.172
      vertex -128 111.335 633.172
    endloop
  endfacet
  facet normal 0 0.991472 -0.130322
    outer loop
      vertex -150 111.335 633.172
      vertex -128 111.284 632.784
      vertex -150 111.284 632.784
    endloop
  endfacet
  facet normal 0 -0.610575 -0.791959
    outer loop
      vertex -150 113.534 634.083
      vertex -128 113.844 633.844
      vertex -128 113.534 634.083
    endloop
  endfacet
  facet normal -0 -0.610575 -0.791959
    outer loop
      vertex -128 113.844 633.844
      vertex -150 113.534 634.083
      vertex -150 113.844 633.844
    endloop
  endfacet
  facet normal 0 -0.380621 0.924731
    outer loop
      vertex -150 113.534 631.484
      vertex -128 113.172 631.335
      vertex -128 113.534 631.484
    endloop
  endfacet
  facet normal 0 -0.380621 0.924731
    outer loop
      vertex -128 113.172 631.335
      vertex -150 113.534 631.484
      vertex -150 113.172 631.335
    endloop
  endfacet
  facet normal 0 -0.791959 -0.610575
    outer loop
      vertex -150 114.083 633.534
      vertex -128 113.844 633.844
      vertex -150 113.844 633.844
    endloop
  endfacet
  facet normal 0 -0.791959 -0.610575
    outer loop
      vertex -128 113.844 633.844
      vertex -150 114.083 633.534
      vertex -128 114.083 633.534
    endloop
  endfacet
  facet normal 0 -0.924731 -0.380621
    outer loop
      vertex -150 114.232 633.172
      vertex -128 114.083 633.534
      vertex -150 114.083 633.534
    endloop
  endfacet
  facet normal 0 -0.924731 -0.380621
    outer loop
      vertex -128 114.083 633.534
      vertex -150 114.232 633.172
      vertex -128 114.232 633.172
    endloop
  endfacet
  facet normal 0 -0.132833 -0.991138
    outer loop
      vertex -150 112.784 634.284
      vertex -128 113.172 634.232
      vertex -128 112.784 634.284
    endloop
  endfacet
  facet normal -0 -0.132833 -0.991138
    outer loop
      vertex -128 113.172 634.232
      vertex -150 112.784 634.284
      vertex -150 113.172 634.232
    endloop
  endfacet
  facet normal 0 -0.130322 0.991472
    outer loop
      vertex -150 113.172 631.335
      vertex -128 112.784 631.284
      vertex -128 113.172 631.335
    endloop
  endfacet
  facet normal 0 -0.130322 0.991472
    outer loop
      vertex -128 112.784 631.284
      vertex -150 113.172 631.335
      vertex -150 112.784 631.284
    endloop
  endfacet
  facet normal 0 0.791959 -0.610575
    outer loop
      vertex -128 111.484 633.534
      vertex -150 111.723 633.844
      vertex -128 111.723 633.844
    endloop
  endfacet
  facet normal 0 0.791959 -0.610575
    outer loop
      vertex -150 111.723 633.844
      vertex -128 111.484 633.534
      vertex -150 111.484 633.534
    endloop
  endfacet
  facet normal 0 -0.991138 -0.132833
    outer loop
      vertex -150 114.284 632.784
      vertex -128 114.232 633.172
      vertex -150 114.232 633.172
    endloop
  endfacet
  facet normal 0 -0.991138 -0.132833
    outer loop
      vertex -128 114.232 633.172
      vertex -150 114.284 632.784
      vertex -128 114.284 632.784
    endloop
  endfacet
  facet normal 0 -0.991183 0.132498
    outer loop
      vertex -150 114.232 632.395
      vertex -128 114.284 632.784
      vertex -150 114.284 632.784
    endloop
  endfacet
  facet normal 0 -0.991183 0.132498
    outer loop
      vertex -128 114.284 632.784
      vertex -150 114.232 632.395
      vertex -128 114.232 632.395
    endloop
  endfacet
  facet normal -0 0.381522 0.92436
    outer loop
      vertex -150 112.395 631.335
      vertex -128 112.034 631.484
      vertex -128 112.395 631.335
    endloop
  endfacet
  facet normal 0 0.381522 0.92436
    outer loop
      vertex -128 112.034 631.484
      vertex -150 112.395 631.335
      vertex -150 112.034 631.484
    endloop
  endfacet
  facet normal 0 -0.380621 -0.924731
    outer loop
      vertex -150 113.172 634.232
      vertex -128 113.534 634.083
      vertex -128 113.172 634.232
    endloop
  endfacet
  facet normal -0 -0.380621 -0.924731
    outer loop
      vertex -128 113.534 634.083
      vertex -150 113.172 634.232
      vertex -150 113.534 634.083
    endloop
  endfacet
  facet normal 0 0.924731 -0.380621
    outer loop
      vertex -128 111.335 633.172
      vertex -150 111.484 633.534
      vertex -128 111.484 633.534
    endloop
  endfacet
  facet normal 0 0.924731 -0.380621
    outer loop
      vertex -150 111.484 633.534
      vertex -128 111.335 633.172
      vertex -150 111.335 633.172
    endloop
  endfacet
  facet normal -0 0.129993 0.991515
    outer loop
      vertex -150 112.784 631.284
      vertex -128 112.395 631.335
      vertex -128 112.784 631.284
    endloop
  endfacet
  facet normal 0 0.129993 0.991515
    outer loop
      vertex -128 112.395 631.335
      vertex -150 112.784 631.284
      vertex -150 112.395 631.335
    endloop
  endfacet
  facet normal 0 -0.610575 0.791959
    outer loop
      vertex -150 113.844 631.723
      vertex -128 113.534 631.484
      vertex -128 113.844 631.723
    endloop
  endfacet
  facet normal 0 -0.610575 0.791959
    outer loop
      vertex -128 113.534 631.484
      vertex -150 113.844 631.723
      vertex -150 113.534 631.484
    endloop
  endfacet
  facet normal 0 0.132498 -0.991183
    outer loop
      vertex -150 112.395 634.232
      vertex -128 112.784 634.284
      vertex -128 112.395 634.232
    endloop
  endfacet
  facet normal 0 0.132498 -0.991183
    outer loop
      vertex -128 112.784 634.284
      vertex -150 112.395 634.232
      vertex -150 112.784 634.284
    endloop
  endfacet
  facet normal -0 0.609341 0.792908
    outer loop
      vertex -150 112.034 631.484
      vertex -128 111.723 631.723
      vertex -128 112.034 631.484
    endloop
  endfacet
  facet normal 0 0.609341 0.792908
    outer loop
      vertex -128 111.723 631.723
      vertex -150 112.034 631.484
      vertex -150 111.723 631.723
    endloop
  endfacet
  facet normal 0 0.609341 -0.792908
    outer loop
      vertex -150 111.723 633.844
      vertex -128 112.034 634.083
      vertex -128 111.723 633.844
    endloop
  endfacet
  facet normal 0 0.609341 -0.792908
    outer loop
      vertex -128 112.034 634.083
      vertex -150 111.723 633.844
      vertex -150 112.034 634.083
    endloop
  endfacet
  facet normal 0 0.792908 0.609341
    outer loop
      vertex -128 111.723 631.723
      vertex -150 111.484 632.034
      vertex -128 111.484 632.034
    endloop
  endfacet
  facet normal 0 0.792908 0.609341
    outer loop
      vertex -150 111.484 632.034
      vertex -128 111.723 631.723
      vertex -150 111.723 631.723
    endloop
  endfacet
  facet normal 0 -0.792908 0.609341
    outer loop
      vertex -150 113.844 631.723
      vertex -128 114.083 632.034
      vertex -150 114.083 632.034
    endloop
  endfacet
  facet normal 0 -0.792908 0.609341
    outer loop
      vertex -128 114.083 632.034
      vertex -150 113.844 631.723
      vertex -128 113.844 631.723
    endloop
  endfacet
  facet normal 0 0.381522 -0.92436
    outer loop
      vertex -150 112.034 634.083
      vertex -128 112.395 634.232
      vertex -128 112.034 634.083
    endloop
  endfacet
  facet normal 0 0.381522 -0.92436
    outer loop
      vertex -128 112.395 634.232
      vertex -150 112.034 634.083
      vertex -150 112.395 634.232
    endloop
  endfacet
  facet normal 0 0.92436 0.381522
    outer loop
      vertex -128 111.484 632.034
      vertex -150 111.335 632.395
      vertex -128 111.335 632.395
    endloop
  endfacet
  facet normal 0 0.92436 0.381522
    outer loop
      vertex -150 111.335 632.395
      vertex -128 111.484 632.034
      vertex -150 111.484 632.034
    endloop
  endfacet
  facet normal 0 0.991515 0.129993
    outer loop
      vertex -128 111.335 632.395
      vertex -150 111.284 632.784
      vertex -128 111.284 632.784
    endloop
  endfacet
  facet normal 0 0.991515 0.129993
    outer loop
      vertex -150 111.284 632.784
      vertex -128 111.335 632.395
      vertex -150 111.335 632.395
    endloop
  endfacet
  facet normal 0 -0.608154 0.793819
    outer loop
      vertex -150 1.06066 678.439
      vertex -128 0.75 678.201
      vertex -128 1.06066 678.439
    endloop
  endfacet
  facet normal 0 -0.608154 0.793819
    outer loop
      vertex -128 0.75 678.201
      vertex -150 1.06066 678.439
      vertex -150 0.75 678.201
    endloop
  endfacet
  facet normal 0 0.923966 0.382476
    outer loop
      vertex -128 -1.29904 678.75
      vertex -150 -1.44889 679.112
      vertex -128 -1.44889 679.112
    endloop
  endfacet
  facet normal 0 0.923966 0.382476
    outer loop
      vertex -150 -1.44889 679.112
      vertex -128 -1.29904 678.75
      vertex -150 -1.29904 678.75
    endloop
  endfacet
  facet normal 0 0.923966 -0.382476
    outer loop
      vertex -128 -1.44889 679.888
      vertex -150 -1.29904 680.25
      vertex -128 -1.29904 680.25
    endloop
  endfacet
  facet normal 0 0.923966 -0.382476
    outer loop
      vertex -150 -1.29904 680.25
      vertex -128 -1.44889 679.888
      vertex -150 -1.44889 679.888
    endloop
  endfacet
  facet normal 0 -0.130247 -0.991482
    outer loop
      vertex -150 0 681
      vertex -128 0.388228 680.949
      vertex -128 0 681
    endloop
  endfacet
  facet normal -0 -0.130247 -0.991482
    outer loop
      vertex -128 0.388228 680.949
      vertex -150 0 681
      vertex -150 0.388228 680.949
    endloop
  endfacet
  facet normal 0 -0.991435 -0.130599
    outer loop
      vertex -150 1.5 679.5
      vertex -128 1.44889 679.888
      vertex -150 1.44889 679.888
    endloop
  endfacet
  facet normal 0 -0.991435 -0.130599
    outer loop
      vertex -128 1.44889 679.888
      vertex -150 1.5 679.5
      vertex -128 1.5 679.5
    endloop
  endfacet
  facet normal 0 -0.793672 -0.608346
    outer loop
      vertex -150 1.29904 680.25
      vertex -128 1.06066 680.561
      vertex -150 1.06066 680.561
    endloop
  endfacet
  facet normal 0 -0.793672 -0.608346
    outer loop
      vertex -128 1.06066 680.561
      vertex -150 1.29904 680.25
      vertex -128 1.29904 680.25
    endloop
  endfacet
  facet normal 0 0.793672 -0.608346
    outer loop
      vertex -128 -1.29904 680.25
      vertex -150 -1.06066 680.561
      vertex -128 -1.06066 680.561
    endloop
  endfacet
  facet normal 0 0.793672 -0.608346
    outer loop
      vertex -150 -1.06066 680.561
      vertex -128 -1.29904 680.25
      vertex -150 -1.29904 680.25
    endloop
  endfacet
  facet normal 0 -0.923966 0.382476
    outer loop
      vertex -150 1.29904 678.75
      vertex -128 1.44889 679.112
      vertex -150 1.44889 679.112
    endloop
  endfacet
  facet normal 0 -0.923966 0.382476
    outer loop
      vertex -128 1.44889 679.112
      vertex -150 1.29904 678.75
      vertex -128 1.29904 678.75
    endloop
  endfacet
  facet normal 0 0.991435 0.130599
    outer loop
      vertex -128 -1.44889 679.112
      vertex -150 -1.5 679.5
      vertex -128 -1.5 679.5
    endloop
  endfacet
  facet normal 0 0.991435 0.130599
    outer loop
      vertex -150 -1.5 679.5
      vertex -128 -1.44889 679.112
      vertex -150 -1.44889 679.112
    endloop
  endfacet
  facet normal 0 0.608154 -0.793819
    outer loop
      vertex -150 -1.06066 680.561
      vertex -128 -0.75 680.799
      vertex -128 -1.06066 680.561
    endloop
  endfacet
  facet normal 0 0.608154 -0.793819
    outer loop
      vertex -128 -0.75 680.799
      vertex -150 -1.06066 680.561
      vertex -150 -0.75 680.799
    endloop
  endfacet
  facet normal 0 -0.923966 -0.382476
    outer loop
      vertex -150 1.44889 679.888
      vertex -128 1.29904 680.25
      vertex -150 1.29904 680.25
    endloop
  endfacet
  facet normal 0 -0.923966 -0.382476
    outer loop
      vertex -128 1.29904 680.25
      vertex -150 1.44889 679.888
      vertex -128 1.44889 679.888
    endloop
  endfacet
  facet normal 0 -0.383008 -0.923745
    outer loop
      vertex -150 0.388228 680.949
      vertex -128 0.75 680.799
      vertex -128 0.388228 680.949
    endloop
  endfacet
  facet normal -0 -0.383008 -0.923745
    outer loop
      vertex -128 0.75 680.799
      vertex -150 0.388228 680.949
      vertex -150 0.75 680.799
    endloop
  endfacet
  facet normal -0 0.383008 0.923745
    outer loop
      vertex -150 -0.388228 678.051
      vertex -128 -0.75 678.201
      vertex -128 -0.388228 678.051
    endloop
  endfacet
  facet normal 0 0.383008 0.923745
    outer loop
      vertex -128 -0.75 678.201
      vertex -150 -0.388228 678.051
      vertex -150 -0.75 678.201
    endloop
  endfacet
  facet normal 0 -0.991435 0.130599
    outer loop
      vertex -150 1.44889 679.112
      vertex -128 1.5 679.5
      vertex -150 1.5 679.5
    endloop
  endfacet
  facet normal 0 -0.991435 0.130599
    outer loop
      vertex -128 1.5 679.5
      vertex -150 1.44889 679.112
      vertex -128 1.44889 679.112
    endloop
  endfacet
  facet normal 0 -0.793672 0.608346
    outer loop
      vertex -150 1.06066 678.439
      vertex -128 1.29904 678.75
      vertex -150 1.29904 678.75
    endloop
  endfacet
  facet normal 0 -0.793672 0.608346
    outer loop
      vertex -128 1.29904 678.75
      vertex -150 1.06066 678.439
      vertex -128 1.06066 678.439
    endloop
  endfacet
  facet normal 0 0.383008 -0.923745
    outer loop
      vertex -150 -0.75 680.799
      vertex -128 -0.388228 680.949
      vertex -128 -0.75 680.799
    endloop
  endfacet
  facet normal 0 0.383008 -0.923745
    outer loop
      vertex -128 -0.388228 680.949
      vertex -150 -0.75 680.799
      vertex -150 -0.388228 680.949
    endloop
  endfacet
  facet normal -0 0.130247 0.991482
    outer loop
      vertex -150 0 678
      vertex -128 -0.388228 678.051
      vertex -128 0 678
    endloop
  endfacet
  facet normal 0 0.130247 0.991482
    outer loop
      vertex -128 -0.388228 678.051
      vertex -150 0 678
      vertex -150 -0.388228 678.051
    endloop
  endfacet
  facet normal 0 0.991435 -0.130599
    outer loop
      vertex -128 -1.5 679.5
      vertex -150 -1.44889 679.888
      vertex -128 -1.44889 679.888
    endloop
  endfacet
  facet normal 0 0.991435 -0.130599
    outer loop
      vertex -150 -1.44889 679.888
      vertex -128 -1.5 679.5
      vertex -150 -1.5 679.5
    endloop
  endfacet
  facet normal 0 -0.383008 0.923745
    outer loop
      vertex -150 0.75 678.201
      vertex -128 0.388228 678.051
      vertex -128 0.75 678.201
    endloop
  endfacet
  facet normal 0 -0.383008 0.923745
    outer loop
      vertex -128 0.388228 678.051
      vertex -150 0.75 678.201
      vertex -150 0.388228 678.051
    endloop
  endfacet
  facet normal 0 0.130247 -0.991482
    outer loop
      vertex -150 -0.388228 680.949
      vertex -128 0 681
      vertex -128 -0.388228 680.949
    endloop
  endfacet
  facet normal 0 0.130247 -0.991482
    outer loop
      vertex -128 0 681
      vertex -150 -0.388228 680.949
      vertex -150 0 681
    endloop
  endfacet
  facet normal 0 -0.608154 -0.793819
    outer loop
      vertex -150 0.75 680.799
      vertex -128 1.06066 680.561
      vertex -128 0.75 680.799
    endloop
  endfacet
  facet normal -0 -0.608154 -0.793819
    outer loop
      vertex -128 1.06066 680.561
      vertex -150 0.75 680.799
      vertex -150 1.06066 680.561
    endloop
  endfacet
  facet normal -0 0.608154 0.793819
    outer loop
      vertex -150 -0.75 678.201
      vertex -128 -1.06066 678.439
      vertex -128 -0.75 678.201
    endloop
  endfacet
  facet normal 0 0.608154 0.793819
    outer loop
      vertex -128 -1.06066 678.439
      vertex -150 -0.75 678.201
      vertex -150 -1.06066 678.439
    endloop
  endfacet
  facet normal 0 0.793672 0.608346
    outer loop
      vertex -128 -1.06066 678.439
      vertex -150 -1.29904 678.75
      vertex -128 -1.29904 678.75
    endloop
  endfacet
  facet normal 0 0.793672 0.608346
    outer loop
      vertex -150 -1.29904 678.75
      vertex -128 -1.06066 678.439
      vertex -150 -1.06066 678.439
    endloop
  endfacet
  facet normal 0 -0.130247 0.991482
    outer loop
      vertex -150 0.388228 678.051
      vertex -128 0 678
      vertex -128 0.388228 678.051
    endloop
  endfacet
  facet normal 0 -0.130247 0.991482
    outer loop
      vertex -128 0 678
      vertex -150 0.388228 678.051
      vertex -150 0 678
    endloop
  endfacet
  facet normal 0 -0.92436 0.381522
    outer loop
      vertex -150 -111.484 632.034
      vertex -128 -111.335 632.395
      vertex -150 -111.335 632.395
    endloop
  endfacet
  facet normal 0 -0.92436 0.381522
    outer loop
      vertex -128 -111.335 632.395
      vertex -150 -111.484 632.034
      vertex -128 -111.484 632.034
    endloop
  endfacet
  facet normal 0 0.991138 -0.132833
    outer loop
      vertex -128 -114.284 632.784
      vertex -150 -114.232 633.172
      vertex -128 -114.232 633.172
    endloop
  endfacet
  facet normal 0 0.991138 -0.132833
    outer loop
      vertex -150 -114.232 633.172
      vertex -128 -114.284 632.784
      vertex -150 -114.284 632.784
    endloop
  endfacet
  facet normal 0 -0.609341 -0.792908
    outer loop
      vertex -150 -112.034 634.083
      vertex -128 -111.723 633.844
      vertex -128 -112.034 634.083
    endloop
  endfacet
  facet normal -0 -0.609341 -0.792908
    outer loop
      vertex -128 -111.723 633.844
      vertex -150 -112.034 634.083
      vertex -150 -111.723 633.844
    endloop
  endfacet
  facet normal 0 -0.381522 0.92436
    outer loop
      vertex -150 -112.034 631.484
      vertex -128 -112.395 631.335
      vertex -128 -112.034 631.484
    endloop
  endfacet
  facet normal 0 -0.381522 0.92436
    outer loop
      vertex -128 -112.395 631.335
      vertex -150 -112.034 631.484
      vertex -150 -112.395 631.335
    endloop
  endfacet
  facet normal 0 -0.791959 -0.610575
    outer loop
      vertex -150 -111.484 633.534
      vertex -128 -111.723 633.844
      vertex -150 -111.723 633.844
    endloop
  endfacet
  facet normal 0 -0.791959 -0.610575
    outer loop
      vertex -128 -111.723 633.844
      vertex -150 -111.484 633.534
      vertex -128 -111.484 633.534
    endloop
  endfacet
  facet normal 0 -0.924731 -0.380621
    outer loop
      vertex -150 -111.335 633.172
      vertex -128 -111.484 633.534
      vertex -150 -111.484 633.534
    endloop
  endfacet
  facet normal 0 -0.924731 -0.380621
    outer loop
      vertex -128 -111.484 633.534
      vertex -150 -111.335 633.172
      vertex -128 -111.335 633.172
    endloop
  endfacet
  facet normal 0 -0.132498 -0.991183
    outer loop
      vertex -150 -112.784 634.284
      vertex -128 -112.395 634.232
      vertex -128 -112.784 634.284
    endloop
  endfacet
  facet normal -0 -0.132498 -0.991183
    outer loop
      vertex -128 -112.395 634.232
      vertex -150 -112.784 634.284
      vertex -150 -112.395 634.232
    endloop
  endfacet
  facet normal 0 -0.129993 0.991515
    outer loop
      vertex -150 -112.395 631.335
      vertex -128 -112.784 631.284
      vertex -128 -112.395 631.335
    endloop
  endfacet
  facet normal 0 -0.129993 0.991515
    outer loop
      vertex -128 -112.784 631.284
      vertex -150 -112.395 631.335
      vertex -150 -112.784 631.284
    endloop
  endfacet
  facet normal 0 0.791959 -0.610575
    outer loop
      vertex -128 -114.083 633.534
      vertex -150 -113.844 633.844
      vertex -128 -113.844 633.844
    endloop
  endfacet
  facet normal 0 0.791959 -0.610575
    outer loop
      vertex -150 -113.844 633.844
      vertex -128 -114.083 633.534
      vertex -150 -114.083 633.534
    endloop
  endfacet
  facet normal 0 -0.991472 -0.130322
    outer loop
      vertex -150 -111.284 632.784
      vertex -128 -111.335 633.172
      vertex -150 -111.335 633.172
    endloop
  endfacet
  facet normal 0 -0.991472 -0.130322
    outer loop
      vertex -128 -111.335 633.172
      vertex -150 -111.284 632.784
      vertex -128 -111.284 632.784
    endloop
  endfacet
  facet normal 0 -0.991515 0.129993
    outer loop
      vertex -150 -111.335 632.395
      vertex -128 -111.284 632.784
      vertex -150 -111.284 632.784
    endloop
  endfacet
  facet normal 0 -0.991515 0.129993
    outer loop
      vertex -128 -111.284 632.784
      vertex -150 -111.335 632.395
      vertex -128 -111.335 632.395
    endloop
  endfacet
  facet normal -0 0.380621 0.924731
    outer loop
      vertex -150 -113.172 631.335
      vertex -128 -113.534 631.484
      vertex -128 -113.172 631.335
    endloop
  endfacet
  facet normal 0 0.380621 0.924731
    outer loop
      vertex -128 -113.534 631.484
      vertex -150 -113.172 631.335
      vertex -150 -113.534 631.484
    endloop
  endfacet
  facet normal 0 -0.381522 -0.92436
    outer loop
      vertex -150 -112.395 634.232
      vertex -128 -112.034 634.083
      vertex -128 -112.395 634.232
    endloop
  endfacet
  facet normal -0 -0.381522 -0.92436
    outer loop
      vertex -128 -112.034 634.083
      vertex -150 -112.395 634.232
      vertex -150 -112.034 634.083
    endloop
  endfacet
  facet normal 0 0.924731 -0.380621
    outer loop
      vertex -128 -114.232 633.172
      vertex -150 -114.083 633.534
      vertex -128 -114.083 633.534
    endloop
  endfacet
  facet normal 0 0.924731 -0.380621
    outer loop
      vertex -150 -114.083 633.534
      vertex -128 -114.232 633.172
      vertex -150 -114.232 633.172
    endloop
  endfacet
  facet normal -0 0.130322 0.991472
    outer loop
      vertex -150 -112.784 631.284
      vertex -128 -113.172 631.335
      vertex -128 -112.784 631.284
    endloop
  endfacet
  facet normal 0 0.130322 0.991472
    outer loop
      vertex -128 -113.172 631.335
      vertex -150 -112.784 631.284
      vertex -150 -113.172 631.335
    endloop
  endfacet
  facet normal 0 -0.609341 0.792908
    outer loop
      vertex -150 -111.723 631.723
      vertex -128 -112.034 631.484
      vertex -128 -111.723 631.723
    endloop
  endfacet
  facet normal 0 -0.609341 0.792908
    outer loop
      vertex -128 -112.034 631.484
      vertex -150 -111.723 631.723
      vertex -150 -112.034 631.484
    endloop
  endfacet
  facet normal 0 0.132833 -0.991138
    outer loop
      vertex -150 -113.172 634.232
      vertex -128 -112.784 634.284
      vertex -128 -113.172 634.232
    endloop
  endfacet
  facet normal 0 0.132833 -0.991138
    outer loop
      vertex -128 -112.784 634.284
      vertex -150 -113.172 634.232
      vertex -150 -112.784 634.284
    endloop
  endfacet
  facet normal -0 0.610575 0.791959
    outer loop
      vertex -150 -113.534 631.484
      vertex -128 -113.844 631.723
      vertex -128 -113.534 631.484
    endloop
  endfacet
  facet normal 0 0.610575 0.791959
    outer loop
      vertex -128 -113.844 631.723
      vertex -150 -113.534 631.484
      vertex -150 -113.844 631.723
    endloop
  endfacet
  facet normal 0 0.610575 -0.791959
    outer loop
      vertex -150 -113.844 633.844
      vertex -128 -113.534 634.083
      vertex -128 -113.844 633.844
    endloop
  endfacet
  facet normal 0 0.610575 -0.791959
    outer loop
      vertex -128 -113.534 634.083
      vertex -150 -113.844 633.844
      vertex -150 -113.534 634.083
    endloop
  endfacet
  facet normal 0 0.792908 0.609341
    outer loop
      vertex -128 -113.844 631.723
      vertex -150 -114.083 632.034
      vertex -128 -114.083 632.034
    endloop
  endfacet
  facet normal 0 0.792908 0.609341
    outer loop
      vertex -150 -114.083 632.034
      vertex -128 -113.844 631.723
      vertex -150 -113.844 631.723
    endloop
  endfacet
  facet normal 0 -0.792908 0.609341
    outer loop
      vertex -150 -111.723 631.723
      vertex -128 -111.484 632.034
      vertex -150 -111.484 632.034
    endloop
  endfacet
  facet normal 0 -0.792908 0.609341
    outer loop
      vertex -128 -111.484 632.034
      vertex -150 -111.723 631.723
      vertex -128 -111.723 631.723
    endloop
  endfacet
  facet normal 0 0.380621 -0.924731
    outer loop
      vertex -150 -113.534 634.083
      vertex -128 -113.172 634.232
      vertex -128 -113.534 634.083
    endloop
  endfacet
  facet normal 0 0.380621 -0.924731
    outer loop
      vertex -128 -113.172 634.232
      vertex -150 -113.534 634.083
      vertex -150 -113.172 634.232
    endloop
  endfacet
  facet normal 0 0.92436 0.381522
    outer loop
      vertex -128 -114.083 632.034
      vertex -150 -114.232 632.395
      vertex -128 -114.232 632.395
    endloop
  endfacet
  facet normal 0 0.92436 0.381522
    outer loop
      vertex -150 -114.232 632.395
      vertex -128 -114.083 632.034
      vertex -150 -114.083 632.034
    endloop
  endfacet
  facet normal 0 0.991183 0.132498
    outer loop
      vertex -128 -114.232 632.395
      vertex -150 -114.284 632.784
      vertex -128 -114.284 632.784
    endloop
  endfacet
  facet normal 0 0.991183 0.132498
    outer loop
      vertex -150 -114.284 632.784
      vertex -128 -114.232 632.395
      vertex -150 -114.232 632.395
    endloop
  endfacet
  facet normal 0 -0.607734 0.79414
    outer loop
      vertex -150 -158.439 518.939
      vertex -128 -158.75 518.701
      vertex -128 -158.439 518.939
    endloop
  endfacet
  facet normal 0 -0.607734 0.79414
    outer loop
      vertex -128 -158.75 518.701
      vertex -150 -158.439 518.939
      vertex -150 -158.75 518.701
    endloop
  endfacet
  facet normal 0 0.92383 0.382803
    outer loop
      vertex -128 -160.799 519.25
      vertex -150 -160.949 519.612
      vertex -128 -160.949 519.612
    endloop
  endfacet
  facet normal 0 0.92383 0.382803
    outer loop
      vertex -150 -160.949 519.612
      vertex -128 -160.799 519.25
      vertex -150 -160.799 519.25
    endloop
  endfacet
  facet normal 0 0.92383 -0.382803
    outer loop
      vertex -128 -160.949 520.388
      vertex -150 -160.799 520.75
      vertex -128 -160.799 520.75
    endloop
  endfacet
  facet normal 0 0.92383 -0.382803
    outer loop
      vertex -150 -160.799 520.75
      vertex -128 -160.949 520.388
      vertex -150 -160.949 520.388
    endloop
  endfacet
  facet normal 0 -0.130322 -0.991472
    outer loop
      vertex -150 -159.5 521.5
      vertex -128 -159.112 521.449
      vertex -128 -159.5 521.5
    endloop
  endfacet
  facet normal -0 -0.130322 -0.991472
    outer loop
      vertex -128 -159.112 521.449
      vertex -150 -159.5 521.5
      vertex -150 -159.112 521.449
    endloop
  endfacet
  facet normal 0 -0.991472 -0.130322
    outer loop
      vertex -150 -158 520
      vertex -128 -158.051 520.388
      vertex -150 -158.051 520.388
    endloop
  endfacet
  facet normal 0 -0.991472 -0.130322
    outer loop
      vertex -128 -158.051 520.388
      vertex -150 -158 520
      vertex -128 -158 520
    endloop
  endfacet
  facet normal 0 -0.79414 -0.607734
    outer loop
      vertex -150 -158.201 520.75
      vertex -128 -158.439 521.061
      vertex -150 -158.439 521.061
    endloop
  endfacet
  facet normal 0 -0.79414 -0.607734
    outer loop
      vertex -128 -158.439 521.061
      vertex -150 -158.201 520.75
      vertex -128 -158.201 520.75
    endloop
  endfacet
  facet normal 0 0.79414 -0.607734
    outer loop
      vertex -128 -160.799 520.75
      vertex -150 -160.561 521.061
      vertex -128 -160.561 521.061
    endloop
  endfacet
  facet normal 0 0.79414 -0.607734
    outer loop
      vertex -150 -160.561 521.061
      vertex -128 -160.799 520.75
      vertex -150 -160.799 520.75
    endloop
  endfacet
  facet normal 0 -0.92383 0.382803
    outer loop
      vertex -150 -158.201 519.25
      vertex -128 -158.051 519.612
      vertex -150 -158.051 519.612
    endloop
  endfacet
  facet normal 0 -0.92383 0.382803
    outer loop
      vertex -128 -158.051 519.612
      vertex -150 -158.201 519.25
      vertex -128 -158.201 519.25
    endloop
  endfacet
  facet normal 0 0.991472 0.130322
    outer loop
      vertex -128 -160.949 519.612
      vertex -150 -161 520
      vertex -128 -161 520
    endloop
  endfacet
  facet normal 0 0.991472 0.130322
    outer loop
      vertex -150 -161 520
      vertex -128 -160.949 519.612
      vertex -150 -160.949 519.612
    endloop
  endfacet
  facet normal 0 0.607734 -0.79414
    outer loop
      vertex -150 -160.561 521.061
      vertex -128 -160.25 521.299
      vertex -128 -160.561 521.061
    endloop
  endfacet
  facet normal 0 0.607734 -0.79414
    outer loop
      vertex -128 -160.25 521.299
      vertex -150 -160.561 521.061
      vertex -150 -160.25 521.299
    endloop
  endfacet
  facet normal 0 -0.92383 -0.382803
    outer loop
      vertex -150 -158.051 520.388
      vertex -128 -158.201 520.75
      vertex -150 -158.201 520.75
    endloop
  endfacet
  facet normal 0 -0.92383 -0.382803
    outer loop
      vertex -128 -158.201 520.75
      vertex -150 -158.051 520.388
      vertex -128 -158.051 520.388
    endloop
  endfacet
  facet normal 0 -0.382803 -0.92383
    outer loop
      vertex -150 -159.112 521.449
      vertex -128 -158.75 521.299
      vertex -128 -159.112 521.449
    endloop
  endfacet
  facet normal -0 -0.382803 -0.92383
    outer loop
      vertex -128 -158.75 521.299
      vertex -150 -159.112 521.449
      vertex -150 -158.75 521.299
    endloop
  endfacet
  facet normal -0 0.382803 0.92383
    outer loop
      vertex -150 -159.888 518.551
      vertex -128 -160.25 518.701
      vertex -128 -159.888 518.551
    endloop
  endfacet
  facet normal 0 0.382803 0.92383
    outer loop
      vertex -128 -160.25 518.701
      vertex -150 -159.888 518.551
      vertex -150 -160.25 518.701
    endloop
  endfacet
  facet normal 0 -0.991472 0.130322
    outer loop
      vertex -150 -158.051 519.612
      vertex -128 -158 520
      vertex -150 -158 520
    endloop
  endfacet
  facet normal 0 -0.991472 0.130322
    outer loop
      vertex -128 -158 520
      vertex -150 -158.051 519.612
      vertex -128 -158.051 519.612
    endloop
  endfacet
  facet normal 0 -0.79414 0.607734
    outer loop
      vertex -150 -158.439 518.939
      vertex -128 -158.201 519.25
      vertex -150 -158.201 519.25
    endloop
  endfacet
  facet normal 0 -0.79414 0.607734
    outer loop
      vertex -128 -158.201 519.25
      vertex -150 -158.439 518.939
      vertex -128 -158.439 518.939
    endloop
  endfacet
  facet normal 0 0.382803 -0.92383
    outer loop
      vertex -150 -160.25 521.299
      vertex -128 -159.888 521.449
      vertex -128 -160.25 521.299
    endloop
  endfacet
  facet normal 0 0.382803 -0.92383
    outer loop
      vertex -128 -159.888 521.449
      vertex -150 -160.25 521.299
      vertex -150 -159.888 521.449
    endloop
  endfacet
  facet normal -0 0.130322 0.991472
    outer loop
      vertex -150 -159.5 518.5
      vertex -128 -159.888 518.551
      vertex -128 -159.5 518.5
    endloop
  endfacet
  facet normal 0 0.130322 0.991472
    outer loop
      vertex -128 -159.888 518.551
      vertex -150 -159.5 518.5
      vertex -150 -159.888 518.551
    endloop
  endfacet
  facet normal 0 0.991472 -0.130322
    outer loop
      vertex -128 -161 520
      vertex -150 -160.949 520.388
      vertex -128 -160.949 520.388
    endloop
  endfacet
  facet normal 0 0.991472 -0.130322
    outer loop
      vertex -150 -160.949 520.388
      vertex -128 -161 520
      vertex -150 -161 520
    endloop
  endfacet
  facet normal 0 -0.382803 0.92383
    outer loop
      vertex -150 -158.75 518.701
      vertex -128 -159.112 518.551
      vertex -128 -158.75 518.701
    endloop
  endfacet
  facet normal 0 -0.382803 0.92383
    outer loop
      vertex -128 -159.112 518.551
      vertex -150 -158.75 518.701
      vertex -150 -159.112 518.551
    endloop
  endfacet
  facet normal 0 0.130322 -0.991472
    outer loop
      vertex -150 -159.888 521.449
      vertex -128 -159.5 521.5
      vertex -128 -159.888 521.449
    endloop
  endfacet
  facet normal 0 0.130322 -0.991472
    outer loop
      vertex -128 -159.5 521.5
      vertex -150 -159.888 521.449
      vertex -150 -159.5 521.5
    endloop
  endfacet
  facet normal 0 -0.607734 -0.79414
    outer loop
      vertex -150 -158.75 521.299
      vertex -128 -158.439 521.061
      vertex -128 -158.75 521.299
    endloop
  endfacet
  facet normal -0 -0.607734 -0.79414
    outer loop
      vertex -128 -158.439 521.061
      vertex -150 -158.75 521.299
      vertex -150 -158.439 521.061
    endloop
  endfacet
  facet normal -0 0.607734 0.79414
    outer loop
      vertex -150 -160.25 518.701
      vertex -128 -160.561 518.939
      vertex -128 -160.25 518.701
    endloop
  endfacet
  facet normal 0 0.607734 0.79414
    outer loop
      vertex -128 -160.561 518.939
      vertex -150 -160.25 518.701
      vertex -150 -160.561 518.939
    endloop
  endfacet
  facet normal 0 0.79414 0.607734
    outer loop
      vertex -128 -160.561 518.939
      vertex -150 -160.799 519.25
      vertex -128 -160.799 519.25
    endloop
  endfacet
  facet normal 0 0.79414 0.607734
    outer loop
      vertex -150 -160.799 519.25
      vertex -128 -160.561 518.939
      vertex -150 -160.561 518.939
    endloop
  endfacet
  facet normal 0 -0.130322 0.991472
    outer loop
      vertex -150 -159.112 518.551
      vertex -128 -159.5 518.5
      vertex -128 -159.112 518.551
    endloop
  endfacet
  facet normal 0 -0.130322 0.991472
    outer loop
      vertex -128 -159.5 518.5
      vertex -150 -159.112 518.551
      vertex -150 -159.5 518.5
    endloop
  endfacet
  facet normal 0 -0.924731 0.380621
    outer loop
      vertex -150 -111.484 406.466
      vertex -128 -111.335 406.828
      vertex -150 -111.335 406.828
    endloop
  endfacet
  facet normal 0 -0.924731 0.380621
    outer loop
      vertex -128 -111.335 406.828
      vertex -150 -111.484 406.466
      vertex -128 -111.484 406.466
    endloop
  endfacet
  facet normal 0 0.991183 -0.132498
    outer loop
      vertex -128 -114.284 407.216
      vertex -150 -114.232 407.605
      vertex -128 -114.232 407.605
    endloop
  endfacet
  facet normal 0 0.991183 -0.132498
    outer loop
      vertex -150 -114.232 407.605
      vertex -128 -114.284 407.216
      vertex -150 -114.284 407.216
    endloop
  endfacet
  facet normal 0 -0.609341 -0.792908
    outer loop
      vertex -150 -112.034 408.516
      vertex -128 -111.723 408.277
      vertex -128 -112.034 408.516
    endloop
  endfacet
  facet normal -0 -0.609341 -0.792908
    outer loop
      vertex -128 -111.723 408.277
      vertex -150 -112.034 408.516
      vertex -150 -111.723 408.277
    endloop
  endfacet
  facet normal 0 -0.381522 0.92436
    outer loop
      vertex -150 -112.034 405.917
      vertex -128 -112.395 405.768
      vertex -128 -112.034 405.917
    endloop
  endfacet
  facet normal 0 -0.381522 0.92436
    outer loop
      vertex -128 -112.395 405.768
      vertex -150 -112.034 405.917
      vertex -150 -112.395 405.768
    endloop
  endfacet
  facet normal 0 -0.792908 -0.609341
    outer loop
      vertex -150 -111.484 407.966
      vertex -128 -111.723 408.277
      vertex -150 -111.723 408.277
    endloop
  endfacet
  facet normal 0 -0.792908 -0.609341
    outer loop
      vertex -128 -111.723 408.277
      vertex -150 -111.484 407.966
      vertex -128 -111.484 407.966
    endloop
  endfacet
  facet normal 0 -0.92436 -0.381522
    outer loop
      vertex -150 -111.335 407.605
      vertex -128 -111.484 407.966
      vertex -150 -111.484 407.966
    endloop
  endfacet
  facet normal 0 -0.92436 -0.381522
    outer loop
      vertex -128 -111.484 407.966
      vertex -150 -111.335 407.605
      vertex -128 -111.335 407.605
    endloop
  endfacet
  facet normal 0 -0.129993 -0.991515
    outer loop
      vertex -150 -112.784 408.716
      vertex -128 -112.395 408.665
      vertex -128 -112.784 408.716
    endloop
  endfacet
  facet normal -0 -0.129993 -0.991515
    outer loop
      vertex -128 -112.395 408.665
      vertex -150 -112.784 408.716
      vertex -150 -112.395 408.665
    endloop
  endfacet
  facet normal 0 -0.132498 0.991183
    outer loop
      vertex -150 -112.395 405.768
      vertex -128 -112.784 405.716
      vertex -128 -112.395 405.768
    endloop
  endfacet
  facet normal 0 -0.132498 0.991183
    outer loop
      vertex -128 -112.784 405.716
      vertex -150 -112.395 405.768
      vertex -150 -112.784 405.716
    endloop
  endfacet
  facet normal 0 0.792908 -0.609341
    outer loop
      vertex -128 -114.083 407.966
      vertex -150 -113.844 408.277
      vertex -128 -113.844 408.277
    endloop
  endfacet
  facet normal 0 0.792908 -0.609341
    outer loop
      vertex -150 -113.844 408.277
      vertex -128 -114.083 407.966
      vertex -150 -114.083 407.966
    endloop
  endfacet
  facet normal 0 -0.991515 -0.129993
    outer loop
      vertex -150 -111.284 407.216
      vertex -128 -111.335 407.605
      vertex -150 -111.335 407.605
    endloop
  endfacet
  facet normal 0 -0.991515 -0.129993
    outer loop
      vertex -128 -111.335 407.605
      vertex -150 -111.284 407.216
      vertex -128 -111.284 407.216
    endloop
  endfacet
  facet normal 0 -0.991472 0.130322
    outer loop
      vertex -150 -111.335 406.828
      vertex -128 -111.284 407.216
      vertex -150 -111.284 407.216
    endloop
  endfacet
  facet normal 0 -0.991472 0.130322
    outer loop
      vertex -128 -111.284 407.216
      vertex -150 -111.335 406.828
      vertex -128 -111.335 406.828
    endloop
  endfacet
  facet normal -0 0.380621 0.924731
    outer loop
      vertex -150 -113.172 405.768
      vertex -128 -113.534 405.917
      vertex -128 -113.172 405.768
    endloop
  endfacet
  facet normal 0 0.380621 0.924731
    outer loop
      vertex -128 -113.534 405.917
      vertex -150 -113.172 405.768
      vertex -150 -113.534 405.917
    endloop
  endfacet
  facet normal 0 -0.381522 -0.92436
    outer loop
      vertex -150 -112.395 408.665
      vertex -128 -112.034 408.516
      vertex -128 -112.395 408.665
    endloop
  endfacet
  facet normal -0 -0.381522 -0.92436
    outer loop
      vertex -128 -112.034 408.516
      vertex -150 -112.395 408.665
      vertex -150 -112.034 408.516
    endloop
  endfacet
  facet normal 0 0.92436 -0.381522
    outer loop
      vertex -128 -114.232 407.605
      vertex -150 -114.083 407.966
      vertex -128 -114.083 407.966
    endloop
  endfacet
  facet normal 0 0.92436 -0.381522
    outer loop
      vertex -150 -114.083 407.966
      vertex -128 -114.232 407.605
      vertex -150 -114.232 407.605
    endloop
  endfacet
  facet normal -0 0.132833 0.991138
    outer loop
      vertex -150 -112.784 405.716
      vertex -128 -113.172 405.768
      vertex -128 -112.784 405.716
    endloop
  endfacet
  facet normal 0 0.132833 0.991138
    outer loop
      vertex -128 -113.172 405.768
      vertex -150 -112.784 405.716
      vertex -150 -113.172 405.768
    endloop
  endfacet
  facet normal 0 -0.609341 0.792908
    outer loop
      vertex -150 -111.723 406.156
      vertex -128 -112.034 405.917
      vertex -128 -111.723 406.156
    endloop
  endfacet
  facet normal 0 -0.609341 0.792908
    outer loop
      vertex -128 -112.034 405.917
      vertex -150 -111.723 406.156
      vertex -150 -112.034 405.917
    endloop
  endfacet
  facet normal 0 0.130322 -0.991472
    outer loop
      vertex -150 -113.172 408.665
      vertex -128 -112.784 408.716
      vertex -128 -113.172 408.665
    endloop
  endfacet
  facet normal 0 0.130322 -0.991472
    outer loop
      vertex -128 -112.784 408.716
      vertex -150 -113.172 408.665
      vertex -150 -112.784 408.716
    endloop
  endfacet
  facet normal -0 0.610575 0.791959
    outer loop
      vertex -150 -113.534 405.917
      vertex -128 -113.844 406.156
      vertex -128 -113.534 405.917
    endloop
  endfacet
  facet normal 0 0.610575 0.791959
    outer loop
      vertex -128 -113.844 406.156
      vertex -150 -113.534 405.917
      vertex -150 -113.844 406.156
    endloop
  endfacet
  facet normal 0 0.610575 -0.791959
    outer loop
      vertex -150 -113.844 408.277
      vertex -128 -113.534 408.516
      vertex -128 -113.844 408.277
    endloop
  endfacet
  facet normal 0 0.610575 -0.791959
    outer loop
      vertex -128 -113.534 408.516
      vertex -150 -113.844 408.277
      vertex -150 -113.534 408.516
    endloop
  endfacet
  facet normal 0 0.791959 0.610575
    outer loop
      vertex -128 -113.844 406.156
      vertex -150 -114.083 406.466
      vertex -128 -114.083 406.466
    endloop
  endfacet
  facet normal 0 0.791959 0.610575
    outer loop
      vertex -150 -114.083 406.466
      vertex -128 -113.844 406.156
      vertex -150 -113.844 406.156
    endloop
  endfacet
  facet normal 0 -0.791959 0.610575
    outer loop
      vertex -150 -111.723 406.156
      vertex -128 -111.484 406.466
      vertex -150 -111.484 406.466
    endloop
  endfacet
  facet normal 0 -0.791959 0.610575
    outer loop
      vertex -128 -111.484 406.466
      vertex -150 -111.723 406.156
      vertex -128 -111.723 406.156
    endloop
  endfacet
  facet normal 0 0.380621 -0.924731
    outer loop
      vertex -150 -113.534 408.516
      vertex -128 -113.172 408.665
      vertex -128 -113.534 408.516
    endloop
  endfacet
  facet normal 0 0.380621 -0.924731
    outer loop
      vertex -128 -113.172 408.665
      vertex -150 -113.534 408.516
      vertex -150 -113.172 408.665
    endloop
  endfacet
  facet normal 0 0.924731 0.380621
    outer loop
      vertex -128 -114.083 406.466
      vertex -150 -114.232 406.828
      vertex -128 -114.232 406.828
    endloop
  endfacet
  facet normal 0 0.924731 0.380621
    outer loop
      vertex -150 -114.232 406.828
      vertex -128 -114.083 406.466
      vertex -150 -114.083 406.466
    endloop
  endfacet
  facet normal 0 0.991138 0.132833
    outer loop
      vertex -128 -114.232 406.828
      vertex -150 -114.284 407.216
      vertex -128 -114.284 407.216
    endloop
  endfacet
  facet normal 0 0.991138 0.132833
    outer loop
      vertex -150 -114.284 407.216
      vertex -128 -114.232 406.828
      vertex -150 -114.232 406.828
    endloop
  endfacet
  facet normal 0 -0.608154 0.793819
    outer loop
      vertex -150 1.06066 359.439
      vertex -128 0.75 359.201
      vertex -128 1.06066 359.439
    endloop
  endfacet
  facet normal 0 -0.608154 0.793819
    outer loop
      vertex -128 0.75 359.201
      vertex -150 1.06066 359.439
      vertex -150 0.75 359.201
    endloop
  endfacet
  facet normal 0 0.923966 0.382476
    outer loop
      vertex -128 -1.29904 359.75
      vertex -150 -1.44889 360.112
      vertex -128 -1.44889 360.112
    endloop
  endfacet
  facet normal 0 0.923966 0.382476
    outer loop
      vertex -150 -1.44889 360.112
      vertex -128 -1.29904 359.75
      vertex -150 -1.29904 359.75
    endloop
  endfacet
  facet normal 0 0.923966 -0.382476
    outer loop
      vertex -128 -1.44889 360.888
      vertex -150 -1.29904 361.25
      vertex -128 -1.29904 361.25
    endloop
  endfacet
  facet normal 0 0.923966 -0.382476
    outer loop
      vertex -150 -1.29904 361.25
      vertex -128 -1.44889 360.888
      vertex -150 -1.44889 360.888
    endloop
  endfacet
  facet normal 0 -0.130247 -0.991482
    outer loop
      vertex -150 0 362
      vertex -128 0.388228 361.949
      vertex -128 0 362
    endloop
  endfacet
  facet normal -0 -0.130247 -0.991482
    outer loop
      vertex -128 0.388228 361.949
      vertex -150 0 362
      vertex -150 0.388228 361.949
    endloop
  endfacet
  facet normal 0 -0.991435 -0.130599
    outer loop
      vertex -150 1.5 360.5
      vertex -128 1.44889 360.888
      vertex -150 1.44889 360.888
    endloop
  endfacet
  facet normal 0 -0.991435 -0.130599
    outer loop
      vertex -128 1.44889 360.888
      vertex -150 1.5 360.5
      vertex -128 1.5 360.5
    endloop
  endfacet
  facet normal 0 -0.793672 -0.608346
    outer loop
      vertex -150 1.29904 361.25
      vertex -128 1.06066 361.561
      vertex -150 1.06066 361.561
    endloop
  endfacet
  facet normal 0 -0.793672 -0.608346
    outer loop
      vertex -128 1.06066 361.561
      vertex -150 1.29904 361.25
      vertex -128 1.29904 361.25
    endloop
  endfacet
  facet normal 0 0.793672 -0.608346
    outer loop
      vertex -128 -1.29904 361.25
      vertex -150 -1.06066 361.561
      vertex -128 -1.06066 361.561
    endloop
  endfacet
  facet normal 0 0.793672 -0.608346
    outer loop
      vertex -150 -1.06066 361.561
      vertex -128 -1.29904 361.25
      vertex -150 -1.29904 361.25
    endloop
  endfacet
  facet normal 0 -0.923966 0.382476
    outer loop
      vertex -150 1.29904 359.75
      vertex -128 1.44889 360.112
      vertex -150 1.44889 360.112
    endloop
  endfacet
  facet normal 0 -0.923966 0.382476
    outer loop
      vertex -128 1.44889 360.112
      vertex -150 1.29904 359.75
      vertex -128 1.29904 359.75
    endloop
  endfacet
  facet normal 0 0.991435 0.130599
    outer loop
      vertex -128 -1.44889 360.112
      vertex -150 -1.5 360.5
      vertex -128 -1.5 360.5
    endloop
  endfacet
  facet normal 0 0.991435 0.130599
    outer loop
      vertex -150 -1.5 360.5
      vertex -128 -1.44889 360.112
      vertex -150 -1.44889 360.112
    endloop
  endfacet
  facet normal 0 0.608154 -0.793819
    outer loop
      vertex -150 -1.06066 361.561
      vertex -128 -0.75 361.799
      vertex -128 -1.06066 361.561
    endloop
  endfacet
  facet normal 0 0.608154 -0.793819
    outer loop
      vertex -128 -0.75 361.799
      vertex -150 -1.06066 361.561
      vertex -150 -0.75 361.799
    endloop
  endfacet
  facet normal 0 -0.923966 -0.382476
    outer loop
      vertex -150 1.44889 360.888
      vertex -128 1.29904 361.25
      vertex -150 1.29904 361.25
    endloop
  endfacet
  facet normal 0 -0.923966 -0.382476
    outer loop
      vertex -128 1.29904 361.25
      vertex -150 1.44889 360.888
      vertex -128 1.44889 360.888
    endloop
  endfacet
  facet normal 0 -0.383008 -0.923745
    outer loop
      vertex -150 0.388228 361.949
      vertex -128 0.75 361.799
      vertex -128 0.388228 361.949
    endloop
  endfacet
  facet normal -0 -0.383008 -0.923745
    outer loop
      vertex -128 0.75 361.799
      vertex -150 0.388228 361.949
      vertex -150 0.75 361.799
    endloop
  endfacet
  facet normal -0 0.383008 0.923745
    outer loop
      vertex -150 -0.388228 359.051
      vertex -128 -0.75 359.201
      vertex -128 -0.388228 359.051
    endloop
  endfacet
  facet normal 0 0.383008 0.923745
    outer loop
      vertex -128 -0.75 359.201
      vertex -150 -0.388228 359.051
      vertex -150 -0.75 359.201
    endloop
  endfacet
  facet normal 0 -0.991435 0.130599
    outer loop
      vertex -150 1.44889 360.112
      vertex -128 1.5 360.5
      vertex -150 1.5 360.5
    endloop
  endfacet
  facet normal 0 -0.991435 0.130599
    outer loop
      vertex -128 1.5 360.5
      vertex -150 1.44889 360.112
      vertex -128 1.44889 360.112
    endloop
  endfacet
  facet normal 0 -0.793672 0.608346
    outer loop
      vertex -150 1.06066 359.439
      vertex -128 1.29904 359.75
      vertex -150 1.29904 359.75
    endloop
  endfacet
  facet normal 0 -0.793672 0.608346
    outer loop
      vertex -128 1.29904 359.75
      vertex -150 1.06066 359.439
      vertex -128 1.06066 359.439
    endloop
  endfacet
  facet normal 0 0.383008 -0.923745
    outer loop
      vertex -150 -0.75 361.799
      vertex -128 -0.388228 361.949
      vertex -128 -0.75 361.799
    endloop
  endfacet
  facet normal 0 0.383008 -0.923745
    outer loop
      vertex -128 -0.388228 361.949
      vertex -150 -0.75 361.799
      vertex -150 -0.388228 361.949
    endloop
  endfacet
  facet normal -0 0.130247 0.991482
    outer loop
      vertex -150 0 359
      vertex -128 -0.388228 359.051
      vertex -128 0 359
    endloop
  endfacet
  facet normal 0 0.130247 0.991482
    outer loop
      vertex -128 -0.388228 359.051
      vertex -150 0 359
      vertex -150 -0.388228 359.051
    endloop
  endfacet
  facet normal 0 0.991435 -0.130599
    outer loop
      vertex -128 -1.5 360.5
      vertex -150 -1.44889 360.888
      vertex -128 -1.44889 360.888
    endloop
  endfacet
  facet normal 0 0.991435 -0.130599
    outer loop
      vertex -150 -1.44889 360.888
      vertex -128 -1.5 360.5
      vertex -150 -1.5 360.5
    endloop
  endfacet
  facet normal 0 -0.383008 0.923745
    outer loop
      vertex -150 0.75 359.201
      vertex -128 0.388228 359.051
      vertex -128 0.75 359.201
    endloop
  endfacet
  facet normal 0 -0.383008 0.923745
    outer loop
      vertex -128 0.388228 359.051
      vertex -150 0.75 359.201
      vertex -150 0.388228 359.051
    endloop
  endfacet
  facet normal 0 0.130247 -0.991482
    outer loop
      vertex -150 -0.388228 361.949
      vertex -128 0 362
      vertex -128 -0.388228 361.949
    endloop
  endfacet
  facet normal 0 0.130247 -0.991482
    outer loop
      vertex -128 0 362
      vertex -150 -0.388228 361.949
      vertex -150 0 362
    endloop
  endfacet
  facet normal 0 -0.608154 -0.793819
    outer loop
      vertex -150 0.75 361.799
      vertex -128 1.06066 361.561
      vertex -128 0.75 361.799
    endloop
  endfacet
  facet normal -0 -0.608154 -0.793819
    outer loop
      vertex -128 1.06066 361.561
      vertex -150 0.75 361.799
      vertex -150 1.06066 361.561
    endloop
  endfacet
  facet normal -0 0.608154 0.793819
    outer loop
      vertex -150 -0.75 359.201
      vertex -128 -1.06066 359.439
      vertex -128 -0.75 359.201
    endloop
  endfacet
  facet normal 0 0.608154 0.793819
    outer loop
      vertex -128 -1.06066 359.439
      vertex -150 -0.75 359.201
      vertex -150 -1.06066 359.439
    endloop
  endfacet
  facet normal 0 0.793672 0.608346
    outer loop
      vertex -128 -1.06066 359.439
      vertex -150 -1.29904 359.75
      vertex -128 -1.29904 359.75
    endloop
  endfacet
  facet normal 0 0.793672 0.608346
    outer loop
      vertex -150 -1.29904 359.75
      vertex -128 -1.06066 359.439
      vertex -150 -1.06066 359.439
    endloop
  endfacet
  facet normal 0 -0.130247 0.991482
    outer loop
      vertex -150 0.388228 359.051
      vertex -128 0 359
      vertex -128 0.388228 359.051
    endloop
  endfacet
  facet normal 0 -0.130247 0.991482
    outer loop
      vertex -128 0 359
      vertex -150 0.388228 359.051
      vertex -150 0 359
    endloop
  endfacet
  facet normal 0 -0.924731 0.380621
    outer loop
      vertex -150 114.083 406.466
      vertex -128 114.232 406.828
      vertex -150 114.232 406.828
    endloop
  endfacet
  facet normal 0 -0.924731 0.380621
    outer loop
      vertex -128 114.232 406.828
      vertex -150 114.083 406.466
      vertex -128 114.083 406.466
    endloop
  endfacet
  facet normal 0 0.991515 -0.129993
    outer loop
      vertex -128 111.284 407.216
      vertex -150 111.335 407.605
      vertex -128 111.335 407.605
    endloop
  endfacet
  facet normal 0 0.991515 -0.129993
    outer loop
      vertex -150 111.335 407.605
      vertex -128 111.284 407.216
      vertex -150 111.284 407.216
    endloop
  endfacet
  facet normal 0 -0.610575 -0.791959
    outer loop
      vertex -150 113.534 408.516
      vertex -128 113.844 408.277
      vertex -128 113.534 408.516
    endloop
  endfacet
  facet normal -0 -0.610575 -0.791959
    outer loop
      vertex -128 113.844 408.277
      vertex -150 113.534 408.516
      vertex -150 113.844 408.277
    endloop
  endfacet
  facet normal 0 -0.380621 0.924731
    outer loop
      vertex -150 113.534 405.917
      vertex -128 113.172 405.768
      vertex -128 113.534 405.917
    endloop
  endfacet
  facet normal 0 -0.380621 0.924731
    outer loop
      vertex -128 113.172 405.768
      vertex -150 113.534 405.917
      vertex -150 113.172 405.768
    endloop
  endfacet
  facet normal 0 -0.792908 -0.609341
    outer loop
      vertex -150 114.083 407.966
      vertex -128 113.844 408.277
      vertex -150 113.844 408.277
    endloop
  endfacet
  facet normal 0 -0.792908 -0.609341
    outer loop
      vertex -128 113.844 408.277
      vertex -150 114.083 407.966
      vertex -128 114.083 407.966
    endloop
  endfacet
  facet normal 0 -0.92436 -0.381522
    outer loop
      vertex -150 114.232 407.605
      vertex -128 114.083 407.966
      vertex -150 114.083 407.966
    endloop
  endfacet
  facet normal 0 -0.92436 -0.381522
    outer loop
      vertex -128 114.083 407.966
      vertex -150 114.232 407.605
      vertex -128 114.232 407.605
    endloop
  endfacet
  facet normal 0 -0.130322 -0.991472
    outer loop
      vertex -150 112.784 408.716
      vertex -128 113.172 408.665
      vertex -128 112.784 408.716
    endloop
  endfacet
  facet normal -0 -0.130322 -0.991472
    outer loop
      vertex -128 113.172 408.665
      vertex -150 112.784 408.716
      vertex -150 113.172 408.665
    endloop
  endfacet
  facet normal 0 -0.132833 0.991138
    outer loop
      vertex -150 113.172 405.768
      vertex -128 112.784 405.716
      vertex -128 113.172 405.768
    endloop
  endfacet
  facet normal 0 -0.132833 0.991138
    outer loop
      vertex -128 112.784 405.716
      vertex -150 113.172 405.768
      vertex -150 112.784 405.716
    endloop
  endfacet
  facet normal 0 0.792908 -0.609341
    outer loop
      vertex -128 111.484 407.966
      vertex -150 111.723 408.277
      vertex -128 111.723 408.277
    endloop
  endfacet
  facet normal 0 0.792908 -0.609341
    outer loop
      vertex -150 111.723 408.277
      vertex -128 111.484 407.966
      vertex -150 111.484 407.966
    endloop
  endfacet
  facet normal 0 -0.991183 -0.132498
    outer loop
      vertex -150 114.284 407.216
      vertex -128 114.232 407.605
      vertex -150 114.232 407.605
    endloop
  endfacet
  facet normal 0 -0.991183 -0.132498
    outer loop
      vertex -128 114.232 407.605
      vertex -150 114.284 407.216
      vertex -128 114.284 407.216
    endloop
  endfacet
  facet normal 0 -0.991138 0.132833
    outer loop
      vertex -150 114.232 406.828
      vertex -128 114.284 407.216
      vertex -150 114.284 407.216
    endloop
  endfacet
  facet normal 0 -0.991138 0.132833
    outer loop
      vertex -128 114.284 407.216
      vertex -150 114.232 406.828
      vertex -128 114.232 406.828
    endloop
  endfacet
  facet normal -0 0.381522 0.92436
    outer loop
      vertex -150 112.395 405.768
      vertex -128 112.034 405.917
      vertex -128 112.395 405.768
    endloop
  endfacet
  facet normal 0 0.381522 0.92436
    outer loop
      vertex -128 112.034 405.917
      vertex -150 112.395 405.768
      vertex -150 112.034 405.917
    endloop
  endfacet
  facet normal 0 -0.380621 -0.924731
    outer loop
      vertex -150 113.172 408.665
      vertex -128 113.534 408.516
      vertex -128 113.172 408.665
    endloop
  endfacet
  facet normal -0 -0.380621 -0.924731
    outer loop
      vertex -128 113.534 408.516
      vertex -150 113.172 408.665
      vertex -150 113.534 408.516
    endloop
  endfacet
  facet normal 0 0.92436 -0.381522
    outer loop
      vertex -128 111.335 407.605
      vertex -150 111.484 407.966
      vertex -128 111.484 407.966
    endloop
  endfacet
  facet normal 0 0.92436 -0.381522
    outer loop
      vertex -150 111.484 407.966
      vertex -128 111.335 407.605
      vertex -150 111.335 407.605
    endloop
  endfacet
  facet normal -0 0.132498 0.991183
    outer loop
      vertex -150 112.784 405.716
      vertex -128 112.395 405.768
      vertex -128 112.784 405.716
    endloop
  endfacet
  facet normal 0 0.132498 0.991183
    outer loop
      vertex -128 112.395 405.768
      vertex -150 112.784 405.716
      vertex -150 112.395 405.768
    endloop
  endfacet
  facet normal 0 -0.610575 0.791959
    outer loop
      vertex -150 113.844 406.156
      vertex -128 113.534 405.917
      vertex -128 113.844 406.156
    endloop
  endfacet
  facet normal 0 -0.610575 0.791959
    outer loop
      vertex -128 113.534 405.917
      vertex -150 113.844 406.156
      vertex -150 113.534 405.917
    endloop
  endfacet
  facet normal 0 0.129993 -0.991515
    outer loop
      vertex -150 112.395 408.665
      vertex -128 112.784 408.716
      vertex -128 112.395 408.665
    endloop
  endfacet
  facet normal 0 0.129993 -0.991515
    outer loop
      vertex -128 112.784 408.716
      vertex -150 112.395 408.665
      vertex -150 112.784 408.716
    endloop
  endfacet
  facet normal -0 0.609341 0.792908
    outer loop
      vertex -150 112.034 405.917
      vertex -128 111.723 406.156
      vertex -128 112.034 405.917
    endloop
  endfacet
  facet normal 0 0.609341 0.792908
    outer loop
      vertex -128 111.723 406.156
      vertex -150 112.034 405.917
      vertex -150 111.723 406.156
    endloop
  endfacet
  facet normal 0 0.609341 -0.792908
    outer loop
      vertex -150 111.723 408.277
      vertex -128 112.034 408.516
      vertex -128 111.723 408.277
    endloop
  endfacet
  facet normal 0 0.609341 -0.792908
    outer loop
      vertex -128 112.034 408.516
      vertex -150 111.723 408.277
      vertex -150 112.034 408.516
    endloop
  endfacet
  facet normal 0 0.791959 0.610575
    outer loop
      vertex -128 111.723 406.156
      vertex -150 111.484 406.466
      vertex -128 111.484 406.466
    endloop
  endfacet
  facet normal 0 0.791959 0.610575
    outer loop
      vertex -150 111.484 406.466
      vertex -128 111.723 406.156
      vertex -150 111.723 406.156
    endloop
  endfacet
  facet normal 0 -0.791959 0.610575
    outer loop
      vertex -150 113.844 406.156
      vertex -128 114.083 406.466
      vertex -150 114.083 406.466
    endloop
  endfacet
  facet normal 0 -0.791959 0.610575
    outer loop
      vertex -128 114.083 406.466
      vertex -150 113.844 406.156
      vertex -128 113.844 406.156
    endloop
  endfacet
  facet normal 0 0.381522 -0.92436
    outer loop
      vertex -150 112.034 408.516
      vertex -128 112.395 408.665
      vertex -128 112.034 408.516
    endloop
  endfacet
  facet normal 0 0.381522 -0.92436
    outer loop
      vertex -128 112.395 408.665
      vertex -150 112.034 408.516
      vertex -150 112.395 408.665
    endloop
  endfacet
  facet normal 0 0.924731 0.380621
    outer loop
      vertex -128 111.484 406.466
      vertex -150 111.335 406.828
      vertex -128 111.335 406.828
    endloop
  endfacet
  facet normal 0 0.924731 0.380621
    outer loop
      vertex -150 111.335 406.828
      vertex -128 111.484 406.466
      vertex -150 111.484 406.466
    endloop
  endfacet
  facet normal 0 0.991472 0.130322
    outer loop
      vertex -128 111.335 406.828
      vertex -150 111.284 407.216
      vertex -128 111.284 407.216
    endloop
  endfacet
  facet normal 0 0.991472 0.130322
    outer loop
      vertex -150 111.284 407.216
      vertex -128 111.335 406.828
      vertex -150 111.335 406.828
    endloop
  endfacet
  facet normal 0.146898 0.989152 -0
    outer loop
      vertex 134.707 209.635 0
      vertex 132.862 209.909 1180
      vertex 134.707 209.635 1180
    endloop
  endfacet
  facet normal 0.146898 0.989152 0
    outer loop
      vertex 132.862 209.909 1180
      vertex 134.707 209.635 0
      vertex 132.862 209.909 0
    endloop
  endfacet
  facet normal -1 0 0
    outer loop
      vertex -150 -100.409 620.409
      vertex -150 -111.335 632.395
      vertex -150 -111.284 632.784
    endloop
  endfacet
  facet normal -1 0 0
    outer loop
      vertex -150 -100.409 620.409
      vertex -150 -111.484 632.034
      vertex -150 -111.335 632.395
    endloop
  endfacet
  facet normal -1 0 0
    outer loop
      vertex -150 -100.409 620.409
      vertex -150 -111.723 631.723
      vertex -150 -111.484 632.034
    endloop
  endfacet
  facet normal -1 0 0
    outer loop
      vertex -150 -100.409 620.409
      vertex -150 -112.034 631.484
      vertex -150 -111.723 631.723
    endloop
  endfacet
  facet normal -1 0 0
    outer loop
      vertex -150 -100.409 620.409
      vertex -150 -112.395 631.335
      vertex -150 -112.034 631.484
    endloop
  endfacet
  facet normal -1 0 0
    outer loop
      vertex -150 -109.767 610.084
      vertex -150 -112.784 631.284
      vertex -150 -112.395 631.335
    endloop
  endfacet
  facet normal -1 0 0
    outer loop
      vertex -150 -109.767 610.084
      vertex -150 -113.172 631.335
      vertex -150 -112.784 631.284
    endloop
  endfacet
  facet normal -1 0 0
    outer loop
      vertex -150 -109.767 610.084
      vertex -150 -113.534 631.484
      vertex -150 -113.172 631.335
    endloop
  endfacet
  facet normal -1 0 0
    outer loop
      vertex -150 -109.767 610.084
      vertex -150 -113.844 631.723
      vertex -150 -113.534 631.484
    endloop
  endfacet
  facet normal -1 0 0
    outer loop
      vertex -150 -118.069 598.891
      vertex -150 -113.844 631.723
      vertex -150 -109.767 610.084
    endloop
  endfacet
  facet normal -1 -0 0
    outer loop
      vertex -150 -113.844 631.723
      vertex -150 -118.069 598.891
      vertex -150 -114.083 632.034
    endloop
  endfacet
  facet normal -1 0 0
    outer loop
      vertex -150 -125.233 586.938
      vertex -150 -114.232 632.395
      vertex -150 -118.069 598.891
    endloop
  endfacet
  facet normal -1 -0 0
    outer loop
      vertex -150 -114.083 632.034
      vertex -150 -118.069 598.891
      vertex -150 -114.232 632.395
    endloop
  endfacet
  facet normal -1 0 0
    outer loop
      vertex -150 -111.484 407.966
      vertex -150 -100.409 419.591
      vertex -150 -111.335 407.605
    endloop
  endfacet
  facet normal -1 0 0
    outer loop
      vertex -150 -111.723 408.277
      vertex -150 -100.409 419.591
      vertex -150 -111.484 407.966
    endloop
  endfacet
  facet normal -1 0 0
    outer loop
      vertex -150 -112.034 408.516
      vertex -150 -100.409 419.591
      vertex -150 -111.723 408.277
    endloop
  endfacet
  facet normal -1 0 0
    outer loop
      vertex -150 -112.395 408.665
      vertex -150 -100.409 419.591
      vertex -150 -112.034 408.516
    endloop
  endfacet
  facet normal -1 -0 0
    outer loop
      vertex -150 -100.409 419.591
      vertex -150 -112.395 408.665
      vertex -150 -109.767 429.916
    endloop
  endfacet
  facet normal -1 0 0
    outer loop
      vertex -150 -112.784 408.716
      vertex -150 -109.767 429.916
      vertex -150 -112.395 408.665
    endloop
  endfacet
  facet normal -1 0 0
    outer loop
      vertex -150 -113.172 408.665
      vertex -150 -109.767 429.916
      vertex -150 -112.784 408.716
    endloop
  endfacet
  facet normal -1 0 0
    outer loop
      vertex -150 -113.534 408.516
      vertex -150 -109.767 429.916
      vertex -150 -113.172 408.665
    endloop
  endfacet
  facet normal -1 0 0
    outer loop
      vertex -150 -113.844 408.277
      vertex -150 -109.767 429.916
      vertex -150 -113.534 408.516
    endloop
  endfacet
  facet normal -1 0 0
    outer loop
      vertex -150 -118.069 441.109
      vertex -150 -113.844 408.277
      vertex -150 -114.083 407.966
    endloop
  endfacet
  facet normal -1 0 0
    outer loop
      vertex -150 -118.069 441.109
      vertex -150 -114.083 407.966
      vertex -150 -114.232 407.605
    endloop
  endfacet
  facet normal -1 0 0
    outer loop
      vertex -150 -113.844 408.277
      vertex -150 -118.069 441.109
      vertex -150 -109.767 429.916
    endloop
  endfacet
  facet normal -1 0 0
    outer loop
      vertex -150 -125.233 453.062
      vertex -150 -114.232 407.605
      vertex -150 -114.284 407.216
    endloop
  endfacet
  facet normal -1 0 0
    outer loop
      vertex -150 13.9184 661.316
      vertex -150 1.44889 679.112
      vertex -150 1.5 679.5
    endloop
  endfacet
  facet normal -1 0 0
    outer loop
      vertex -150 13.9184 661.316
      vertex -150 1.29904 678.75
      vertex -150 1.44889 679.112
    endloop
  endfacet
  facet normal -1 0 0
    outer loop
      vertex -150 13.9184 661.316
      vertex -150 1.06066 678.439
      vertex -150 1.29904 678.75
    endloop
  endfacet
  facet normal -1 0 0
    outer loop
      vertex -150 13.9184 661.316
      vertex -150 0.75 678.201
      vertex -150 1.06066 678.439
    endloop
  endfacet
  facet normal -1 0 0
    outer loop
      vertex -150 0 662
      vertex -150 0.75 678.201
      vertex -150 13.9184 661.316
    endloop
  endfacet
  facet normal -1 0 0
    outer loop
      vertex -150 0.75 678.201
      vertex -150 0 662
      vertex -150 0.388228 678.051
    endloop
  endfacet
  facet normal -1 0 0
    outer loop
      vertex -150 0 662
      vertex -150 0 678
      vertex -150 0.388228 678.051
    endloop
  endfacet
  facet normal -1 0 0
    outer loop
      vertex -150 0 662
      vertex -150 -0.388228 678.051
      vertex -150 0 678
    endloop
  endfacet
  facet normal -1 0 0
    outer loop
      vertex -150 0 662
      vertex -150 -0.75 678.201
      vertex -150 -0.388228 678.051
    endloop
  endfacet
  facet normal -1 0 0
    outer loop
      vertex -150 0 662
      vertex -150 -1.06066 678.439
      vertex -150 -0.75 678.201
    endloop
  endfacet
  facet normal -1 0 0
    outer loop
      vertex -150 -13.9184 661.316
      vertex -150 -1.06066 678.439
      vertex -150 0 662
    endloop
  endfacet
  facet normal -1 -0 0
    outer loop
      vertex -150 -1.06066 678.439
      vertex -150 -13.9184 661.316
      vertex -150 -1.29904 678.75
    endloop
  endfacet
  facet normal -1 -0 0
    outer loop
      vertex -150 -1.29904 678.75
      vertex -150 -13.9184 661.316
      vertex -150 -1.44889 679.112
    endloop
  endfacet
  facet normal -1 -0 0
    outer loop
      vertex -150 -1.44889 679.112
      vertex -150 -13.9184 661.316
      vertex -150 -1.5 679.5
    endloop
  endfacet
  facet normal -1 0 0
    outer loop
      vertex -150 1.44889 360.888
      vertex -150 13.9184 378.684
      vertex -150 1.5 360.5
    endloop
  endfacet
  facet normal -1 0 0
    outer loop
      vertex -150 1.29904 361.25
      vertex -150 13.9184 378.684
      vertex -150 1.44889 360.888
    endloop
  endfacet
  facet normal -1 0 0
    outer loop
      vertex -150 1.06066 361.561
      vertex -150 13.9184 378.684
      vertex -150 1.29904 361.25
    endloop
  endfacet
  facet normal -1 0 0
    outer loop
      vertex -150 0.75 361.799
      vertex -150 13.9184 378.684
      vertex -150 1.06066 361.561
    endloop
  endfacet
  facet normal -1 0 0
    outer loop
      vertex -150 0 378
      vertex -150 0.75 361.799
      vertex -150 0.388228 361.949
    endloop
  endfacet
  facet normal -1 0 0
    outer loop
      vertex -150 0 378
      vertex -150 0.388228 361.949
      vertex -150 0 362
    endloop
  endfacet
  facet normal -1 0 0
    outer loop
      vertex -150 0.75 361.799
      vertex -150 0 378
      vertex -150 13.9184 378.684
    endloop
  endfacet
  facet normal -1 0 0
    outer loop
      vertex -150 -0.388228 361.949
      vertex -150 0 378
      vertex -150 0 362
    endloop
  endfacet
  facet normal -1 0 0
    outer loop
      vertex -150 -0.75 361.799
      vertex -150 0 378
      vertex -150 -0.388228 361.949
    endloop
  endfacet
  facet normal -1 0 0
    outer loop
      vertex -150 -1.06066 361.561
      vertex -150 0 378
      vertex -150 -0.75 361.799
    endloop
  endfacet
  facet normal -1 0 0
    outer loop
      vertex -150 -13.9184 378.684
      vertex -150 -1.06066 361.561
      vertex -150 -1.29904 361.25
    endloop
  endfacet
  facet normal -1 0 0
    outer loop
      vertex -150 -13.9184 378.684
      vertex -150 -1.29904 361.25
      vertex -150 -1.44889 360.888
    endloop
  endfacet
  facet normal -1 0 0
    outer loop
      vertex -150 -13.9184 378.684
      vertex -150 -1.44889 360.888
      vertex -150 -1.5 360.5
    endloop
  endfacet
  facet normal -1 0 0
    outer loop
      vertex -150 -1.06066 361.561
      vertex -150 -13.9184 378.684
      vertex -150 0 378
    endloop
  endfacet
  facet normal -1 0 0
    outer loop
      vertex -150 125.233 586.938
      vertex -150 114.232 632.395
      vertex -150 114.284 632.784
    endloop
  endfacet
  facet normal -1 0 0
    outer loop
      vertex -150 118.069 598.891
      vertex -150 114.083 632.034
      vertex -150 114.232 632.395
    endloop
  endfacet
  facet normal -1 0 0
    outer loop
      vertex -150 118.069 598.891
      vertex -150 113.844 631.723
      vertex -150 114.083 632.034
    endloop
  endfacet
  facet normal -1 0 0
    outer loop
      vertex -150 109.767 610.084
      vertex -150 113.844 631.723
      vertex -150 118.069 598.891
    endloop
  endfacet
  facet normal -1 0 0
    outer loop
      vertex -150 113.844 631.723
      vertex -150 109.767 610.084
      vertex -150 113.534 631.484
    endloop
  endfacet
  facet normal -1 0 0
    outer loop
      vertex -150 113.534 631.484
      vertex -150 109.767 610.084
      vertex -150 113.172 631.335
    endloop
  endfacet
  facet normal -1 0 0
    outer loop
      vertex -150 113.172 631.335
      vertex -150 109.767 610.084
      vertex -150 112.784 631.284
    endloop
  endfacet
  facet normal -1 -0 0
    outer loop
      vertex -150 112.784 631.284
      vertex -150 109.767 610.084
      vertex -150 112.395 631.335
    endloop
  endfacet
  facet normal -1 0 0
    outer loop
      vertex -150 100.409 620.409
      vertex -150 112.395 631.335
      vertex -150 109.767 610.084
    endloop
  endfacet
  facet normal -1 -0 0
    outer loop
      vertex -150 112.395 631.335
      vertex -150 100.409 620.409
      vertex -150 112.034 631.484
    endloop
  endfacet
  facet normal -1 -0 0
    outer loop
      vertex -150 112.034 631.484
      vertex -150 100.409 620.409
      vertex -150 111.723 631.723
    endloop
  endfacet
  facet normal -1 -0 0
    outer loop
      vertex -150 111.484 632.034
      vertex -150 100.409 620.409
      vertex -150 111.335 632.395
    endloop
  endfacet
  facet normal -1 -0 0
    outer loop
      vertex -150 111.723 631.723
      vertex -150 100.409 620.409
      vertex -150 111.484 632.034
    endloop
  endfacet
  facet normal -1 0 0
    outer loop
      vertex -150 191 0
      vertex -150 161 520
      vertex -150 191 1180
    endloop
  endfacet
  facet normal -1 0 0
    outer loop
      vertex -150 191 0
      vertex -150 160.949 519.612
      vertex -150 161 520
    endloop
  endfacet
  facet normal -1 0 0
    outer loop
      vertex -150 191 0
      vertex -150 160.799 519.25
      vertex -150 160.949 519.612
    endloop
  endfacet
  facet normal -1 0 0
    outer loop
      vertex -150 114.232 406.828
      vertex -150 160.799 519.25
      vertex -150 191 0
    endloop
  endfacet
  facet normal -1 0 -0
    outer loop
      vertex -150 131.191 465.659
      vertex -150 160.799 519.25
      vertex -150 114.232 406.828
    endloop
  endfacet
  facet normal -1 0 0
    outer loop
      vertex -150 160.799 519.25
      vertex -150 131.191 465.659
      vertex -150 160.561 518.939
    endloop
  endfacet
  facet normal -1 0 -0
    outer loop
      vertex -150 135.886 478.78
      vertex -150 160.561 518.939
      vertex -150 131.191 465.659
    endloop
  endfacet
  facet normal -1 0 0
    outer loop
      vertex -150 160.561 518.939
      vertex -150 135.886 478.78
      vertex -150 160.25 518.701
    endloop
  endfacet
  facet normal -1 0 -0
    outer loop
      vertex -150 139.272 492.297
      vertex -150 160.25 518.701
      vertex -150 135.886 478.78
    endloop
  endfacet
  facet normal -1 0 0
    outer loop
      vertex -150 160.25 518.701
      vertex -150 139.272 492.297
      vertex -150 159.888 518.551
    endloop
  endfacet
  facet normal -1 0 0
    outer loop
      vertex -150 159.888 518.551
      vertex -150 139.272 492.297
      vertex -150 159.5 518.5
    endloop
  endfacet
  facet normal -1 0 -0
    outer loop
      vertex -150 141.316 506.082
      vertex -150 159.5 518.5
      vertex -150 139.272 492.297
    endloop
  endfacet
  facet normal -1 -0 0
    outer loop
      vertex -150 159.5 518.5
      vertex -150 141.316 506.082
      vertex -150 159.112 518.551
    endloop
  endfacet
  facet normal -1 -0 0
    outer loop
      vertex -150 159.112 518.551
      vertex -150 141.316 506.082
      vertex -150 158.75 518.701
    endloop
  endfacet
  facet normal -1 0 0
    outer loop
      vertex -150 158.051 519.612
      vertex -150 142 520
      vertex -150 158 520
    endloop
  endfacet
  facet normal -1 0 0
    outer loop
      vertex -150 158.201 519.25
      vertex -150 142 520
      vertex -150 158.051 519.612
    endloop
  endfacet
  facet normal -1 0 -0
    outer loop
      vertex -150 142 520
      vertex -150 158.201 519.25
      vertex -150 141.316 506.082
    endloop
  endfacet
  facet normal -1 -0 0
    outer loop
      vertex -150 158.439 518.939
      vertex -150 141.316 506.082
      vertex -150 158.201 519.25
    endloop
  endfacet
  facet normal -1 -0 0
    outer loop
      vertex -150 158.75 518.701
      vertex -150 141.316 506.082
      vertex -150 158.439 518.939
    endloop
  endfacet
  facet normal -1 0 -0
    outer loop
      vertex -150 114.284 407.216
      vertex -150 131.191 465.659
      vertex -150 114.232 406.828
    endloop
  endfacet
  facet normal -1 0 0
    outer loop
      vertex -150 114.232 407.605
      vertex -150 125.233 453.062
      vertex -150 114.284 407.216
    endloop
  endfacet
  facet normal -1 0 0
    outer loop
      vertex -150 131.191 465.659
      vertex -150 114.284 407.216
      vertex -150 125.233 453.062
    endloop
  endfacet
  facet normal -1 0 0
    outer loop
      vertex -150 191 0
      vertex -150 114.083 406.466
      vertex -150 114.232 406.828
    endloop
  endfacet
  facet normal -1 0 0
    outer loop
      vertex -150 191 0
      vertex -150 113.844 406.156
      vertex -150 114.083 406.466
    endloop
  endfacet
  facet normal -1 0 0
    outer loop
      vertex -150 191 0
      vertex -150 113.534 405.917
      vertex -150 113.844 406.156
    endloop
  endfacet
  facet normal -1 0 0
    outer loop
      vertex -150 191 0
      vertex -150 113.172 405.768
      vertex -150 113.534 405.917
    endloop
  endfacet
  facet normal -1 0 0
    outer loop
      vertex -150 191 0
      vertex -150 112.784 405.716
      vertex -150 113.172 405.768
    endloop
  endfacet
  facet normal -1 0 0
    outer loop
      vertex -150 54.341 388.809
      vertex -150 112.784 405.716
      vertex -150 191 0
    endloop
  endfacet
  facet normal -1 0 -0
    outer loop
      vertex -150 66.9383 394.767
      vertex -150 112.784 405.716
      vertex -150 54.341 388.809
    endloop
  endfacet
  facet normal -1 -0 0
    outer loop
      vertex -150 112.784 405.716
      vertex -150 66.9383 394.767
      vertex -150 112.395 405.768
    endloop
  endfacet
  facet normal -1 0 -0
    outer loop
      vertex -150 78.891 401.931
      vertex -150 112.395 405.768
      vertex -150 66.9383 394.767
    endloop
  endfacet
  facet normal -1 -0 0
    outer loop
      vertex -150 112.395 405.768
      vertex -150 78.891 401.931
      vertex -150 112.034 405.917
    endloop
  endfacet
  facet normal -1 0 0
    outer loop
      vertex -150 112.395 408.665
      vertex -150 100.409 419.591
      vertex -150 109.767 429.916
    endloop
  endfacet
  facet normal -1 0 0
    outer loop
      vertex -150 90.0838 410.233
      vertex -150 111.284 407.216
      vertex -150 111.335 406.828
    endloop
  endfacet
  facet normal -1 -0 0
    outer loop
      vertex -150 112.034 405.917
      vertex -150 78.891 401.931
      vertex -150 111.723 406.156
    endloop
  endfacet
  facet normal -1 0 0
    outer loop
      vertex -150 111.284 407.216
      vertex -150 90.0838 410.233
      vertex -150 100.409 419.591
    endloop
  endfacet
  facet normal -1 0 0
    outer loop
      vertex -150 111.484 406.466
      vertex -150 90.0838 410.233
      vertex -150 111.335 406.828
    endloop
  endfacet
  facet normal -1 0 0
    outer loop
      vertex -150 111.723 406.156
      vertex -150 90.0838 410.233
      vertex -150 111.484 406.466
    endloop
  endfacet
  facet normal -1 0 -0
    outer loop
      vertex -150 90.0838 410.233
      vertex -150 111.723 406.156
      vertex -150 78.891 401.931
    endloop
  endfacet
  facet normal -1 0 0
    outer loop
      vertex -150 1.06066 359.439
      vertex -150 54.341 388.809
      vertex -150 191 0
    endloop
  endfacet
  facet normal -1 0 0
    outer loop
      vertex -150 54.341 388.809
      vertex -150 1.06066 359.439
      vertex -150 41.2204 384.114
    endloop
  endfacet
  facet normal -1 0 -0
    outer loop
      vertex -150 1.29904 359.75
      vertex -150 41.2204 384.114
      vertex -150 1.06066 359.439
    endloop
  endfacet
  facet normal -1 0 -0
    outer loop
      vertex -150 1.44889 360.112
      vertex -150 27.7028 380.728
      vertex -150 1.29904 359.75
    endloop
  endfacet
  facet normal -1 0 0
    outer loop
      vertex -150 27.7028 380.728
      vertex -150 1.5 360.5
      vertex -150 13.9184 378.684
    endloop
  endfacet
  facet normal -1 0 -0
    outer loop
      vertex -150 1.5 360.5
      vertex -150 27.7028 380.728
      vertex -150 1.44889 360.112
    endloop
  endfacet
  facet normal -1 0 0
    outer loop
      vertex -150 41.2204 384.114
      vertex -150 1.29904 359.75
      vertex -150 27.7028 380.728
    endloop
  endfacet
  facet normal -1 0 0
    outer loop
      vertex -150 191 0
      vertex -150 0.75 359.201
      vertex -150 1.06066 359.439
    endloop
  endfacet
  facet normal -1 0 0
    outer loop
      vertex -150 191 0
      vertex -150 0.388228 359.051
      vertex -150 0.75 359.201
    endloop
  endfacet
  facet normal -1 0 0
    outer loop
      vertex -150 191 0
      vertex -150 0 359
      vertex -150 0.388228 359.051
    endloop
  endfacet
  facet normal -1 0 0
    outer loop
      vertex -150 -210 0
      vertex -150 0 359
      vertex -150 191 0
    endloop
  endfacet
  facet normal -1 -0 0
    outer loop
      vertex -150 0 359
      vertex -150 -210 0
      vertex -150 -0.388228 359.051
    endloop
  endfacet
  facet normal -1 -0 0
    outer loop
      vertex -150 -0.388228 359.051
      vertex -150 -210 0
      vertex -150 -0.75 359.201
    endloop
  endfacet
  facet normal -1 -0 0
    outer loop
      vertex -150 -0.75 359.201
      vertex -150 -210 0
      vertex -150 -1.06066 359.439
    endloop
  endfacet
  facet normal -1 0 0
    outer loop
      vertex -150 -27.7028 380.728
      vertex -150 -1.5 360.5
      vertex -150 -1.44889 360.112
    endloop
  endfacet
  facet normal -1 0 0
    outer loop
      vertex -150 -27.7028 380.728
      vertex -150 -1.44889 360.112
      vertex -150 -1.29904 359.75
    endloop
  endfacet
  facet normal -1 0 -0
    outer loop
      vertex -150 -54.341 388.809
      vertex -150 -1.06066 359.439
      vertex -150 -210 0
    endloop
  endfacet
  facet normal -1 -0 -0
    outer loop
      vertex -150 -41.2204 384.114
      vertex -150 -1.06066 359.439
      vertex -150 -54.341 388.809
    endloop
  endfacet
  facet normal -1 0 0
    outer loop
      vertex -150 -1.5 360.5
      vertex -150 -27.7028 380.728
      vertex -150 -13.9184 378.684
    endloop
  endfacet
  facet normal -1 0 0
    outer loop
      vertex -150 -1.29904 359.75
      vertex -150 -41.2204 384.114
      vertex -150 -27.7028 380.728
    endloop
  endfacet
  facet normal -1 0 0
    outer loop
      vertex -150 -1.06066 359.439
      vertex -150 -41.2204 384.114
      vertex -150 -1.29904 359.75
    endloop
  endfacet
  facet normal -1 0 -0
    outer loop
      vertex -150 -112.784 405.716
      vertex -150 -54.341 388.809
      vertex -150 -210 0
    endloop
  endfacet
  facet normal -1 0 0
    outer loop
      vertex -150 -54.341 388.809
      vertex -150 -112.784 405.716
      vertex -150 -66.9383 394.767
    endloop
  endfacet
  facet normal -1 0 -0
    outer loop
      vertex -150 -112.395 405.768
      vertex -150 -66.9383 394.767
      vertex -150 -112.784 405.716
    endloop
  endfacet
  facet normal -1 0 -0
    outer loop
      vertex -150 -111.484 406.466
      vertex -150 -90.0838 410.233
      vertex -150 -111.723 406.156
    endloop
  endfacet
  facet normal -1 0 0
    outer loop
      vertex -150 -111.335 407.605
      vertex -150 -100.409 419.591
      vertex -150 -111.284 407.216
    endloop
  endfacet
  facet normal -1 -0 0
    outer loop
      vertex -150 -90.0838 410.233
      vertex -150 -111.284 407.216
      vertex -150 -100.409 419.591
    endloop
  endfacet
  facet normal -1 0 -0
    outer loop
      vertex -150 -111.284 407.216
      vertex -150 -90.0838 410.233
      vertex -150 -111.335 406.828
    endloop
  endfacet
  facet normal -1 0 -0
    outer loop
      vertex -150 -111.335 406.828
      vertex -150 -90.0838 410.233
      vertex -150 -111.484 406.466
    endloop
  endfacet
  facet normal -1 0 0
    outer loop
      vertex -150 -78.891 401.931
      vertex -150 -111.723 406.156
      vertex -150 -90.0838 410.233
    endloop
  endfacet
  facet normal -1 0 -0
    outer loop
      vertex -150 -112.034 405.917
      vertex -150 -78.891 401.931
      vertex -150 -112.395 405.768
    endloop
  endfacet
  facet normal -1 0 -0
    outer loop
      vertex -150 -111.723 406.156
      vertex -150 -78.891 401.931
      vertex -150 -112.034 405.917
    endloop
  endfacet
  facet normal -1 0 0
    outer loop
      vertex -150 -66.9383 394.767
      vertex -150 -112.395 405.768
      vertex -150 -78.891 401.931
    endloop
  endfacet
  facet normal -1 -0 0
    outer loop
      vertex -150 -112.784 405.716
      vertex -150 -210 0
      vertex -150 -113.172 405.768
    endloop
  endfacet
  facet normal -1 -0 0
    outer loop
      vertex -150 -113.172 405.768
      vertex -150 -210 0
      vertex -150 -113.534 405.917
    endloop
  endfacet
  facet normal -1 -0 0
    outer loop
      vertex -150 -113.534 405.917
      vertex -150 -210 0
      vertex -150 -113.844 406.156
    endloop
  endfacet
  facet normal -1 0 0
    outer loop
      vertex -150 -114.232 407.605
      vertex -150 -125.233 453.062
      vertex -150 -118.069 441.109
    endloop
  endfacet
  facet normal -1 0 0
    outer loop
      vertex -150 -131.191 465.659
      vertex -150 -114.284 407.216
      vertex -150 -114.232 406.828
    endloop
  endfacet
  facet normal -1 0 0
    outer loop
      vertex -150 -114.284 407.216
      vertex -150 -131.191 465.659
      vertex -150 -125.233 453.062
    endloop
  endfacet
  facet normal -1 0 0
    outer loop
      vertex -150 -160.799 519.25
      vertex -150 -131.191 465.659
      vertex -150 -114.232 406.828
    endloop
  endfacet
  facet normal -1 0 0
    outer loop
      vertex -150 -158.201 519.25
      vertex -150 -142 520
      vertex -150 -141.316 506.082
    endloop
  endfacet
  facet normal -1 0 0
    outer loop
      vertex -150 -159.5 518.5
      vertex -150 -141.316 506.082
      vertex -150 -139.272 492.297
    endloop
  endfacet
  facet normal -1 0 0
    outer loop
      vertex -150 -160.25 518.701
      vertex -150 -139.272 492.297
      vertex -150 -135.886 478.78
    endloop
  endfacet
  facet normal -1 0 0
    outer loop
      vertex -150 -131.191 465.659
      vertex -150 -160.561 518.939
      vertex -150 -135.886 478.78
    endloop
  endfacet
  facet normal -1 -0 0
    outer loop
      vertex -150 -142 520
      vertex -150 -158.051 519.612
      vertex -150 -158 520
    endloop
  endfacet
  facet normal -1 0 0
    outer loop
      vertex -150 -142 520
      vertex -150 -158.201 519.25
      vertex -150 -158.051 519.612
    endloop
  endfacet
  facet normal -1 0 0
    outer loop
      vertex -150 -141.316 506.082
      vertex -150 -158.439 518.939
      vertex -150 -158.201 519.25
    endloop
  endfacet
  facet normal -1 0 0
    outer loop
      vertex -150 -141.316 506.082
      vertex -150 -158.75 518.701
      vertex -150 -158.439 518.939
    endloop
  endfacet
  facet normal -1 0 0
    outer loop
      vertex -150 -141.316 506.082
      vertex -150 -159.112 518.551
      vertex -150 -158.75 518.701
    endloop
  endfacet
  facet normal -1 0 0
    outer loop
      vertex -150 -141.316 506.082
      vertex -150 -159.5 518.5
      vertex -150 -159.112 518.551
    endloop
  endfacet
  facet normal -1 0 0
    outer loop
      vertex -150 -139.272 492.297
      vertex -150 -159.888 518.551
      vertex -150 -159.5 518.5
    endloop
  endfacet
  facet normal -1 0 0
    outer loop
      vertex -150 -139.272 492.297
      vertex -150 -160.25 518.701
      vertex -150 -159.888 518.551
    endloop
  endfacet
  facet normal -1 0 0
    outer loop
      vertex -150 -135.886 478.78
      vertex -150 -160.561 518.939
      vertex -150 -160.25 518.701
    endloop
  endfacet
  facet normal -1 0 0
    outer loop
      vertex -150 -131.191 465.659
      vertex -150 -160.799 519.25
      vertex -150 -160.561 518.939
    endloop
  endfacet
  facet normal -1 0 0
    outer loop
      vertex -150 -210 0
      vertex -150 -114.232 406.828
      vertex -150 -114.083 406.466
    endloop
  endfacet
  facet normal -1 -0 0
    outer loop
      vertex -150 -160.949 519.612
      vertex -150 -210 0
      vertex -150 -161 520
    endloop
  endfacet
  facet normal -1 -0 0
    outer loop
      vertex -150 -160.799 519.25
      vertex -150 -210 0
      vertex -150 -160.949 519.612
    endloop
  endfacet
  facet normal -1 -0 0
    outer loop
      vertex -150 -114.232 406.828
      vertex -150 -210 0
      vertex -150 -160.799 519.25
    endloop
  endfacet
  facet normal -1 -0 0
    outer loop
      vertex -150 -113.844 406.156
      vertex -150 -210 0
      vertex -150 -114.083 406.466
    endloop
  endfacet
  facet normal -1 0 0
    outer loop
      vertex -150 160.949 520.388
      vertex -150 191 1180
      vertex -150 161 520
    endloop
  endfacet
  facet normal -1 0 0
    outer loop
      vertex -150 160.799 520.75
      vertex -150 191 1180
      vertex -150 160.949 520.388
    endloop
  endfacet
  facet normal -1 0 0
    outer loop
      vertex -150 131.191 574.341
      vertex -150 160.799 520.75
      vertex -150 160.561 521.061
    endloop
  endfacet
  facet normal -1 0 0
    outer loop
      vertex -150 135.886 561.22
      vertex -150 160.561 521.061
      vertex -150 160.25 521.299
    endloop
  endfacet
  facet normal -1 0 0
    outer loop
      vertex -150 139.272 547.703
      vertex -150 160.25 521.299
      vertex -150 159.888 521.449
    endloop
  endfacet
  facet normal -1 0 0
    outer loop
      vertex -150 139.272 547.703
      vertex -150 159.888 521.449
      vertex -150 159.5 521.5
    endloop
  endfacet
  facet normal -1 0 0
    outer loop
      vertex -150 141.316 533.918
      vertex -150 159.5 521.5
      vertex -150 159.112 521.449
    endloop
  endfacet
  facet normal -1 0 0
    outer loop
      vertex -150 141.316 533.918
      vertex -150 159.112 521.449
      vertex -150 158.75 521.299
    endloop
  endfacet
  facet normal -1 0 0
    outer loop
      vertex -150 141.316 533.918
      vertex -150 158.75 521.299
      vertex -150 158.439 521.061
    endloop
  endfacet
  facet normal -1 0 0
    outer loop
      vertex -150 141.316 533.918
      vertex -150 158.439 521.061
      vertex -150 158.201 520.75
    endloop
  endfacet
  facet normal -1 0 0
    outer loop
      vertex -150 142 520
      vertex -150 158.201 520.75
      vertex -150 158.051 520.388
    endloop
  endfacet
  facet normal -1 0 0
    outer loop
      vertex -150 142 520
      vertex -150 158.051 520.388
      vertex -150 158 520
    endloop
  endfacet
  facet normal -1 -0 0
    outer loop
      vertex -150 158.201 520.75
      vertex -150 142 520
      vertex -150 141.316 533.918
    endloop
  endfacet
  facet normal -1 0 0
    outer loop
      vertex -150 159.5 521.5
      vertex -150 141.316 533.918
      vertex -150 139.272 547.703
    endloop
  endfacet
  facet normal -1 0 0
    outer loop
      vertex -150 160.25 521.299
      vertex -150 139.272 547.703
      vertex -150 135.886 561.22
    endloop
  endfacet
  facet normal -1 0 0
    outer loop
      vertex -150 160.561 521.061
      vertex -150 135.886 561.22
      vertex -150 131.191 574.341
    endloop
  endfacet
  facet normal -1 0 0
    outer loop
      vertex -150 160.799 520.75
      vertex -150 131.191 574.341
      vertex -150 114.232 633.172
    endloop
  endfacet
  facet normal -1 0 0
    outer loop
      vertex -150 114.284 632.784
      vertex -150 131.191 574.341
      vertex -150 125.233 586.938
    endloop
  endfacet
  facet normal -1 0 0
    outer loop
      vertex -150 114.232 632.395
      vertex -150 125.233 586.938
      vertex -150 118.069 598.891
    endloop
  endfacet
  facet normal -1 0 0
    outer loop
      vertex -150 131.191 574.341
      vertex -150 114.284 632.784
      vertex -150 114.232 633.172
    endloop
  endfacet
  facet normal -1 0 0
    outer loop
      vertex -150 160.799 520.75
      vertex -150 114.232 633.172
      vertex -150 191 1180
    endloop
  endfacet
  facet normal -1 0 0
    outer loop
      vertex -150 114.083 633.534
      vertex -150 191 1180
      vertex -150 114.232 633.172
    endloop
  endfacet
  facet normal -1 0 0
    outer loop
      vertex -150 113.844 633.844
      vertex -150 191 1180
      vertex -150 114.083 633.534
    endloop
  endfacet
  facet normal -1 0 0
    outer loop
      vertex -150 113.534 634.083
      vertex -150 191 1180
      vertex -150 113.844 633.844
    endloop
  endfacet
  facet normal -1 0 0
    outer loop
      vertex -150 113.172 634.232
      vertex -150 191 1180
      vertex -150 113.534 634.083
    endloop
  endfacet
  facet normal -1 0 0
    outer loop
      vertex -150 54.341 651.191
      vertex -150 113.172 634.232
      vertex -150 112.784 634.284
    endloop
  endfacet
  facet normal -1 0 0
    outer loop
      vertex -150 66.9383 645.233
      vertex -150 112.784 634.284
      vertex -150 112.395 634.232
    endloop
  endfacet
  facet normal -1 0 0
    outer loop
      vertex -150 78.891 638.069
      vertex -150 112.395 634.232
      vertex -150 112.034 634.083
    endloop
  endfacet
  facet normal -1 0 0
    outer loop
      vertex -150 78.891 638.069
      vertex -150 112.034 634.083
      vertex -150 111.723 633.844
    endloop
  endfacet
  facet normal -1 0 0
    outer loop
      vertex -150 90.0838 629.767
      vertex -150 111.723 633.844
      vertex -150 111.484 633.534
    endloop
  endfacet
  facet normal -1 0 0
    outer loop
      vertex -150 90.0838 629.767
      vertex -150 111.484 633.534
      vertex -150 111.335 633.172
    endloop
  endfacet
  facet normal -1 -0 0
    outer loop
      vertex -150 111.335 632.395
      vertex -150 100.409 620.409
      vertex -150 111.284 632.784
    endloop
  endfacet
  facet normal -1 0 0
    outer loop
      vertex -150 90.0838 629.767
      vertex -150 111.284 632.784
      vertex -150 100.409 620.409
    endloop
  endfacet
  facet normal -1 -0 0
    outer loop
      vertex -150 111.284 632.784
      vertex -150 90.0838 629.767
      vertex -150 111.335 633.172
    endloop
  endfacet
  facet normal -1 -0 0
    outer loop
      vertex -150 111.723 633.844
      vertex -150 90.0838 629.767
      vertex -150 78.891 638.069
    endloop
  endfacet
  facet normal -1 0 0
    outer loop
      vertex -150 112.395 634.232
      vertex -150 78.891 638.069
      vertex -150 66.9383 645.233
    endloop
  endfacet
  facet normal -1 0 0
    outer loop
      vertex -150 112.784 634.284
      vertex -150 66.9383 645.233
      vertex -150 54.341 651.191
    endloop
  endfacet
  facet normal -1 0 0
    outer loop
      vertex -150 113.172 634.232
      vertex -150 54.341 651.191
      vertex -150 191 1180
    endloop
  endfacet
  facet normal -1 0 0
    outer loop
      vertex -150 1.06066 680.561
      vertex -150 54.341 651.191
      vertex -150 41.2204 655.885
    endloop
  endfacet
  facet normal -1 0 0
    outer loop
      vertex -150 1.29904 680.25
      vertex -150 41.2204 655.885
      vertex -150 27.7028 659.271
    endloop
  endfacet
  facet normal -1 0 0
    outer loop
      vertex -150 1.5 679.5
      vertex -150 27.7028 659.271
      vertex -150 13.9184 661.316
    endloop
  endfacet
  facet normal -1 0 0
    outer loop
      vertex -150 27.7028 659.271
      vertex -150 1.5 679.5
      vertex -150 1.44889 679.888
    endloop
  endfacet
  facet normal -1 0 0
    outer loop
      vertex -150 27.7028 659.271
      vertex -150 1.44889 679.888
      vertex -150 1.29904 680.25
    endloop
  endfacet
  facet normal -1 0 0
    outer loop
      vertex -150 41.2204 655.885
      vertex -150 1.29904 680.25
      vertex -150 1.06066 680.561
    endloop
  endfacet
  facet normal -1 0 0
    outer loop
      vertex -150 54.341 651.191
      vertex -150 1.06066 680.561
      vertex -150 0.75 680.799
    endloop
  endfacet
  facet normal -1 0 0
    outer loop
      vertex -150 54.341 651.191
      vertex -150 0.75 680.799
      vertex -150 191 1180
    endloop
  endfacet
  facet normal -1 0 0
    outer loop
      vertex -150 0.388228 680.949
      vertex -150 191 1180
      vertex -150 0.75 680.799
    endloop
  endfacet
  facet normal -1 0 0
    outer loop
      vertex -150 0 681
      vertex -150 191 1180
      vertex -150 0.388228 680.949
    endloop
  endfacet
  facet normal -1 0 0
    outer loop
      vertex -150 -210 1180
      vertex -150 0 681
      vertex -150 -0.388228 680.949
    endloop
  endfacet
  facet normal -1 0 0
    outer loop
      vertex -150 -210 1180
      vertex -150 -0.388228 680.949
      vertex -150 -0.75 680.799
    endloop
  endfacet
  facet normal -1 0 0
    outer loop
      vertex -150 -54.341 651.191
      vertex -150 -0.75 680.799
      vertex -150 -1.06066 680.561
    endloop
  endfacet
  facet normal -1 0 0
    outer loop
      vertex -150 -41.2204 655.885
      vertex -150 -1.06066 680.561
      vertex -150 -1.29904 680.25
    endloop
  endfacet
  facet normal -1 0 0
    outer loop
      vertex -150 -27.7028 659.271
      vertex -150 -1.29904 680.25
      vertex -150 -1.44889 679.888
    endloop
  endfacet
  facet normal -1 0 0
    outer loop
      vertex -150 -27.7028 659.271
      vertex -150 -1.5 679.5
      vertex -150 -13.9184 661.316
    endloop
  endfacet
  facet normal -1 -0 0
    outer loop
      vertex -150 -1.5 679.5
      vertex -150 -27.7028 659.271
      vertex -150 -1.44889 679.888
    endloop
  endfacet
  facet normal -1 0 0
    outer loop
      vertex -150 -1.29904 680.25
      vertex -150 -27.7028 659.271
      vertex -150 -41.2204 655.885
    endloop
  endfacet
  facet normal -1 0 0
    outer loop
      vertex -150 -1.06066 680.561
      vertex -150 -41.2204 655.885
      vertex -150 -54.341 651.191
    endloop
  endfacet
  facet normal -1 -0 0
    outer loop
      vertex -150 -0.75 680.799
      vertex -150 -54.341 651.191
      vertex -150 -210 1180
    endloop
  endfacet
  facet normal -1 0 0
    outer loop
      vertex -150 -112.784 634.284
      vertex -150 -54.341 651.191
      vertex -150 -66.9383 645.233
    endloop
  endfacet
  facet normal -1 0 0
    outer loop
      vertex -150 -112.395 634.232
      vertex -150 -66.9383 645.233
      vertex -150 -78.891 638.069
    endloop
  endfacet
  facet normal -1 0 0
    outer loop
      vertex -150 -111.723 633.844
      vertex -150 -78.891 638.069
      vertex -150 -90.0838 629.767
    endloop
  endfacet
  facet normal -1 0 0
    outer loop
      vertex -150 -111.284 632.784
      vertex -150 -90.0838 629.767
      vertex -150 -100.409 620.409
    endloop
  endfacet
  facet normal -1 0 0
    outer loop
      vertex -150 -112.395 631.335
      vertex -150 -100.409 620.409
      vertex -150 -109.767 610.084
    endloop
  endfacet
  facet normal -1 0 0
    outer loop
      vertex -150 -90.0838 629.767
      vertex -150 -111.284 632.784
      vertex -150 -111.335 633.172
    endloop
  endfacet
  facet normal -1 0 0
    outer loop
      vertex -150 -90.0838 629.767
      vertex -150 -111.335 633.172
      vertex -150 -111.484 633.534
    endloop
  endfacet
  facet normal -1 0 0
    outer loop
      vertex -150 -90.0838 629.767
      vertex -150 -111.484 633.534
      vertex -150 -111.723 633.844
    endloop
  endfacet
  facet normal -1 0 0
    outer loop
      vertex -150 -78.891 638.069
      vertex -150 -111.723 633.844
      vertex -150 -112.034 634.083
    endloop
  endfacet
  facet normal -1 0 0
    outer loop
      vertex -150 -78.891 638.069
      vertex -150 -112.034 634.083
      vertex -150 -112.395 634.232
    endloop
  endfacet
  facet normal -1 0 0
    outer loop
      vertex -150 -66.9383 645.233
      vertex -150 -112.395 634.232
      vertex -150 -112.784 634.284
    endloop
  endfacet
  facet normal -1 0 0
    outer loop
      vertex -150 -54.341 651.191
      vertex -150 -112.784 634.284
      vertex -150 -113.172 634.232
    endloop
  endfacet
  facet normal -1 -0 0
    outer loop
      vertex -150 -54.341 651.191
      vertex -150 -113.172 634.232
      vertex -150 -210 1180
    endloop
  endfacet
  facet normal -1 0 0
    outer loop
      vertex -150 -210 1180
      vertex -150 -113.172 634.232
      vertex -150 -113.534 634.083
    endloop
  endfacet
  facet normal -1 0 0
    outer loop
      vertex -150 -210 1180
      vertex -150 -113.534 634.083
      vertex -150 -113.844 633.844
    endloop
  endfacet
  facet normal -1 0 0
    outer loop
      vertex -150 -210 1180
      vertex -150 -113.844 633.844
      vertex -150 -114.083 633.534
    endloop
  endfacet
  facet normal -1 -0 0
    outer loop
      vertex -150 -114.232 632.395
      vertex -150 -125.233 586.938
      vertex -150 -114.284 632.784
    endloop
  endfacet
  facet normal -1 0 0
    outer loop
      vertex -150 -131.191 574.341
      vertex -150 -114.284 632.784
      vertex -150 -125.233 586.938
    endloop
  endfacet
  facet normal -1 -0 0
    outer loop
      vertex -150 -114.284 632.784
      vertex -150 -131.191 574.341
      vertex -150 -114.232 633.172
    endloop
  endfacet
  facet normal -1 0 0
    outer loop
      vertex -150 -160.561 521.061
      vertex -150 -131.191 574.341
      vertex -150 -135.886 561.22
    endloop
  endfacet
  facet normal -1 0 0
    outer loop
      vertex -150 -158.051 520.388
      vertex -150 -142 520
      vertex -150 -158 520
    endloop
  endfacet
  facet normal -1 0 0
    outer loop
      vertex -150 -158.201 520.75
      vertex -150 -142 520
      vertex -150 -158.051 520.388
    endloop
  endfacet
  facet normal -1 0 0
    outer loop
      vertex -150 -142 520
      vertex -150 -158.201 520.75
      vertex -150 -141.316 533.918
    endloop
  endfacet
  facet normal -1 0 0
    outer loop
      vertex -150 -158.439 521.061
      vertex -150 -141.316 533.918
      vertex -150 -158.201 520.75
    endloop
  endfacet
  facet normal -1 0 0
    outer loop
      vertex -150 -158.75 521.299
      vertex -150 -141.316 533.918
      vertex -150 -158.439 521.061
    endloop
  endfacet
  facet normal -1 0 0
    outer loop
      vertex -150 -159.112 521.449
      vertex -150 -141.316 533.918
      vertex -150 -158.75 521.299
    endloop
  endfacet
  facet normal -1 0 0
    outer loop
      vertex -150 -159.5 521.5
      vertex -150 -141.316 533.918
      vertex -150 -159.112 521.449
    endloop
  endfacet
  facet normal -1 -0 0
    outer loop
      vertex -150 -141.316 533.918
      vertex -150 -159.5 521.5
      vertex -150 -139.272 547.703
    endloop
  endfacet
  facet normal -1 0 0
    outer loop
      vertex -150 -159.888 521.449
      vertex -150 -139.272 547.703
      vertex -150 -159.5 521.5
    endloop
  endfacet
  facet normal -1 0 0
    outer loop
      vertex -150 -160.25 521.299
      vertex -150 -139.272 547.703
      vertex -150 -159.888 521.449
    endloop
  endfacet
  facet normal -1 -0 0
    outer loop
      vertex -150 -139.272 547.703
      vertex -150 -160.25 521.299
      vertex -150 -135.886 561.22
    endloop
  endfacet
  facet normal -1 0 0
    outer loop
      vertex -150 -160.561 521.061
      vertex -150 -135.886 561.22
      vertex -150 -160.25 521.299
    endloop
  endfacet
  facet normal -1 0 0
    outer loop
      vertex -150 -160.799 520.75
      vertex -150 -131.191 574.341
      vertex -150 -160.561 521.061
    endloop
  endfacet
  facet normal -1 -0 0
    outer loop
      vertex -150 -131.191 574.341
      vertex -150 -160.799 520.75
      vertex -150 -114.232 633.172
    endloop
  endfacet
  facet normal -1 0 0
    outer loop
      vertex -150 0 681
      vertex -150 -210 1180
      vertex -150 191 1180
    endloop
  endfacet
  facet normal -1 0 0
    outer loop
      vertex -150 -114.232 633.172
      vertex -150 -210 1180
      vertex -150 -114.083 633.534
    endloop
  endfacet
  facet normal -1 0 0
    outer loop
      vertex -150 -160.799 520.75
      vertex -150 -210 1180
      vertex -150 -114.232 633.172
    endloop
  endfacet
  facet normal -1 0 0
    outer loop
      vertex -150 -160.949 520.388
      vertex -150 -210 1180
      vertex -150 -160.799 520.75
    endloop
  endfacet
  facet normal -1 0 0
    outer loop
      vertex -150 -161 520
      vertex -150 -210 1180
      vertex -150 -160.949 520.388
    endloop
  endfacet
  facet normal -1 0 0
    outer loop
      vertex -150 -210 1180
      vertex -150 -161 520
      vertex -150 -210 0
    endloop
  endfacet
  facet normal -1 0 0
    outer loop
      vertex -150 125.233 453.062
      vertex -150 114.232 407.605
      vertex -150 118.069 441.109
    endloop
  endfacet
  facet normal -1 0 0
    outer loop
      vertex -150 114.083 407.966
      vertex -150 118.069 441.109
      vertex -150 114.232 407.605
    endloop
  endfacet
  facet normal -1 0 0
    outer loop
      vertex -150 113.844 408.277
      vertex -150 118.069 441.109
      vertex -150 114.083 407.966
    endloop
  endfacet
  facet normal -1 0 0
    outer loop
      vertex -150 109.767 429.916
      vertex -150 113.844 408.277
      vertex -150 113.534 408.516
    endloop
  endfacet
  facet normal -1 0 0
    outer loop
      vertex -150 109.767 429.916
      vertex -150 113.534 408.516
      vertex -150 113.172 408.665
    endloop
  endfacet
  facet normal -1 0 0
    outer loop
      vertex -150 109.767 429.916
      vertex -150 113.172 408.665
      vertex -150 112.784 408.716
    endloop
  endfacet
  facet normal -1 0 0
    outer loop
      vertex -150 109.767 429.916
      vertex -150 112.784 408.716
      vertex -150 112.395 408.665
    endloop
  endfacet
  facet normal -1 0 0
    outer loop
      vertex -150 100.409 419.591
      vertex -150 112.395 408.665
      vertex -150 112.034 408.516
    endloop
  endfacet
  facet normal -1 0 0
    outer loop
      vertex -150 100.409 419.591
      vertex -150 112.034 408.516
      vertex -150 111.723 408.277
    endloop
  endfacet
  facet normal -1 0 0
    outer loop
      vertex -150 100.409 419.591
      vertex -150 111.723 408.277
      vertex -150 111.484 407.966
    endloop
  endfacet
  facet normal -1 0 0
    outer loop
      vertex -150 100.409 419.591
      vertex -150 111.484 407.966
      vertex -150 111.335 407.605
    endloop
  endfacet
  facet normal -1 0 0
    outer loop
      vertex -150 113.844 408.277
      vertex -150 109.767 429.916
      vertex -150 118.069 441.109
    endloop
  endfacet
  facet normal -1 0 0
    outer loop
      vertex -150 100.409 419.591
      vertex -150 111.335 407.605
      vertex -150 111.284 407.216
    endloop
  endfacet
  facet normal 0.803015 0.595959 0
    outer loop
      vertex 146.798 201.556 1180
      vertex 145.687 203.053 0
      vertex 145.687 203.053 1180
    endloop
  endfacet
  facet normal 0.803015 0.595959 0
    outer loop
      vertex 145.687 203.053 0
      vertex 146.798 201.556 1180
      vertex 146.798 201.556 0
    endloop
  endfacet
  facet normal 0 -1 0
    outer loop
      vertex -150 -210 0
      vertex 150 -210 1180
      vertex -150 -210 1180
    endloop
  endfacet
  facet normal 0 -1 -0
    outer loop
      vertex 150 -210 1180
      vertex -150 -210 0
      vertex 150 -210 0
    endloop
  endfacet
  facet normal 0 1 0
    outer loop
      vertex 131 210 1180
      vertex 0 210 1154.95
      vertex -131 210 1180
    endloop
  endfacet
  facet normal 0 1 0
    outer loop
      vertex 131 210 1180
      vertex 8.81664 210 1154.52
      vertex 0 210 1154.95
    endloop
  endfacet
  facet normal 0 1 0
    outer loop
      vertex 131 210 1180
      vertex 17.5484 210 1153.22
      vertex 8.81664 210 1154.52
    endloop
  endfacet
  facet normal 0 1 0
    outer loop
      vertex 131 210 1180
      vertex 26.1111 210 1151.08
      vertex 17.5484 210 1153.22
    endloop
  endfacet
  facet normal 0 1 0
    outer loop
      vertex 131 210 1180
      vertex 34.4224 210 1148.1
      vertex 26.1111 210 1151.08
    endloop
  endfacet
  facet normal 0 1 0
    outer loop
      vertex 131 210 1180
      vertex 42.4021 210 1144.33
      vertex 34.4224 210 1148.1
    endloop
  endfacet
  facet normal 0 1 0
    outer loop
      vertex 131 210 1180
      vertex 49.9735 210 1139.79
      vertex 42.4021 210 1144.33
    endloop
  endfacet
  facet normal 0 1 0
    outer loop
      vertex 131 210 1180
      vertex 57.0637 210 1134.53
      vertex 49.9735 210 1139.79
    endloop
  endfacet
  facet normal 0 1 0
    outer loop
      vertex 131 210 1180
      vertex 63.6043 210 1128.6
      vertex 57.0637 210 1134.53
    endloop
  endfacet
  facet normal 0 1 0
    outer loop
      vertex 131 210 1180
      vertex 69.5323 210 1122.06
      vertex 63.6043 210 1128.6
    endloop
  endfacet
  facet normal 0 1 0
    outer loop
      vertex 131 210 1180
      vertex 74.7907 210 1114.97
      vertex 69.5323 210 1122.06
    endloop
  endfacet
  facet normal 0 1 0
    outer loop
      vertex 131 210 1180
      vertex 79.3288 210 1107.4
      vertex 74.7907 210 1114.97
    endloop
  endfacet
  facet normal 0 1 0
    outer loop
      vertex 131 210 1180
      vertex 83.103 210 1099.42
      vertex 79.3288 210 1107.4
    endloop
  endfacet
  facet normal 0 1 0
    outer loop
      vertex 131 210 1180
      vertex 86.0768 210 1091.11
      vertex 83.103 210 1099.42
    endloop
  endfacet
  facet normal 0 1 0
    outer loop
      vertex 131 210 1180
      vertex 88.2216 210 1082.55
      vertex 86.0768 210 1091.11
    endloop
  endfacet
  facet normal 0 1 0
    outer loop
      vertex 131 210 1180
      vertex 89.5169 210 1073.82
      vertex 88.2216 210 1082.55
    endloop
  endfacet
  facet normal 0 1 0
    outer loop
      vertex 131 210 1180
      vertex 89.95 210 1065
      vertex 89.5169 210 1073.82
    endloop
  endfacet
  facet normal 0 1 -0
    outer loop
      vertex 120.576 210 970.972
      vertex 89.95 210 1065
      vertex 131 210 1180
    endloop
  endfacet
  facet normal -0 1 -0
    outer loop
      vertex 120.342 210 971.288
      vertex 89.95 210 1065
      vertex 120.576 210 970.972
    endloop
  endfacet
  facet normal -0 1 -0
    outer loop
      vertex 120.078 210 971.578
      vertex 89.5169 210 1056.18
      vertex 120.342 210 971.288
    endloop
  endfacet
  facet normal 0 1 0
    outer loop
      vertex 8.81664 210 975.483
      vertex 117.25 210 972.75
      vertex 0 210 975.05
    endloop
  endfacet
  facet normal 0 1 0
    outer loop
      vertex 17.5484 210 976.778
      vertex 117.25 210 972.75
      vertex 8.81664 210 975.483
    endloop
  endfacet
  facet normal 0 1 0
    outer loop
      vertex 26.1111 210 978.923
      vertex 117.25 210 972.75
      vertex 17.5484 210 976.778
    endloop
  endfacet
  facet normal 0 1 0
    outer loop
      vertex 34.4224 210 981.897
      vertex 117.25 210 972.75
      vertex 26.1111 210 978.923
    endloop
  endfacet
  facet normal 0 1 0
    outer loop
      vertex 42.4021 210 985.671
      vertex 117.25 210 972.75
      vertex 34.4224 210 981.897
    endloop
  endfacet
  facet normal 0 1 0
    outer loop
      vertex 49.9735 210 990.209
      vertex 117.25 210 972.75
      vertex 42.4021 210 985.671
    endloop
  endfacet
  facet normal 0 1 0
    outer loop
      vertex 57.0637 210 995.468
      vertex 117.25 210 972.75
      vertex 49.9735 210 990.209
    endloop
  endfacet
  facet normal 0 1 0
    outer loop
      vertex 63.6043 210 1001.4
      vertex 117.25 210 972.75
      vertex 57.0637 210 995.468
    endloop
  endfacet
  facet normal 0 1 0
    outer loop
      vertex 69.5323 210 1007.94
      vertex 117.25 210 972.75
      vertex 63.6043 210 1001.4
    endloop
  endfacet
  facet normal 0 1 0
    outer loop
      vertex 74.7907 210 1015.03
      vertex 117.25 210 972.75
      vertex 69.5323 210 1007.94
    endloop
  endfacet
  facet normal 0 1 0
    outer loop
      vertex 79.3288 210 1022.6
      vertex 117.25 210 972.75
      vertex 74.7907 210 1015.03
    endloop
  endfacet
  facet normal 0 1 0
    outer loop
      vertex 83.103 210 1030.58
      vertex 117.25 210 972.75
      vertex 79.3288 210 1022.6
    endloop
  endfacet
  facet normal 0 1 0
    outer loop
      vertex 118.03 210 972.673
      vertex 83.103 210 1030.58
      vertex 86.0768 210 1038.89
    endloop
  endfacet
  facet normal -0 1 -0
    outer loop
      vertex 119.788 210 971.842
      vertex 89.5169 210 1056.18
      vertex 120.078 210 971.578
    endloop
  endfacet
  facet normal 0 1 0
    outer loop
      vertex 83.103 210 1030.58
      vertex 117.642 210 972.731
      vertex 117.25 210 972.75
    endloop
  endfacet
  facet normal 0 1 0
    outer loop
      vertex 83.103 210 1030.58
      vertex 118.03 210 972.673
      vertex 117.642 210 972.731
    endloop
  endfacet
  facet normal 0 1 0
    outer loop
      vertex 86.0768 210 1038.89
      vertex 118.411 210 972.578
      vertex 118.03 210 972.673
    endloop
  endfacet
  facet normal 0 1 0
    outer loop
      vertex 86.0768 210 1038.89
      vertex 118.781 210 972.445
      vertex 118.411 210 972.578
    endloop
  endfacet
  facet normal 0 1 0
    outer loop
      vertex 86.0768 210 1038.89
      vertex 119.136 210 972.278
      vertex 118.781 210 972.445
    endloop
  endfacet
  facet normal 0 1 0
    outer loop
      vertex 88.2216 210 1047.45
      vertex 119.136 210 972.278
      vertex 86.0768 210 1038.89
    endloop
  endfacet
  facet normal -0 1 -0
    outer loop
      vertex 119.136 210 972.278
      vertex 88.2216 210 1047.45
      vertex 119.472 210 972.076
    endloop
  endfacet
  facet normal -0 1 -0
    outer loop
      vertex 119.472 210 972.076
      vertex 88.2216 210 1047.45
      vertex 119.788 210 971.842
    endloop
  endfacet
  facet normal 0 1 0
    outer loop
      vertex 89.5169 210 1056.18
      vertex 119.788 210 971.842
      vertex 88.2216 210 1047.45
    endloop
  endfacet
  facet normal 0 1 0
    outer loop
      vertex 89.95 210 1065
      vertex 120.342 210 971.288
      vertex 89.5169 210 1056.18
    endloop
  endfacet
  facet normal 0 1 0
    outer loop
      vertex 131 210 1180
      vertex 120.778 210 970.636
      vertex 120.576 210 970.972
    endloop
  endfacet
  facet normal 0 1 0
    outer loop
      vertex 131 210 1180
      vertex 120.946 210 970.281
      vertex 120.778 210 970.636
    endloop
  endfacet
  facet normal 0 1 0
    outer loop
      vertex 131 210 1180
      vertex 121.078 210 969.911
      vertex 120.946 210 970.281
    endloop
  endfacet
  facet normal 0 1 0
    outer loop
      vertex 131 210 1180
      vertex 121.173 210 969.53
      vertex 121.078 210 969.911
    endloop
  endfacet
  facet normal 0 1 0
    outer loop
      vertex 131 210 1180
      vertex 121.231 210 969.142
      vertex 121.173 210 969.53
    endloop
  endfacet
  facet normal 0 1 0
    outer loop
      vertex 131 210 1180
      vertex 121.25 210 968.75
      vertex 121.231 210 969.142
    endloop
  endfacet
  facet normal 0 1 0
    outer loop
      vertex 131 210 1180
      vertex 121.25 210 833.25
      vertex 121.25 210 968.75
    endloop
  endfacet
  facet normal 0 1 0
    outer loop
      vertex 117.25 210 829.25
      vertex 131 210 0
      vertex -117.25 210 829.25
    endloop
  endfacet
  facet normal 0 1 0
    outer loop
      vertex 117.642 210 829.269
      vertex 131 210 0
      vertex 117.25 210 829.25
    endloop
  endfacet
  facet normal 0 1 0
    outer loop
      vertex 118.03 210 829.327
      vertex 131 210 0
      vertex 117.642 210 829.269
    endloop
  endfacet
  facet normal 0 1 0
    outer loop
      vertex 118.411 210 829.422
      vertex 131 210 0
      vertex 118.03 210 829.327
    endloop
  endfacet
  facet normal 0 1 0
    outer loop
      vertex 118.781 210 829.555
      vertex 131 210 0
      vertex 118.411 210 829.422
    endloop
  endfacet
  facet normal 0 1 0
    outer loop
      vertex 119.136 210 829.722
      vertex 131 210 0
      vertex 118.781 210 829.555
    endloop
  endfacet
  facet normal 0 1 0
    outer loop
      vertex 119.472 210 829.924
      vertex 131 210 0
      vertex 119.136 210 829.722
    endloop
  endfacet
  facet normal 0 1 0
    outer loop
      vertex 119.788 210 830.158
      vertex 131 210 0
      vertex 119.472 210 829.924
    endloop
  endfacet
  facet normal 0 1 0
    outer loop
      vertex 120.078 210 830.422
      vertex 131 210 0
      vertex 119.788 210 830.158
    endloop
  endfacet
  facet normal 0 1 0
    outer loop
      vertex 120.342 210 830.712
      vertex 131 210 0
      vertex 120.078 210 830.422
    endloop
  endfacet
  facet normal 0 1 0
    outer loop
      vertex 120.576 210 831.028
      vertex 131 210 0
      vertex 120.342 210 830.712
    endloop
  endfacet
  facet normal 0 1 0
    outer loop
      vertex 120.778 210 831.364
      vertex 131 210 0
      vertex 120.576 210 831.028
    endloop
  endfacet
  facet normal 0 1 0
    outer loop
      vertex 120.946 210 831.719
      vertex 131 210 0
      vertex 120.778 210 831.364
    endloop
  endfacet
  facet normal 0 1 0
    outer loop
      vertex 121.078 210 832.089
      vertex 131 210 0
      vertex 120.946 210 831.719
    endloop
  endfacet
  facet normal 0 1 0
    outer loop
      vertex 121.173 210 832.47
      vertex 131 210 0
      vertex 121.078 210 832.089
    endloop
  endfacet
  facet normal 0 1 0
    outer loop
      vertex 121.231 210 832.858
      vertex 131 210 0
      vertex 121.173 210 832.47
    endloop
  endfacet
  facet normal 0 1 0
    outer loop
      vertex 121.25 210 833.25
      vertex 131 210 0
      vertex 121.231 210 832.858
    endloop
  endfacet
  facet normal 0 1 -0
    outer loop
      vertex 131 210 0
      vertex 121.25 210 833.25
      vertex 131 210 1180
    endloop
  endfacet
  facet normal 0 1 -0
    outer loop
      vertex -8.81664 210 1154.52
      vertex -131 210 1180
      vertex 0 210 1154.95
    endloop
  endfacet
  facet normal 0 1 -0
    outer loop
      vertex -17.5484 210 1153.22
      vertex -131 210 1180
      vertex -8.81664 210 1154.52
    endloop
  endfacet
  facet normal 0 1 -0
    outer loop
      vertex -26.1111 210 1151.08
      vertex -131 210 1180
      vertex -17.5484 210 1153.22
    endloop
  endfacet
  facet normal 0 1 -0
    outer loop
      vertex -34.4224 210 1148.1
      vertex -131 210 1180
      vertex -26.1111 210 1151.08
    endloop
  endfacet
  facet normal 0 1 -0
    outer loop
      vertex -42.4021 210 1144.33
      vertex -131 210 1180
      vertex -34.4224 210 1148.1
    endloop
  endfacet
  facet normal 0 1 -0
    outer loop
      vertex -49.9735 210 1139.79
      vertex -131 210 1180
      vertex -42.4021 210 1144.33
    endloop
  endfacet
  facet normal 0 1 -0
    outer loop
      vertex -57.0637 210 1134.53
      vertex -131 210 1180
      vertex -49.9735 210 1139.79
    endloop
  endfacet
  facet normal 0 1 -0
    outer loop
      vertex -63.6043 210 1128.6
      vertex -131 210 1180
      vertex -57.0637 210 1134.53
    endloop
  endfacet
  facet normal 0 1 -0
    outer loop
      vertex -69.5323 210 1122.06
      vertex -131 210 1180
      vertex -63.6043 210 1128.6
    endloop
  endfacet
  facet normal 0 1 -0
    outer loop
      vertex -74.7907 210 1114.97
      vertex -131 210 1180
      vertex -69.5323 210 1122.06
    endloop
  endfacet
  facet normal 0 1 -0
    outer loop
      vertex -79.3288 210 1107.4
      vertex -131 210 1180
      vertex -74.7907 210 1114.97
    endloop
  endfacet
  facet normal 0 1 -0
    outer loop
      vertex -83.103 210 1099.42
      vertex -131 210 1180
      vertex -79.3288 210 1107.4
    endloop
  endfacet
  facet normal 0 1 -0
    outer loop
      vertex -86.0768 210 1091.11
      vertex -131 210 1180
      vertex -83.103 210 1099.42
    endloop
  endfacet
  facet normal 0 1 -0
    outer loop
      vertex -88.2216 210 1082.55
      vertex -131 210 1180
      vertex -86.0768 210 1091.11
    endloop
  endfacet
  facet normal 0 1 -0
    outer loop
      vertex -89.5169 210 1073.82
      vertex -131 210 1180
      vertex -88.2216 210 1082.55
    endloop
  endfacet
  facet normal 0 1 -0
    outer loop
      vertex -89.95 210 1065
      vertex -131 210 1180
      vertex -89.5169 210 1073.82
    endloop
  endfacet
  facet normal 0 1 0
    outer loop
      vertex -120.342 210 971.288
      vertex -89.95 210 1065
      vertex -89.5169 210 1056.18
    endloop
  endfacet
  facet normal 0 1 0
    outer loop
      vertex -119.788 210 971.842
      vertex -89.5169 210 1056.18
      vertex -88.2216 210 1047.45
    endloop
  endfacet
  facet normal 0 1 0
    outer loop
      vertex -119.136 210 972.278
      vertex -88.2216 210 1047.45
      vertex -86.0768 210 1038.89
    endloop
  endfacet
  facet normal 0 1 0
    outer loop
      vertex -117.25 210 972.75
      vertex 0 210 975.05
      vertex 117.25 210 972.75
    endloop
  endfacet
  facet normal 0 1 0
    outer loop
      vertex -117.25 210 972.75
      vertex -8.81664 210 975.483
      vertex 0 210 975.05
    endloop
  endfacet
  facet normal 0 1 0
    outer loop
      vertex -117.25 210 972.75
      vertex -17.5484 210 976.778
      vertex -8.81664 210 975.483
    endloop
  endfacet
  facet normal 0 1 0
    outer loop
      vertex -117.25 210 972.75
      vertex -26.1111 210 978.923
      vertex -17.5484 210 976.778
    endloop
  endfacet
  facet normal 0 1 0
    outer loop
      vertex -117.25 210 972.75
      vertex -34.4224 210 981.897
      vertex -26.1111 210 978.923
    endloop
  endfacet
  facet normal 0 1 0
    outer loop
      vertex -117.25 210 972.75
      vertex -42.4021 210 985.671
      vertex -34.4224 210 981.897
    endloop
  endfacet
  facet normal 0 1 0
    outer loop
      vertex -117.25 210 972.75
      vertex -49.9735 210 990.209
      vertex -42.4021 210 985.671
    endloop
  endfacet
  facet normal 0 1 0
    outer loop
      vertex -117.25 210 972.75
      vertex -57.0637 210 995.468
      vertex -49.9735 210 990.209
    endloop
  endfacet
  facet normal 0 1 0
    outer loop
      vertex -117.25 210 972.75
      vertex -63.6043 210 1001.4
      vertex -57.0637 210 995.468
    endloop
  endfacet
  facet normal 0 1 0
    outer loop
      vertex -117.25 210 972.75
      vertex -69.5323 210 1007.94
      vertex -63.6043 210 1001.4
    endloop
  endfacet
  facet normal 0 1 0
    outer loop
      vertex -117.25 210 972.75
      vertex -74.7907 210 1015.03
      vertex -69.5323 210 1007.94
    endloop
  endfacet
  facet normal 0 1 0
    outer loop
      vertex -117.25 210 972.75
      vertex -79.3288 210 1022.6
      vertex -74.7907 210 1015.03
    endloop
  endfacet
  facet normal 0 1 0
    outer loop
      vertex -117.25 210 972.75
      vertex -83.103 210 1030.58
      vertex -79.3288 210 1022.6
    endloop
  endfacet
  facet normal 0 1 0
    outer loop
      vertex -117.642 210 972.731
      vertex -83.103 210 1030.58
      vertex -117.25 210 972.75
    endloop
  endfacet
  facet normal 0 1 0
    outer loop
      vertex -118.03 210 972.673
      vertex -83.103 210 1030.58
      vertex -117.642 210 972.731
    endloop
  endfacet
  facet normal 0 1 0
    outer loop
      vertex -83.103 210 1030.58
      vertex -118.03 210 972.673
      vertex -86.0768 210 1038.89
    endloop
  endfacet
  facet normal 0 1 0
    outer loop
      vertex -118.411 210 972.578
      vertex -86.0768 210 1038.89
      vertex -118.03 210 972.673
    endloop
  endfacet
  facet normal 0 1 0
    outer loop
      vertex -118.781 210 972.445
      vertex -86.0768 210 1038.89
      vertex -118.411 210 972.578
    endloop
  endfacet
  facet normal 0 1 0
    outer loop
      vertex -119.136 210 972.278
      vertex -86.0768 210 1038.89
      vertex -118.781 210 972.445
    endloop
  endfacet
  facet normal 0 1 0
    outer loop
      vertex -88.2216 210 1047.45
      vertex -119.136 210 972.278
      vertex -119.472 210 972.076
    endloop
  endfacet
  facet normal 0 1 0
    outer loop
      vertex -88.2216 210 1047.45
      vertex -119.472 210 972.076
      vertex -119.788 210 971.842
    endloop
  endfacet
  facet normal 0 1 0
    outer loop
      vertex -89.5169 210 1056.18
      vertex -119.788 210 971.842
      vertex -120.078 210 971.578
    endloop
  endfacet
  facet normal 0 1 0
    outer loop
      vertex -89.5169 210 1056.18
      vertex -120.078 210 971.578
      vertex -120.342 210 971.288
    endloop
  endfacet
  facet normal 0 1 0
    outer loop
      vertex -89.95 210 1065
      vertex -120.342 210 971.288
      vertex -120.576 210 970.972
    endloop
  endfacet
  facet normal 0 1 0
    outer loop
      vertex -89.95 210 1065
      vertex -120.576 210 970.972
      vertex -131 210 1180
    endloop
  endfacet
  facet normal 0 1 -0
    outer loop
      vertex -120.778 210 970.636
      vertex -131 210 1180
      vertex -120.576 210 970.972
    endloop
  endfacet
  facet normal 0 1 -0
    outer loop
      vertex -120.946 210 970.281
      vertex -131 210 1180
      vertex -120.778 210 970.636
    endloop
  endfacet
  facet normal 0 1 -0
    outer loop
      vertex -121.078 210 969.911
      vertex -131 210 1180
      vertex -120.946 210 970.281
    endloop
  endfacet
  facet normal 0 1 -0
    outer loop
      vertex -121.173 210 969.53
      vertex -131 210 1180
      vertex -121.078 210 969.911
    endloop
  endfacet
  facet normal 0 1 -0
    outer loop
      vertex -121.231 210 969.142
      vertex -131 210 1180
      vertex -121.173 210 969.53
    endloop
  endfacet
  facet normal 0 1 -0
    outer loop
      vertex -121.25 210 968.75
      vertex -131 210 1180
      vertex -121.231 210 969.142
    endloop
  endfacet
  facet normal 0 1 -0
    outer loop
      vertex -121.25 210 833.25
      vertex -131 210 1180
      vertex -121.25 210 968.75
    endloop
  endfacet
  facet normal 0 1 0
    outer loop
      vertex -131 210 0
      vertex -117.25 210 829.25
      vertex 131 210 0
    endloop
  endfacet
  facet normal 0 1 0
    outer loop
      vertex -117.25 210 829.25
      vertex -131 210 0
      vertex -117.642 210 829.269
    endloop
  endfacet
  facet normal 0 1 0
    outer loop
      vertex -117.642 210 829.269
      vertex -131 210 0
      vertex -118.03 210 829.327
    endloop
  endfacet
  facet normal 0 1 0
    outer loop
      vertex -118.03 210 829.327
      vertex -131 210 0
      vertex -118.411 210 829.422
    endloop
  endfacet
  facet normal 0 1 0
    outer loop
      vertex -118.411 210 829.422
      vertex -131 210 0
      vertex -118.781 210 829.555
    endloop
  endfacet
  facet normal 0 1 0
    outer loop
      vertex -118.781 210 829.555
      vertex -131 210 0
      vertex -119.136 210 829.722
    endloop
  endfacet
  facet normal 0 1 0
    outer loop
      vertex -119.136 210 829.722
      vertex -131 210 0
      vertex -119.472 210 829.924
    endloop
  endfacet
  facet normal 0 1 0
    outer loop
      vertex -119.472 210 829.924
      vertex -131 210 0
      vertex -119.788 210 830.158
    endloop
  endfacet
  facet normal 0 1 0
    outer loop
      vertex -119.788 210 830.158
      vertex -131 210 0
      vertex -120.078 210 830.422
    endloop
  endfacet
  facet normal 0 1 0
    outer loop
      vertex -120.078 210 830.422
      vertex -131 210 0
      vertex -120.342 210 830.712
    endloop
  endfacet
  facet normal 0 1 0
    outer loop
      vertex -120.342 210 830.712
      vertex -131 210 0
      vertex -120.576 210 831.028
    endloop
  endfacet
  facet normal 0 1 0
    outer loop
      vertex -120.576 210 831.028
      vertex -131 210 0
      vertex -120.778 210 831.364
    endloop
  endfacet
  facet normal 0 1 0
    outer loop
      vertex -120.778 210 831.364
      vertex -131 210 0
      vertex -120.946 210 831.719
    endloop
  endfacet
  facet normal 0 1 0
    outer loop
      vertex -121.25 210 833.25
      vertex -131 210 0
      vertex -131 210 1180
    endloop
  endfacet
  facet normal 0 1 0
    outer loop
      vertex -121.231 210 832.858
      vertex -131 210 0
      vertex -121.25 210 833.25
    endloop
  endfacet
  facet normal 0 1 0
    outer loop
      vertex -121.173 210 832.47
      vertex -131 210 0
      vertex -121.231 210 832.858
    endloop
  endfacet
  facet normal 0 1 0
    outer loop
      vertex -121.078 210 832.089
      vertex -131 210 0
      vertex -121.173 210 832.47
    endloop
  endfacet
  facet normal 0 1 0
    outer loop
      vertex -120.946 210 831.719
      vertex -131 210 0
      vertex -121.078 210 832.089
    endloop
  endfacet
  facet normal 0.941596 0.336744 0
    outer loop
      vertex 149.182 196.515 1180
      vertex 148.554 198.271 0
      vertex 148.554 198.271 1180
    endloop
  endfacet
  facet normal 0.941596 0.336744 0
    outer loop
      vertex 148.554 198.271 0
      vertex 149.182 196.515 1180
      vertex 149.182 196.515 0
    endloop
  endfacet
  facet normal 1 0 0
    outer loop
      vertex 150 -100.409 419.591
      vertex 150 -111.335 407.605
      vertex 150 -111.284 407.216
    endloop
  endfacet
  facet normal 1 0 0
    outer loop
      vertex 150 -100.409 419.591
      vertex 150 -111.484 407.966
      vertex 150 -111.335 407.605
    endloop
  endfacet
  facet normal 1 0 0
    outer loop
      vertex 150 -100.409 419.591
      vertex 150 -111.723 408.277
      vertex 150 -111.484 407.966
    endloop
  endfacet
  facet normal 1 0 0
    outer loop
      vertex 150 -100.409 419.591
      vertex 150 -112.034 408.516
      vertex 150 -111.723 408.277
    endloop
  endfacet
  facet normal 1 0 0
    outer loop
      vertex 150 -100.409 419.591
      vertex 150 -112.395 408.665
      vertex 150 -112.034 408.516
    endloop
  endfacet
  facet normal 1 0 0
    outer loop
      vertex 150 -109.767 429.916
      vertex 150 -112.784 408.716
      vertex 150 -112.395 408.665
    endloop
  endfacet
  facet normal 1 0 0
    outer loop
      vertex 150 -109.767 429.916
      vertex 150 -113.172 408.665
      vertex 150 -112.784 408.716
    endloop
  endfacet
  facet normal 1 0 0
    outer loop
      vertex 150 -109.767 429.916
      vertex 150 -113.534 408.516
      vertex 150 -113.172 408.665
    endloop
  endfacet
  facet normal 1 0 0
    outer loop
      vertex 150 -109.767 429.916
      vertex 150 -113.844 408.277
      vertex 150 -113.534 408.516
    endloop
  endfacet
  facet normal 1 0 0
    outer loop
      vertex 150 -118.069 441.109
      vertex 150 -113.844 408.277
      vertex 150 -109.767 429.916
    endloop
  endfacet
  facet normal 1 0 0
    outer loop
      vertex 150 -113.844 408.277
      vertex 150 -118.069 441.109
      vertex 150 -114.083 407.966
    endloop
  endfacet
  facet normal 1 0 0
    outer loop
      vertex 150 -125.233 453.062
      vertex 150 -114.232 407.605
      vertex 150 -118.069 441.109
    endloop
  endfacet
  facet normal 1 0 0
    outer loop
      vertex 150 -114.083 407.966
      vertex 150 -118.069 441.109
      vertex 150 -114.232 407.605
    endloop
  endfacet
  facet normal 1 -0 0
    outer loop
      vertex 150 -111.484 632.034
      vertex 150 -100.409 620.409
      vertex 150 -111.335 632.395
    endloop
  endfacet
  facet normal 1 -0 0
    outer loop
      vertex 150 -111.723 631.723
      vertex 150 -100.409 620.409
      vertex 150 -111.484 632.034
    endloop
  endfacet
  facet normal 1 -0 0
    outer loop
      vertex 150 -112.034 631.484
      vertex 150 -100.409 620.409
      vertex 150 -111.723 631.723
    endloop
  endfacet
  facet normal 1 -0 0
    outer loop
      vertex 150 -112.395 631.335
      vertex 150 -100.409 620.409
      vertex 150 -112.034 631.484
    endloop
  endfacet
  facet normal 1 0 0
    outer loop
      vertex 150 -100.409 620.409
      vertex 150 -112.395 631.335
      vertex 150 -109.767 610.084
    endloop
  endfacet
  facet normal 1 -0 0
    outer loop
      vertex 150 -112.784 631.284
      vertex 150 -109.767 610.084
      vertex 150 -112.395 631.335
    endloop
  endfacet
  facet normal 1 0 0
    outer loop
      vertex 150 -113.172 631.335
      vertex 150 -109.767 610.084
      vertex 150 -112.784 631.284
    endloop
  endfacet
  facet normal 1 0 0
    outer loop
      vertex 150 -113.534 631.484
      vertex 150 -109.767 610.084
      vertex 150 -113.172 631.335
    endloop
  endfacet
  facet normal 1 0 0
    outer loop
      vertex 150 -113.844 631.723
      vertex 150 -109.767 610.084
      vertex 150 -113.534 631.484
    endloop
  endfacet
  facet normal 1 0 0
    outer loop
      vertex 150 -118.069 598.891
      vertex 150 -113.844 631.723
      vertex 150 -114.083 632.034
    endloop
  endfacet
  facet normal 1 0 0
    outer loop
      vertex 150 -118.069 598.891
      vertex 150 -114.083 632.034
      vertex 150 -114.232 632.395
    endloop
  endfacet
  facet normal 1 0 0
    outer loop
      vertex 150 -113.844 631.723
      vertex 150 -118.069 598.891
      vertex 150 -109.767 610.084
    endloop
  endfacet
  facet normal 1 0 0
    outer loop
      vertex 150 -125.233 586.938
      vertex 150 -114.232 632.395
      vertex 150 -114.284 632.784
    endloop
  endfacet
  facet normal 1 0 0
    outer loop
      vertex 150 13.9184 378.684
      vertex 150 1.44889 360.888
      vertex 150 1.5 360.5
    endloop
  endfacet
  facet normal 1 0 0
    outer loop
      vertex 150 13.9184 378.684
      vertex 150 1.29904 361.25
      vertex 150 1.44889 360.888
    endloop
  endfacet
  facet normal 1 0 0
    outer loop
      vertex 150 13.9184 378.684
      vertex 150 1.06066 361.561
      vertex 150 1.29904 361.25
    endloop
  endfacet
  facet normal 1 0 0
    outer loop
      vertex 150 13.9184 378.684
      vertex 150 0.75 361.799
      vertex 150 1.06066 361.561
    endloop
  endfacet
  facet normal 1 -0 0
    outer loop
      vertex 150 0 378
      vertex 150 0.75 361.799
      vertex 150 13.9184 378.684
    endloop
  endfacet
  facet normal 1 0 0
    outer loop
      vertex 150 0.75 361.799
      vertex 150 0 378
      vertex 150 0.388228 361.949
    endloop
  endfacet
  facet normal 1 0 0
    outer loop
      vertex 150 0 378
      vertex 150 0 362
      vertex 150 0.388228 361.949
    endloop
  endfacet
  facet normal 1 0 0
    outer loop
      vertex 150 0 378
      vertex 150 -0.388228 361.949
      vertex 150 0 362
    endloop
  endfacet
  facet normal 1 0 0
    outer loop
      vertex 150 0 378
      vertex 150 -0.75 361.799
      vertex 150 -0.388228 361.949
    endloop
  endfacet
  facet normal 1 0 0
    outer loop
      vertex 150 0 378
      vertex 150 -1.06066 361.561
      vertex 150 -0.75 361.799
    endloop
  endfacet
  facet normal 1 0 0
    outer loop
      vertex 150 -13.9184 378.684
      vertex 150 -1.06066 361.561
      vertex 150 0 378
    endloop
  endfacet
  facet normal 1 0 0
    outer loop
      vertex 150 -1.06066 361.561
      vertex 150 -13.9184 378.684
      vertex 150 -1.29904 361.25
    endloop
  endfacet
  facet normal 1 0 0
    outer loop
      vertex 150 -1.29904 361.25
      vertex 150 -13.9184 378.684
      vertex 150 -1.44889 360.888
    endloop
  endfacet
  facet normal 1 0 0
    outer loop
      vertex 150 -1.44889 360.888
      vertex 150 -13.9184 378.684
      vertex 150 -1.5 360.5
    endloop
  endfacet
  facet normal 1 -0 0
    outer loop
      vertex 150 1.44889 679.112
      vertex 150 13.9184 661.316
      vertex 150 1.5 679.5
    endloop
  endfacet
  facet normal 1 -0 0
    outer loop
      vertex 150 1.29904 678.75
      vertex 150 13.9184 661.316
      vertex 150 1.44889 679.112
    endloop
  endfacet
  facet normal 1 -0 0
    outer loop
      vertex 150 1.06066 678.439
      vertex 150 13.9184 661.316
      vertex 150 1.29904 678.75
    endloop
  endfacet
  facet normal 1 -0 0
    outer loop
      vertex 150 0.75 678.201
      vertex 150 13.9184 661.316
      vertex 150 1.06066 678.439
    endloop
  endfacet
  facet normal 1 0 0
    outer loop
      vertex 150 0 662
      vertex 150 0.75 678.201
      vertex 150 0.388228 678.051
    endloop
  endfacet
  facet normal 1 0 0
    outer loop
      vertex 150 0 662
      vertex 150 0.388228 678.051
      vertex 150 0 678
    endloop
  endfacet
  facet normal 1 0 0
    outer loop
      vertex 150 0.75 678.201
      vertex 150 0 662
      vertex 150 13.9184 661.316
    endloop
  endfacet
  facet normal 1 0 0
    outer loop
      vertex 150 -0.388228 678.051
      vertex 150 0 662
      vertex 150 0 678
    endloop
  endfacet
  facet normal 1 0 0
    outer loop
      vertex 150 -0.75 678.201
      vertex 150 0 662
      vertex 150 -0.388228 678.051
    endloop
  endfacet
  facet normal 1 0 0
    outer loop
      vertex 150 -1.06066 678.439
      vertex 150 0 662
      vertex 150 -0.75 678.201
    endloop
  endfacet
  facet normal 1 0 0
    outer loop
      vertex 150 -13.9184 661.316
      vertex 150 -1.06066 678.439
      vertex 150 -1.29904 678.75
    endloop
  endfacet
  facet normal 1 0 0
    outer loop
      vertex 150 -13.9184 661.316
      vertex 150 -1.29904 678.75
      vertex 150 -1.44889 679.112
    endloop
  endfacet
  facet normal 1 0 0
    outer loop
      vertex 150 -13.9184 661.316
      vertex 150 -1.44889 679.112
      vertex 150 -1.5 679.5
    endloop
  endfacet
  facet normal 1 0 0
    outer loop
      vertex 150 -1.06066 678.439
      vertex 150 -13.9184 661.316
      vertex 150 0 662
    endloop
  endfacet
  facet normal 1 0 0
    outer loop
      vertex 150 125.233 453.062
      vertex 150 114.232 407.605
      vertex 150 114.284 407.216
    endloop
  endfacet
  facet normal 1 0 0
    outer loop
      vertex 150 118.069 441.109
      vertex 150 114.083 407.966
      vertex 150 114.232 407.605
    endloop
  endfacet
  facet normal 1 0 0
    outer loop
      vertex 150 118.069 441.109
      vertex 150 113.844 408.277
      vertex 150 114.083 407.966
    endloop
  endfacet
  facet normal 1 -0 0
    outer loop
      vertex 150 109.767 429.916
      vertex 150 113.844 408.277
      vertex 150 118.069 441.109
    endloop
  endfacet
  facet normal 1 0 0
    outer loop
      vertex 150 113.844 408.277
      vertex 150 109.767 429.916
      vertex 150 113.534 408.516
    endloop
  endfacet
  facet normal 1 0 0
    outer loop
      vertex 150 113.534 408.516
      vertex 150 109.767 429.916
      vertex 150 113.172 408.665
    endloop
  endfacet
  facet normal 1 0 0
    outer loop
      vertex 150 113.172 408.665
      vertex 150 109.767 429.916
      vertex 150 112.784 408.716
    endloop
  endfacet
  facet normal 1 0 0
    outer loop
      vertex 150 112.784 408.716
      vertex 150 109.767 429.916
      vertex 150 112.395 408.665
    endloop
  endfacet
  facet normal 1 -0 0
    outer loop
      vertex 150 100.409 419.591
      vertex 150 112.395 408.665
      vertex 150 109.767 429.916
    endloop
  endfacet
  facet normal 1 0 0
    outer loop
      vertex 150 112.395 408.665
      vertex 150 100.409 419.591
      vertex 150 112.034 408.516
    endloop
  endfacet
  facet normal 1 0 0
    outer loop
      vertex 150 112.034 408.516
      vertex 150 100.409 419.591
      vertex 150 111.723 408.277
    endloop
  endfacet
  facet normal 1 0 0
    outer loop
      vertex 150 111.484 407.966
      vertex 150 100.409 419.591
      vertex 150 111.335 407.605
    endloop
  endfacet
  facet normal 1 0 0
    outer loop
      vertex 150 111.723 408.277
      vertex 150 100.409 419.591
      vertex 150 111.484 407.966
    endloop
  endfacet
  facet normal 1 0 0
    outer loop
      vertex 150 191 1180
      vertex 150 161 520
      vertex 150 191 0
    endloop
  endfacet
  facet normal 1 0 0
    outer loop
      vertex 150 191 1180
      vertex 150 160.949 520.388
      vertex 150 161 520
    endloop
  endfacet
  facet normal 1 0 0
    outer loop
      vertex 150 191 1180
      vertex 150 160.799 520.75
      vertex 150 160.949 520.388
    endloop
  endfacet
  facet normal 1 -0 0
    outer loop
      vertex 150 114.232 633.172
      vertex 150 160.799 520.75
      vertex 150 191 1180
    endloop
  endfacet
  facet normal 1 -0 -0
    outer loop
      vertex 150 131.191 574.341
      vertex 150 160.799 520.75
      vertex 150 114.232 633.172
    endloop
  endfacet
  facet normal 1 0 0
    outer loop
      vertex 150 160.799 520.75
      vertex 150 131.191 574.341
      vertex 150 160.561 521.061
    endloop
  endfacet
  facet normal 1 -0 -0
    outer loop
      vertex 150 135.886 561.22
      vertex 150 160.561 521.061
      vertex 150 131.191 574.341
    endloop
  endfacet
  facet normal 1 0 0
    outer loop
      vertex 150 160.561 521.061
      vertex 150 135.886 561.22
      vertex 150 160.25 521.299
    endloop
  endfacet
  facet normal 1 -0 -0
    outer loop
      vertex 150 139.272 547.703
      vertex 150 160.25 521.299
      vertex 150 135.886 561.22
    endloop
  endfacet
  facet normal 1 0 0
    outer loop
      vertex 150 160.25 521.299
      vertex 150 139.272 547.703
      vertex 150 159.888 521.449
    endloop
  endfacet
  facet normal 1 0 0
    outer loop
      vertex 150 159.888 521.449
      vertex 150 139.272 547.703
      vertex 150 159.5 521.5
    endloop
  endfacet
  facet normal 1 -0 -0
    outer loop
      vertex 150 141.316 533.918
      vertex 150 159.5 521.5
      vertex 150 139.272 547.703
    endloop
  endfacet
  facet normal 1 0 0
    outer loop
      vertex 150 159.5 521.5
      vertex 150 141.316 533.918
      vertex 150 159.112 521.449
    endloop
  endfacet
  facet normal 1 0 0
    outer loop
      vertex 150 159.112 521.449
      vertex 150 141.316 533.918
      vertex 150 158.75 521.299
    endloop
  endfacet
  facet normal 1 0 0
    outer loop
      vertex 150 158.051 520.388
      vertex 150 142 520
      vertex 150 158 520
    endloop
  endfacet
  facet normal 1 0 0
    outer loop
      vertex 150 158.201 520.75
      vertex 150 142 520
      vertex 150 158.051 520.388
    endloop
  endfacet
  facet normal 1 0 -0
    outer loop
      vertex 150 142 520
      vertex 150 158.201 520.75
      vertex 150 141.316 533.918
    endloop
  endfacet
  facet normal 1 0 0
    outer loop
      vertex 150 158.75 521.299
      vertex 150 141.316 533.918
      vertex 150 158.439 521.061
    endloop
  endfacet
  facet normal 1 0 0
    outer loop
      vertex 150 158.439 521.061
      vertex 150 141.316 533.918
      vertex 150 158.201 520.75
    endloop
  endfacet
  facet normal 1 -0 -0
    outer loop
      vertex 150 114.284 632.784
      vertex 150 131.191 574.341
      vertex 150 114.232 633.172
    endloop
  endfacet
  facet normal 1 -0 0
    outer loop
      vertex 150 114.232 632.395
      vertex 150 125.233 586.938
      vertex 150 114.284 632.784
    endloop
  endfacet
  facet normal 1 0 0
    outer loop
      vertex 150 131.191 574.341
      vertex 150 114.284 632.784
      vertex 150 125.233 586.938
    endloop
  endfacet
  facet normal 1 0 0
    outer loop
      vertex 150 191 1180
      vertex 150 114.083 633.534
      vertex 150 114.232 633.172
    endloop
  endfacet
  facet normal 1 0 0
    outer loop
      vertex 150 191 1180
      vertex 150 113.844 633.844
      vertex 150 114.083 633.534
    endloop
  endfacet
  facet normal 1 0 0
    outer loop
      vertex 150 191 1180
      vertex 150 113.534 634.083
      vertex 150 113.844 633.844
    endloop
  endfacet
  facet normal 1 0 0
    outer loop
      vertex 150 191 1180
      vertex 150 113.172 634.232
      vertex 150 113.534 634.083
    endloop
  endfacet
  facet normal 1 -0 0
    outer loop
      vertex 150 54.341 651.191
      vertex 150 113.172 634.232
      vertex 150 191 1180
    endloop
  endfacet
  facet normal 1 0 0
    outer loop
      vertex 150 113.172 634.232
      vertex 150 54.341 651.191
      vertex 150 112.784 634.284
    endloop
  endfacet
  facet normal 1 -0 -0
    outer loop
      vertex 150 66.9383 645.233
      vertex 150 112.784 634.284
      vertex 150 54.341 651.191
    endloop
  endfacet
  facet normal 1 0 0
    outer loop
      vertex 150 112.784 634.284
      vertex 150 66.9383 645.233
      vertex 150 112.395 634.232
    endloop
  endfacet
  facet normal 1 -0 -0
    outer loop
      vertex 150 78.891 638.069
      vertex 150 112.395 634.232
      vertex 150 66.9383 645.233
    endloop
  endfacet
  facet normal 1 0 0
    outer loop
      vertex 150 112.395 634.232
      vertex 150 78.891 638.069
      vertex 150 112.034 634.083
    endloop
  endfacet
  facet normal 1 0 0
    outer loop
      vertex 150 112.395 631.335
      vertex 150 100.409 620.409
      vertex 150 109.767 610.084
    endloop
  endfacet
  facet normal 1 0 0
    outer loop
      vertex 150 90.0838 629.767
      vertex 150 111.284 632.784
      vertex 150 111.335 633.172
    endloop
  endfacet
  facet normal 1 0 0
    outer loop
      vertex 150 112.034 634.083
      vertex 150 78.891 638.069
      vertex 150 111.723 633.844
    endloop
  endfacet
  facet normal 1 0 0
    outer loop
      vertex 150 111.284 632.784
      vertex 150 90.0838 629.767
      vertex 150 100.409 620.409
    endloop
  endfacet
  facet normal 1 0 0
    outer loop
      vertex 150 111.484 633.534
      vertex 150 90.0838 629.767
      vertex 150 111.335 633.172
    endloop
  endfacet
  facet normal 1 0 0
    outer loop
      vertex 150 111.723 633.844
      vertex 150 90.0838 629.767
      vertex 150 111.484 633.534
    endloop
  endfacet
  facet normal 1 0 -0
    outer loop
      vertex 150 90.0838 629.767
      vertex 150 111.723 633.844
      vertex 150 78.891 638.069
    endloop
  endfacet
  facet normal 1 -0 0
    outer loop
      vertex 150 0.75 680.799
      vertex 150 54.341 651.191
      vertex 150 191 1180
    endloop
  endfacet
  facet normal 1 -0 -0
    outer loop
      vertex 150 1.06066 680.561
      vertex 150 54.341 651.191
      vertex 150 0.75 680.799
    endloop
  endfacet
  facet normal 1 -0 -0
    outer loop
      vertex 150 1.29904 680.25
      vertex 150 41.2204 655.885
      vertex 150 1.06066 680.561
    endloop
  endfacet
  facet normal 1 -0 -0
    outer loop
      vertex 150 1.44889 679.888
      vertex 150 27.7028 659.271
      vertex 150 1.29904 680.25
    endloop
  endfacet
  facet normal 1 0 0
    outer loop
      vertex 150 27.7028 659.271
      vertex 150 1.5 679.5
      vertex 150 13.9184 661.316
    endloop
  endfacet
  facet normal 1 -0 -0
    outer loop
      vertex 150 1.5 679.5
      vertex 150 27.7028 659.271
      vertex 150 1.44889 679.888
    endloop
  endfacet
  facet normal 1 0 0
    outer loop
      vertex 150 41.2204 655.885
      vertex 150 1.29904 680.25
      vertex 150 27.7028 659.271
    endloop
  endfacet
  facet normal 1 0 0
    outer loop
      vertex 150 54.341 651.191
      vertex 150 1.06066 680.561
      vertex 150 41.2204 655.885
    endloop
  endfacet
  facet normal 1 0 0
    outer loop
      vertex 150 191 1180
      vertex 150 0.388228 680.949
      vertex 150 0.75 680.799
    endloop
  endfacet
  facet normal 1 0 0
    outer loop
      vertex 150 191 1180
      vertex 150 0 681
      vertex 150 0.388228 680.949
    endloop
  endfacet
  facet normal 1 -0 0
    outer loop
      vertex 150 -210 1180
      vertex 150 0 681
      vertex 150 191 1180
    endloop
  endfacet
  facet normal 1 0 0
    outer loop
      vertex 150 0 681
      vertex 150 -210 1180
      vertex 150 -0.388228 680.949
    endloop
  endfacet
  facet normal 1 0 0
    outer loop
      vertex 150 -0.388228 680.949
      vertex 150 -210 1180
      vertex 150 -0.75 680.799
    endloop
  endfacet
  facet normal 1 0 -0
    outer loop
      vertex 150 -54.341 651.191
      vertex 150 -0.75 680.799
      vertex 150 -210 1180
    endloop
  endfacet
  facet normal 1 0 0
    outer loop
      vertex 150 -0.75 680.799
      vertex 150 -54.341 651.191
      vertex 150 -1.06066 680.561
    endloop
  endfacet
  facet normal 1 0 0
    outer loop
      vertex 150 -27.7028 659.271
      vertex 150 -1.5 679.5
      vertex 150 -1.44889 679.888
    endloop
  endfacet
  facet normal 1 0 -0
    outer loop
      vertex 150 -41.2204 655.885
      vertex 150 -1.06066 680.561
      vertex 150 -54.341 651.191
    endloop
  endfacet
  facet normal 1 0 0
    outer loop
      vertex 150 -1.06066 680.561
      vertex 150 -41.2204 655.885
      vertex 150 -1.29904 680.25
    endloop
  endfacet
  facet normal 1 0 0
    outer loop
      vertex 150 -1.5 679.5
      vertex 150 -27.7028 659.271
      vertex 150 -13.9184 661.316
    endloop
  endfacet
  facet normal 1 0 0
    outer loop
      vertex 150 -1.29904 680.25
      vertex 150 -27.7028 659.271
      vertex 150 -1.44889 679.888
    endloop
  endfacet
  facet normal 1 0 -0
    outer loop
      vertex 150 -27.7028 659.271
      vertex 150 -1.29904 680.25
      vertex 150 -41.2204 655.885
    endloop
  endfacet
  facet normal 1 0 -0
    outer loop
      vertex 150 -113.172 634.232
      vertex 150 -54.341 651.191
      vertex 150 -210 1180
    endloop
  endfacet
  facet normal 1 0 -0
    outer loop
      vertex 150 -112.784 634.284
      vertex 150 -54.341 651.191
      vertex 150 -113.172 634.232
    endloop
  endfacet
  facet normal 1 0 -0
    outer loop
      vertex 150 -112.395 634.232
      vertex 150 -66.9383 645.233
      vertex 150 -112.784 634.284
    endloop
  endfacet
  facet normal 1 -0 -0
    outer loop
      vertex 150 -111.484 633.534
      vertex 150 -90.0838 629.767
      vertex 150 -111.723 633.844
    endloop
  endfacet
  facet normal 1 -0 0
    outer loop
      vertex 150 -111.335 632.395
      vertex 150 -100.409 620.409
      vertex 150 -111.284 632.784
    endloop
  endfacet
  facet normal 1 0 0
    outer loop
      vertex 150 -90.0838 629.767
      vertex 150 -111.284 632.784
      vertex 150 -100.409 620.409
    endloop
  endfacet
  facet normal 1 -0 -0
    outer loop
      vertex 150 -111.284 632.784
      vertex 150 -90.0838 629.767
      vertex 150 -111.335 633.172
    endloop
  endfacet
  facet normal 1 -0 -0
    outer loop
      vertex 150 -111.335 633.172
      vertex 150 -90.0838 629.767
      vertex 150 -111.484 633.534
    endloop
  endfacet
  facet normal 1 0 0
    outer loop
      vertex 150 -78.891 638.069
      vertex 150 -111.723 633.844
      vertex 150 -90.0838 629.767
    endloop
  endfacet
  facet normal 1 0 -0
    outer loop
      vertex 150 -111.723 633.844
      vertex 150 -78.891 638.069
      vertex 150 -112.034 634.083
    endloop
  endfacet
  facet normal 1 0 -0
    outer loop
      vertex 150 -112.034 634.083
      vertex 150 -78.891 638.069
      vertex 150 -112.395 634.232
    endloop
  endfacet
  facet normal 1 0 0
    outer loop
      vertex 150 -66.9383 645.233
      vertex 150 -112.395 634.232
      vertex 150 -78.891 638.069
    endloop
  endfacet
  facet normal 1 0 0
    outer loop
      vertex 150 -54.341 651.191
      vertex 150 -112.784 634.284
      vertex 150 -66.9383 645.233
    endloop
  endfacet
  facet normal 1 0 0
    outer loop
      vertex 150 -113.172 634.232
      vertex 150 -210 1180
      vertex 150 -113.534 634.083
    endloop
  endfacet
  facet normal 1 0 0
    outer loop
      vertex 150 -113.534 634.083
      vertex 150 -210 1180
      vertex 150 -113.844 633.844
    endloop
  endfacet
  facet normal 1 0 0
    outer loop
      vertex 150 -114.232 632.395
      vertex 150 -125.233 586.938
      vertex 150 -118.069 598.891
    endloop
  endfacet
  facet normal 1 0 0
    outer loop
      vertex 150 -131.191 574.341
      vertex 150 -114.284 632.784
      vertex 150 -114.232 633.172
    endloop
  endfacet
  facet normal 1 0 0
    outer loop
      vertex 150 -114.284 632.784
      vertex 150 -131.191 574.341
      vertex 150 -125.233 586.938
    endloop
  endfacet
  facet normal 1 0 0
    outer loop
      vertex 150 -160.799 520.75
      vertex 150 -131.191 574.341
      vertex 150 -114.232 633.172
    endloop
  endfacet
  facet normal 1 -0 0
    outer loop
      vertex 150 -158.201 520.75
      vertex 150 -142 520
      vertex 150 -141.316 533.918
    endloop
  endfacet
  facet normal 1 0 0
    outer loop
      vertex 150 -159.5 521.5
      vertex 150 -141.316 533.918
      vertex 150 -139.272 547.703
    endloop
  endfacet
  facet normal 1 0 0
    outer loop
      vertex 150 -160.25 521.299
      vertex 150 -139.272 547.703
      vertex 150 -135.886 561.22
    endloop
  endfacet
  facet normal 1 0 0
    outer loop
      vertex 150 -131.191 574.341
      vertex 150 -160.561 521.061
      vertex 150 -135.886 561.22
    endloop
  endfacet
  facet normal 1 0 0
    outer loop
      vertex 150 -142 520
      vertex 150 -158.051 520.388
      vertex 150 -158 520
    endloop
  endfacet
  facet normal 1 0 0
    outer loop
      vertex 150 -142 520
      vertex 150 -158.201 520.75
      vertex 150 -158.051 520.388
    endloop
  endfacet
  facet normal 1 0 0
    outer loop
      vertex 150 -141.316 533.918
      vertex 150 -158.439 521.061
      vertex 150 -158.201 520.75
    endloop
  endfacet
  facet normal 1 0 0
    outer loop
      vertex 150 -141.316 533.918
      vertex 150 -158.75 521.299
      vertex 150 -158.439 521.061
    endloop
  endfacet
  facet normal 1 0 0
    outer loop
      vertex 150 -141.316 533.918
      vertex 150 -159.112 521.449
      vertex 150 -158.75 521.299
    endloop
  endfacet
  facet normal 1 0 0
    outer loop
      vertex 150 -141.316 533.918
      vertex 150 -159.5 521.5
      vertex 150 -159.112 521.449
    endloop
  endfacet
  facet normal 1 0 0
    outer loop
      vertex 150 -139.272 547.703
      vertex 150 -159.888 521.449
      vertex 150 -159.5 521.5
    endloop
  endfacet
  facet normal 1 0 0
    outer loop
      vertex 150 -139.272 547.703
      vertex 150 -160.25 521.299
      vertex 150 -159.888 521.449
    endloop
  endfacet
  facet normal 1 0 0
    outer loop
      vertex 150 -135.886 561.22
      vertex 150 -160.561 521.061
      vertex 150 -160.25 521.299
    endloop
  endfacet
  facet normal 1 0 0
    outer loop
      vertex 150 -131.191 574.341
      vertex 150 -160.799 520.75
      vertex 150 -160.561 521.061
    endloop
  endfacet
  facet normal 1 0 0
    outer loop
      vertex 150 -160.949 520.388
      vertex 150 -210 1180
      vertex 150 -161 520
    endloop
  endfacet
  facet normal 1 0 0
    outer loop
      vertex 150 -160.799 520.75
      vertex 150 -210 1180
      vertex 150 -160.949 520.388
    endloop
  endfacet
  facet normal 1 0 0
    outer loop
      vertex 150 -114.232 633.172
      vertex 150 -210 1180
      vertex 150 -160.799 520.75
    endloop
  endfacet
  facet normal 1 0 0
    outer loop
      vertex 150 -114.083 633.534
      vertex 150 -210 1180
      vertex 150 -114.232 633.172
    endloop
  endfacet
  facet normal 1 0 0
    outer loop
      vertex 150 -113.844 633.844
      vertex 150 -210 1180
      vertex 150 -114.083 633.534
    endloop
  endfacet
  facet normal 1 -0 0
    outer loop
      vertex 150 160.949 519.612
      vertex 150 191 0
      vertex 150 161 520
    endloop
  endfacet
  facet normal 1 -0 0
    outer loop
      vertex 150 160.799 519.25
      vertex 150 191 0
      vertex 150 160.949 519.612
    endloop
  endfacet
  facet normal 1 0 0
    outer loop
      vertex 150 131.191 465.659
      vertex 150 160.799 519.25
      vertex 150 160.561 518.939
    endloop
  endfacet
  facet normal 1 0 0
    outer loop
      vertex 150 135.886 478.78
      vertex 150 160.561 518.939
      vertex 150 160.25 518.701
    endloop
  endfacet
  facet normal 1 0 0
    outer loop
      vertex 150 139.272 492.297
      vertex 150 160.25 518.701
      vertex 150 159.888 518.551
    endloop
  endfacet
  facet normal 1 0 0
    outer loop
      vertex 150 139.272 492.297
      vertex 150 159.888 518.551
      vertex 150 159.5 518.5
    endloop
  endfacet
  facet normal 1 0 0
    outer loop
      vertex 150 141.316 506.082
      vertex 150 159.5 518.5
      vertex 150 159.112 518.551
    endloop
  endfacet
  facet normal 1 0 0
    outer loop
      vertex 150 141.316 506.082
      vertex 150 159.112 518.551
      vertex 150 158.75 518.701
    endloop
  endfacet
  facet normal 1 0 0
    outer loop
      vertex 150 141.316 506.082
      vertex 150 158.75 518.701
      vertex 150 158.439 518.939
    endloop
  endfacet
  facet normal 1 0 0
    outer loop
      vertex 150 141.316 506.082
      vertex 150 158.439 518.939
      vertex 150 158.201 519.25
    endloop
  endfacet
  facet normal 1 0 0
    outer loop
      vertex 150 142 520
      vertex 150 158.201 519.25
      vertex 150 158.051 519.612
    endloop
  endfacet
  facet normal 1 -0 0
    outer loop
      vertex 150 142 520
      vertex 150 158.051 519.612
      vertex 150 158 520
    endloop
  endfacet
  facet normal 1 0 0
    outer loop
      vertex 150 158.201 519.25
      vertex 150 142 520
      vertex 150 141.316 506.082
    endloop
  endfacet
  facet normal 1 0 0
    outer loop
      vertex 150 159.5 518.5
      vertex 150 141.316 506.082
      vertex 150 139.272 492.297
    endloop
  endfacet
  facet normal 1 0 0
    outer loop
      vertex 150 160.25 518.701
      vertex 150 139.272 492.297
      vertex 150 135.886 478.78
    endloop
  endfacet
  facet normal 1 0 0
    outer loop
      vertex 150 160.561 518.939
      vertex 150 135.886 478.78
      vertex 150 131.191 465.659
    endloop
  endfacet
  facet normal 1 0 0
    outer loop
      vertex 150 160.799 519.25
      vertex 150 131.191 465.659
      vertex 150 114.232 406.828
    endloop
  endfacet
  facet normal 1 0 0
    outer loop
      vertex 150 114.284 407.216
      vertex 150 131.191 465.659
      vertex 150 125.233 453.062
    endloop
  endfacet
  facet normal 1 0 0
    outer loop
      vertex 150 114.232 407.605
      vertex 150 125.233 453.062
      vertex 150 118.069 441.109
    endloop
  endfacet
  facet normal 1 0 0
    outer loop
      vertex 150 131.191 465.659
      vertex 150 114.284 407.216
      vertex 150 114.232 406.828
    endloop
  endfacet
  facet normal 1 0 0
    outer loop
      vertex 150 160.799 519.25
      vertex 150 114.232 406.828
      vertex 150 191 0
    endloop
  endfacet
  facet normal 1 -0 0
    outer loop
      vertex 150 114.083 406.466
      vertex 150 191 0
      vertex 150 114.232 406.828
    endloop
  endfacet
  facet normal 1 -0 0
    outer loop
      vertex 150 113.844 406.156
      vertex 150 191 0
      vertex 150 114.083 406.466
    endloop
  endfacet
  facet normal 1 -0 0
    outer loop
      vertex 150 113.534 405.917
      vertex 150 191 0
      vertex 150 113.844 406.156
    endloop
  endfacet
  facet normal 1 -0 0
    outer loop
      vertex 150 113.172 405.768
      vertex 150 191 0
      vertex 150 113.534 405.917
    endloop
  endfacet
  facet normal 1 -0 0
    outer loop
      vertex 150 112.784 405.716
      vertex 150 191 0
      vertex 150 113.172 405.768
    endloop
  endfacet
  facet normal 1 0 0
    outer loop
      vertex 150 66.9383 394.767
      vertex 150 112.784 405.716
      vertex 150 112.395 405.768
    endloop
  endfacet
  facet normal 1 0 0
    outer loop
      vertex 150 78.891 401.931
      vertex 150 112.395 405.768
      vertex 150 112.034 405.917
    endloop
  endfacet
  facet normal 1 0 0
    outer loop
      vertex 150 78.891 401.931
      vertex 150 112.034 405.917
      vertex 150 111.723 406.156
    endloop
  endfacet
  facet normal 1 0 0
    outer loop
      vertex 150 90.0838 410.233
      vertex 150 111.723 406.156
      vertex 150 111.484 406.466
    endloop
  endfacet
  facet normal 1 0 0
    outer loop
      vertex 150 90.0838 410.233
      vertex 150 111.484 406.466
      vertex 150 111.335 406.828
    endloop
  endfacet
  facet normal 1 0 0
    outer loop
      vertex 150 111.335 407.605
      vertex 150 100.409 419.591
      vertex 150 111.284 407.216
    endloop
  endfacet
  facet normal 1 -0 0
    outer loop
      vertex 150 90.0838 410.233
      vertex 150 111.284 407.216
      vertex 150 100.409 419.591
    endloop
  endfacet
  facet normal 1 0 0
    outer loop
      vertex 150 111.284 407.216
      vertex 150 90.0838 410.233
      vertex 150 111.335 406.828
    endloop
  endfacet
  facet normal 1 0 0
    outer loop
      vertex 150 111.723 406.156
      vertex 150 90.0838 410.233
      vertex 150 78.891 401.931
    endloop
  endfacet
  facet normal 1 0 0
    outer loop
      vertex 150 112.395 405.768
      vertex 150 78.891 401.931
      vertex 150 66.9383 394.767
    endloop
  endfacet
  facet normal 1 0 0
    outer loop
      vertex 150 112.784 405.716
      vertex 150 66.9383 394.767
      vertex 150 54.341 388.809
    endloop
  endfacet
  facet normal 1 0 0
    outer loop
      vertex 150 112.784 405.716
      vertex 150 54.341 388.809
      vertex 150 191 0
    endloop
  endfacet
  facet normal 1 0 0
    outer loop
      vertex 150 1.06066 359.439
      vertex 150 54.341 388.809
      vertex 150 41.2204 384.114
    endloop
  endfacet
  facet normal 1 0 0
    outer loop
      vertex 150 1.29904 359.75
      vertex 150 41.2204 384.114
      vertex 150 27.7028 380.728
    endloop
  endfacet
  facet normal 1 0 0
    outer loop
      vertex 150 1.5 360.5
      vertex 150 27.7028 380.728
      vertex 150 13.9184 378.684
    endloop
  endfacet
  facet normal 1 0 0
    outer loop
      vertex 150 27.7028 380.728
      vertex 150 1.5 360.5
      vertex 150 1.44889 360.112
    endloop
  endfacet
  facet normal 1 0 0
    outer loop
      vertex 150 27.7028 380.728
      vertex 150 1.44889 360.112
      vertex 150 1.29904 359.75
    endloop
  endfacet
  facet normal 1 0 0
    outer loop
      vertex 150 41.2204 384.114
      vertex 150 1.29904 359.75
      vertex 150 1.06066 359.439
    endloop
  endfacet
  facet normal 1 0 0
    outer loop
      vertex 150 54.341 388.809
      vertex 150 1.06066 359.439
      vertex 150 191 0
    endloop
  endfacet
  facet normal 1 -0 0
    outer loop
      vertex 150 0.75 359.201
      vertex 150 191 0
      vertex 150 1.06066 359.439
    endloop
  endfacet
  facet normal 1 -0 0
    outer loop
      vertex 150 0.388228 359.051
      vertex 150 191 0
      vertex 150 0.75 359.201
    endloop
  endfacet
  facet normal 1 -0 0
    outer loop
      vertex 150 0 359
      vertex 150 191 0
      vertex 150 0.388228 359.051
    endloop
  endfacet
  facet normal 1 0 0
    outer loop
      vertex 150 -210 0
      vertex 150 0 359
      vertex 150 -0.388228 359.051
    endloop
  endfacet
  facet normal 1 0 0
    outer loop
      vertex 150 -210 0
      vertex 150 -0.388228 359.051
      vertex 150 -0.75 359.201
    endloop
  endfacet
  facet normal 1 0 0
    outer loop
      vertex 150 -210 0
      vertex 150 -0.75 359.201
      vertex 150 -1.06066 359.439
    endloop
  endfacet
  facet normal 1 0 0
    outer loop
      vertex 150 -41.2204 384.114
      vertex 150 -1.06066 359.439
      vertex 150 -1.29904 359.75
    endloop
  endfacet
  facet normal 1 0 0
    outer loop
      vertex 150 -27.7028 380.728
      vertex 150 -1.5 360.5
      vertex 150 -13.9184 378.684
    endloop
  endfacet
  facet normal 1 0 0
    outer loop
      vertex 150 -1.5 360.5
      vertex 150 -27.7028 380.728
      vertex 150 -1.44889 360.112
    endloop
  endfacet
  facet normal 1 0 0
    outer loop
      vertex 150 -1.44889 360.112
      vertex 150 -27.7028 380.728
      vertex 150 -1.29904 359.75
    endloop
  endfacet
  facet normal 1 0 0
    outer loop
      vertex 150 -41.2204 384.114
      vertex 150 -1.29904 359.75
      vertex 150 -27.7028 380.728
    endloop
  endfacet
  facet normal 1 0 0
    outer loop
      vertex 150 -1.06066 359.439
      vertex 150 -41.2204 384.114
      vertex 150 -54.341 388.809
    endloop
  endfacet
  facet normal 1 0 0
    outer loop
      vertex 150 -1.06066 359.439
      vertex 150 -54.341 388.809
      vertex 150 -210 0
    endloop
  endfacet
  facet normal 1 0 0
    outer loop
      vertex 150 -112.784 405.716
      vertex 150 -54.341 388.809
      vertex 150 -66.9383 394.767
    endloop
  endfacet
  facet normal 1 0 0
    outer loop
      vertex 150 -112.395 405.768
      vertex 150 -66.9383 394.767
      vertex 150 -78.891 401.931
    endloop
  endfacet
  facet normal 1 -0 0
    outer loop
      vertex 150 -111.723 406.156
      vertex 150 -78.891 401.931
      vertex 150 -90.0838 410.233
    endloop
  endfacet
  facet normal 1 0 0
    outer loop
      vertex 150 -111.284 407.216
      vertex 150 -90.0838 410.233
      vertex 150 -100.409 419.591
    endloop
  endfacet
  facet normal 1 0 0
    outer loop
      vertex 150 -112.395 408.665
      vertex 150 -100.409 419.591
      vertex 150 -109.767 429.916
    endloop
  endfacet
  facet normal 1 0 0
    outer loop
      vertex 150 -90.0838 410.233
      vertex 150 -111.284 407.216
      vertex 150 -111.335 406.828
    endloop
  endfacet
  facet normal 1 0 0
    outer loop
      vertex 150 -90.0838 410.233
      vertex 150 -111.335 406.828
      vertex 150 -111.484 406.466
    endloop
  endfacet
  facet normal 1 0 0
    outer loop
      vertex 150 -90.0838 410.233
      vertex 150 -111.484 406.466
      vertex 150 -111.723 406.156
    endloop
  endfacet
  facet normal 1 0 0
    outer loop
      vertex 150 -78.891 401.931
      vertex 150 -111.723 406.156
      vertex 150 -112.034 405.917
    endloop
  endfacet
  facet normal 1 0 0
    outer loop
      vertex 150 -78.891 401.931
      vertex 150 -112.034 405.917
      vertex 150 -112.395 405.768
    endloop
  endfacet
  facet normal 1 0 0
    outer loop
      vertex 150 -66.9383 394.767
      vertex 150 -112.395 405.768
      vertex 150 -112.784 405.716
    endloop
  endfacet
  facet normal 1 0 0
    outer loop
      vertex 150 -54.341 388.809
      vertex 150 -112.784 405.716
      vertex 150 -210 0
    endloop
  endfacet
  facet normal 1 0 0
    outer loop
      vertex 150 -210 0
      vertex 150 -112.784 405.716
      vertex 150 -113.172 405.768
    endloop
  endfacet
  facet normal 1 0 0
    outer loop
      vertex 150 -210 0
      vertex 150 -113.172 405.768
      vertex 150 -113.534 405.917
    endloop
  endfacet
  facet normal 1 0 0
    outer loop
      vertex 150 -210 0
      vertex 150 -113.534 405.917
      vertex 150 -113.844 406.156
    endloop
  endfacet
  facet normal 1 0 0
    outer loop
      vertex 150 -210 0
      vertex 150 -113.844 406.156
      vertex 150 -114.083 406.466
    endloop
  endfacet
  facet normal 1 0 0
    outer loop
      vertex 150 -114.232 407.605
      vertex 150 -125.233 453.062
      vertex 150 -114.284 407.216
    endloop
  endfacet
  facet normal 1 0 0
    outer loop
      vertex 150 -131.191 465.659
      vertex 150 -114.284 407.216
      vertex 150 -125.233 453.062
    endloop
  endfacet
  facet normal 1 0 0
    outer loop
      vertex 150 -114.284 407.216
      vertex 150 -131.191 465.659
      vertex 150 -114.232 406.828
    endloop
  endfacet
  facet normal 1 0 0
    outer loop
      vertex 150 -160.561 518.939
      vertex 150 -131.191 465.659
      vertex 150 -135.886 478.78
    endloop
  endfacet
  facet normal 1 0 0
    outer loop
      vertex 150 -158.051 519.612
      vertex 150 -142 520
      vertex 150 -158 520
    endloop
  endfacet
  facet normal 1 0 0
    outer loop
      vertex 150 -158.201 519.25
      vertex 150 -142 520
      vertex 150 -158.051 519.612
    endloop
  endfacet
  facet normal 1 0 0
    outer loop
      vertex 150 -142 520
      vertex 150 -158.201 519.25
      vertex 150 -141.316 506.082
    endloop
  endfacet
  facet normal 1 -0 0
    outer loop
      vertex 150 -158.439 518.939
      vertex 150 -141.316 506.082
      vertex 150 -158.201 519.25
    endloop
  endfacet
  facet normal 1 -0 0
    outer loop
      vertex 150 -158.75 518.701
      vertex 150 -141.316 506.082
      vertex 150 -158.439 518.939
    endloop
  endfacet
  facet normal 1 -0 0
    outer loop
      vertex 150 -159.112 518.551
      vertex 150 -141.316 506.082
      vertex 150 -158.75 518.701
    endloop
  endfacet
  facet normal 1 -0 0
    outer loop
      vertex 150 -159.5 518.5
      vertex 150 -141.316 506.082
      vertex 150 -159.112 518.551
    endloop
  endfacet
  facet normal 1 0 0
    outer loop
      vertex 150 -141.316 506.082
      vertex 150 -159.5 518.5
      vertex 150 -139.272 492.297
    endloop
  endfacet
  facet normal 1 0 0
    outer loop
      vertex 150 -159.888 518.551
      vertex 150 -139.272 492.297
      vertex 150 -159.5 518.5
    endloop
  endfacet
  facet normal 1 0 0
    outer loop
      vertex 150 -160.25 518.701
      vertex 150 -139.272 492.297
      vertex 150 -159.888 518.551
    endloop
  endfacet
  facet normal 1 0 0
    outer loop
      vertex 150 -139.272 492.297
      vertex 150 -160.25 518.701
      vertex 150 -135.886 478.78
    endloop
  endfacet
  facet normal 1 0 0
    outer loop
      vertex 150 -160.561 518.939
      vertex 150 -135.886 478.78
      vertex 150 -160.25 518.701
    endloop
  endfacet
  facet normal 1 0 0
    outer loop
      vertex 150 -160.799 519.25
      vertex 150 -131.191 465.659
      vertex 150 -160.561 518.939
    endloop
  endfacet
  facet normal 1 0 0
    outer loop
      vertex 150 -131.191 465.659
      vertex 150 -160.799 519.25
      vertex 150 -114.232 406.828
    endloop
  endfacet
  facet normal 1 0 0
    outer loop
      vertex 150 -210 0
      vertex 150 -114.232 406.828
      vertex 150 -160.799 519.25
    endloop
  endfacet
  facet normal 1 0 0
    outer loop
      vertex 150 0 359
      vertex 150 -210 0
      vertex 150 191 0
    endloop
  endfacet
  facet normal 1 0 0
    outer loop
      vertex 150 -114.232 406.828
      vertex 150 -210 0
      vertex 150 -114.083 406.466
    endloop
  endfacet
  facet normal 1 0 0
    outer loop
      vertex 150 -160.949 519.612
      vertex 150 -210 0
      vertex 150 -160.799 519.25
    endloop
  endfacet
  facet normal 1 0 0
    outer loop
      vertex 150 -161 520
      vertex 150 -210 0
      vertex 150 -160.949 519.612
    endloop
  endfacet
  facet normal 1 0 0
    outer loop
      vertex 150 -210 0
      vertex 150 -161 520
      vertex 150 -210 1180
    endloop
  endfacet
  facet normal 1 0 0
    outer loop
      vertex 150 125.233 586.938
      vertex 150 114.232 632.395
      vertex 150 118.069 598.891
    endloop
  endfacet
  facet normal 1 -0 0
    outer loop
      vertex 150 114.083 632.034
      vertex 150 118.069 598.891
      vertex 150 114.232 632.395
    endloop
  endfacet
  facet normal 1 -0 0
    outer loop
      vertex 150 113.844 631.723
      vertex 150 118.069 598.891
      vertex 150 114.083 632.034
    endloop
  endfacet
  facet normal 1 0 0
    outer loop
      vertex 150 109.767 610.084
      vertex 150 113.844 631.723
      vertex 150 113.534 631.484
    endloop
  endfacet
  facet normal 1 0 0
    outer loop
      vertex 150 109.767 610.084
      vertex 150 113.534 631.484
      vertex 150 113.172 631.335
    endloop
  endfacet
  facet normal 1 0 0
    outer loop
      vertex 150 109.767 610.084
      vertex 150 113.172 631.335
      vertex 150 112.784 631.284
    endloop
  endfacet
  facet normal 1 0 0
    outer loop
      vertex 150 109.767 610.084
      vertex 150 112.784 631.284
      vertex 150 112.395 631.335
    endloop
  endfacet
  facet normal 1 0 0
    outer loop
      vertex 150 100.409 620.409
      vertex 150 112.395 631.335
      vertex 150 112.034 631.484
    endloop
  endfacet
  facet normal 1 0 0
    outer loop
      vertex 150 100.409 620.409
      vertex 150 112.034 631.484
      vertex 150 111.723 631.723
    endloop
  endfacet
  facet normal 1 0 0
    outer loop
      vertex 150 100.409 620.409
      vertex 150 111.723 631.723
      vertex 150 111.484 632.034
    endloop
  endfacet
  facet normal 1 0 0
    outer loop
      vertex 150 100.409 620.409
      vertex 150 111.484 632.034
      vertex 150 111.335 632.395
    endloop
  endfacet
  facet normal 1 0 0
    outer loop
      vertex 150 113.844 631.723
      vertex 150 109.767 610.084
      vertex 150 118.069 598.891
    endloop
  endfacet
  facet normal 1 0 0
    outer loop
      vertex 150 100.409 620.409
      vertex 150 111.335 632.395
      vertex 150 111.284 632.784
    endloop
  endfacet
  facet normal 0.741104 0.671391 0
    outer loop
      vertex 145.687 203.053 1180
      vertex 144.435 204.435 0
      vertex 144.435 204.435 1180
    endloop
  endfacet
  facet normal 0.741104 0.671391 0
    outer loop
      vertex 144.435 204.435 0
      vertex 145.687 203.053 1180
      vertex 145.687 203.053 0
    endloop
  endfacet
  facet normal 0.336744 0.941596 -0
    outer loop
      vertex 138.271 208.554 0
      vertex 136.515 209.182 1180
      vertex 138.271 208.554 1180
    endloop
  endfacet
  facet normal 0.336744 0.941596 0
    outer loop
      vertex 136.515 209.182 1180
      vertex 138.271 208.554 0
      vertex 136.515 209.182 0
    endloop
  endfacet
  facet normal 0.671391 0.741104 -0
    outer loop
      vertex 144.435 204.435 0
      vertex 143.053 205.687 1180
      vertex 144.435 204.435 1180
    endloop
  endfacet
  facet normal 0.671391 0.741104 0
    outer loop
      vertex 143.053 205.687 1180
      vertex 144.435 204.435 0
      vertex 143.053 205.687 0
    endloop
  endfacet
  facet normal 0.514338 0.857588 -0
    outer loop
      vertex 141.556 206.798 0
      vertex 139.957 207.757 1180
      vertex 141.556 206.798 1180
    endloop
  endfacet
  facet normal 0.514338 0.857588 0
    outer loop
      vertex 139.957 207.757 1180
      vertex 141.556 206.798 0
      vertex 139.957 207.757 0
    endloop
  endfacet
  facet normal -0.904076 0.427372 0
    outer loop
      vertex -148.554 198.271 0
      vertex -147.757 199.957 1180
      vertex -147.757 199.957 0
    endloop
  endfacet
  facet normal -0.904076 0.427372 0
    outer loop
      vertex -147.757 199.957 1180
      vertex -148.554 198.271 0
      vertex -148.554 198.271 1180
    endloop
  endfacet
  facet normal 0.904076 0.427372 0
    outer loop
      vertex 148.554 198.271 1180
      vertex 147.757 199.957 0
      vertex 147.757 199.957 1180
    endloop
  endfacet
  facet normal 0.904076 0.427372 0
    outer loop
      vertex 147.757 199.957 0
      vertex 148.554 198.271 1180
      vertex 148.554 198.271 0
    endloop
  endfacet
  facet normal -0.243041 0.970016 0
    outer loop
      vertex -134.707 209.635 0
      vertex -136.515 209.182 1180
      vertex -134.707 209.635 1180
    endloop
  endfacet
  facet normal -0.243041 0.970016 0
    outer loop
      vertex -136.515 209.182 1180
      vertex -134.707 209.635 0
      vertex -136.515 209.182 0
    endloop
  endfacet
  facet normal -0.671391 0.741104 0
    outer loop
      vertex -143.053 205.687 0
      vertex -144.435 204.435 1180
      vertex -143.053 205.687 1180
    endloop
  endfacet
  facet normal -0.671391 0.741104 0
    outer loop
      vertex -144.435 204.435 1180
      vertex -143.053 205.687 0
      vertex -144.435 204.435 0
    endloop
  endfacet
  facet normal 0.857588 0.514338 0
    outer loop
      vertex 147.757 199.957 1180
      vertex 146.798 201.556 0
      vertex 146.798 201.556 1180
    endloop
  endfacet
  facet normal 0.857588 0.514338 0
    outer loop
      vertex 146.798 201.556 0
      vertex 147.757 199.957 1180
      vertex 147.757 199.957 0
    endloop
  endfacet
  facet normal -0.803015 0.595959 0
    outer loop
      vertex -146.798 201.556 0
      vertex -145.687 203.053 1180
      vertex -145.687 203.053 0
    endloop
  endfacet
  facet normal -0.803015 0.595959 0
    outer loop
      vertex -145.687 203.053 1180
      vertex -146.798 201.556 0
      vertex -146.798 201.556 1180
    endloop
  endfacet
  facet normal -0.146898 0.989152 0
    outer loop
      vertex -132.862 209.909 0
      vertex -134.707 209.635 1180
      vertex -132.862 209.909 1180
    endloop
  endfacet
  facet normal -0.146898 0.989152 0
    outer loop
      vertex -134.707 209.635 1180
      vertex -132.862 209.909 0
      vertex -134.707 209.635 0
    endloop
  endfacet
  facet normal 0.0488139 0.998808 -0
    outer loop
      vertex 132.862 209.909 0
      vertex 131 210 1180
      vertex 132.862 209.909 1180
    endloop
  endfacet
  facet normal 0.0488139 0.998808 0
    outer loop
      vertex 131 210 1180
      vertex 132.862 209.909 0
      vertex 131 210 0
    endloop
  endfacet
  facet normal -0.427372 0.904076 0
    outer loop
      vertex -138.271 208.554 0
      vertex -139.957 207.757 1180
      vertex -138.271 208.554 1180
    endloop
  endfacet
  facet normal -0.427372 0.904076 0
    outer loop
      vertex -139.957 207.757 1180
      vertex -138.271 208.554 0
      vertex -139.957 207.757 0
    endloop
  endfacet
  facet normal 0.595959 0.803015 -0
    outer loop
      vertex 143.053 205.687 0
      vertex 141.556 206.798 1180
      vertex 143.053 205.687 1180
    endloop
  endfacet
  facet normal 0.595959 0.803015 0
    outer loop
      vertex 141.556 206.798 1180
      vertex 143.053 205.687 0
      vertex 141.556 206.798 0
    endloop
  endfacet
  facet normal 0.989152 0.146898 0
    outer loop
      vertex 149.909 192.862 1180
      vertex 149.635 194.707 0
      vertex 149.635 194.707 1180
    endloop
  endfacet
  facet normal 0.989152 0.146898 0
    outer loop
      vertex 149.635 194.707 0
      vertex 149.909 192.862 1180
      vertex 149.909 192.862 0
    endloop
  endfacet
  facet normal -0.741104 0.671391 0
    outer loop
      vertex -145.687 203.053 0
      vertex -144.435 204.435 1180
      vertex -144.435 204.435 0
    endloop
  endfacet
  facet normal -0.741104 0.671391 0
    outer loop
      vertex -144.435 204.435 1180
      vertex -145.687 203.053 0
      vertex -145.687 203.053 1180
    endloop
  endfacet
  facet normal 0.243041 0.970016 -0
    outer loop
      vertex 136.515 209.182 0
      vertex 134.707 209.635 1180
      vertex 136.515 209.182 1180
    endloop
  endfacet
  facet normal 0.243041 0.970016 0
    outer loop
      vertex 134.707 209.635 1180
      vertex 136.515 209.182 0
      vertex 134.707 209.635 0
    endloop
  endfacet
  facet normal -0.336744 0.941596 0
    outer loop
      vertex -136.515 209.182 0
      vertex -138.271 208.554 1180
      vertex -136.515 209.182 1180
    endloop
  endfacet
  facet normal -0.336744 0.941596 0
    outer loop
      vertex -138.271 208.554 1180
      vertex -136.515 209.182 0
      vertex -138.271 208.554 0
    endloop
  endfacet
  facet normal -0.0488139 0.998808 0
    outer loop
      vertex -131 210 0
      vertex -132.862 209.909 1180
      vertex -131 210 1180
    endloop
  endfacet
  facet normal -0.0488139 0.998808 0
    outer loop
      vertex -132.862 209.909 1180
      vertex -131 210 0
      vertex -132.862 209.909 0
    endloop
  endfacet
  facet normal 0.970016 0.243041 0
    outer loop
      vertex 149.635 194.707 1180
      vertex 149.182 196.515 0
      vertex 149.182 196.515 1180
    endloop
  endfacet
  facet normal 0.970016 0.243041 0
    outer loop
      vertex 149.182 196.515 0
      vertex 149.635 194.707 1180
      vertex 149.635 194.707 0
    endloop
  endfacet
  facet normal -0.857588 0.514338 0
    outer loop
      vertex -147.757 199.957 0
      vertex -146.798 201.556 1180
      vertex -146.798 201.556 0
    endloop
  endfacet
  facet normal -0.857588 0.514338 0
    outer loop
      vertex -146.798 201.556 1180
      vertex -147.757 199.957 0
      vertex -147.757 199.957 1180
    endloop
  endfacet
  facet normal 0.998808 0.0488139 0
    outer loop
      vertex 150 191 1180
      vertex 149.909 192.862 0
      vertex 149.909 192.862 1180
    endloop
  endfacet
  facet normal 0.998808 0.0488139 0
    outer loop
      vertex 149.909 192.862 0
      vertex 150 191 1180
      vertex 150 191 0
    endloop
  endfacet
  facet normal -0.941596 0.336744 0
    outer loop
      vertex -149.182 196.515 0
      vertex -148.554 198.271 1180
      vertex -148.554 198.271 0
    endloop
  endfacet
  facet normal -0.941596 0.336744 0
    outer loop
      vertex -148.554 198.271 1180
      vertex -149.182 196.515 0
      vertex -149.182 196.515 1180
    endloop
  endfacet
  facet normal -0.970016 0.243041 0
    outer loop
      vertex -149.635 194.707 0
      vertex -149.182 196.515 1180
      vertex -149.182 196.515 0
    endloop
  endfacet
  facet normal -0.970016 0.243041 0
    outer loop
      vertex -149.182 196.515 1180
      vertex -149.635 194.707 0
      vertex -149.635 194.707 1180
    endloop
  endfacet
  facet normal 0 0 1
    outer loop
      vertex 131 210 1180
      vertex 150 191 1180
      vertex 149.909 192.862 1180
    endloop
  endfacet
  facet normal 0 0 1
    outer loop
      vertex 131 210 1180
      vertex 149.909 192.862 1180
      vertex 149.635 194.707 1180
    endloop
  endfacet
  facet normal 0 0 1
    outer loop
      vertex 131 210 1180
      vertex 149.635 194.707 1180
      vertex 149.182 196.515 1180
    endloop
  endfacet
  facet normal 0 0 1
    outer loop
      vertex 131 210 1180
      vertex 149.182 196.515 1180
      vertex 148.554 198.271 1180
    endloop
  endfacet
  facet normal 0 0 1
    outer loop
      vertex 131 210 1180
      vertex 148.554 198.271 1180
      vertex 147.757 199.957 1180
    endloop
  endfacet
  facet normal 0 0 1
    outer loop
      vertex 131 210 1180
      vertex 147.757 199.957 1180
      vertex 146.798 201.556 1180
    endloop
  endfacet
  facet normal 0 0 1
    outer loop
      vertex 131 210 1180
      vertex 146.798 201.556 1180
      vertex 145.687 203.053 1180
    endloop
  endfacet
  facet normal 0 0 1
    outer loop
      vertex 131 210 1180
      vertex 145.687 203.053 1180
      vertex 144.435 204.435 1180
    endloop
  endfacet
  facet normal 0 0 1
    outer loop
      vertex 131 210 1180
      vertex 144.435 204.435 1180
      vertex 143.053 205.687 1180
    endloop
  endfacet
  facet normal 0 0 1
    outer loop
      vertex 131 210 1180
      vertex 143.053 205.687 1180
      vertex 141.556 206.798 1180
    endloop
  endfacet
  facet normal 0 0 1
    outer loop
      vertex 131 210 1180
      vertex 141.556 206.798 1180
      vertex 139.957 207.757 1180
    endloop
  endfacet
  facet normal 0 0 1
    outer loop
      vertex 131 210 1180
      vertex 139.957 207.757 1180
      vertex 138.271 208.554 1180
    endloop
  endfacet
  facet normal 0 0 1
    outer loop
      vertex 131 210 1180
      vertex 138.271 208.554 1180
      vertex 136.515 209.182 1180
    endloop
  endfacet
  facet normal 0 0 1
    outer loop
      vertex 131 210 1180
      vertex 136.515 209.182 1180
      vertex 134.707 209.635 1180
    endloop
  endfacet
  facet normal 0 0 1
    outer loop
      vertex 131 210 1180
      vertex 134.707 209.635 1180
      vertex 132.862 209.909 1180
    endloop
  endfacet
  facet normal 0 0 1
    outer loop
      vertex 150 191 1180
      vertex 131 210 1180
      vertex -150 191 1180
    endloop
  endfacet
  facet normal 0 0 1
    outer loop
      vertex -150 191 1180
      vertex 131 210 1180
      vertex -131 210 1180
    endloop
  endfacet
  facet normal 0 0 1
    outer loop
      vertex -150 191 1180
      vertex -131 210 1180
      vertex -132.862 209.909 1180
    endloop
  endfacet
  facet normal 0 0 1
    outer loop
      vertex -150 191 1180
      vertex -132.862 209.909 1180
      vertex -134.707 209.635 1180
    endloop
  endfacet
  facet normal 0 0 1
    outer loop
      vertex -150 191 1180
      vertex -134.707 209.635 1180
      vertex -136.515 209.182 1180
    endloop
  endfacet
  facet normal 0 0 1
    outer loop
      vertex -150 191 1180
      vertex -136.515 209.182 1180
      vertex -138.271 208.554 1180
    endloop
  endfacet
  facet normal 0 0 1
    outer loop
      vertex -150 191 1180
      vertex -138.271 208.554 1180
      vertex -139.957 207.757 1180
    endloop
  endfacet
  facet normal 0 0 1
    outer loop
      vertex -150 191 1180
      vertex -139.957 207.757 1180
      vertex -141.556 206.798 1180
    endloop
  endfacet
  facet normal 0 0 1
    outer loop
      vertex -150 191 1180
      vertex -141.556 206.798 1180
      vertex -143.053 205.687 1180
    endloop
  endfacet
  facet normal 0 0 1
    outer loop
      vertex -150 191 1180
      vertex -143.053 205.687 1180
      vertex -144.435 204.435 1180
    endloop
  endfacet
  facet normal 0 0 1
    outer loop
      vertex -150 191 1180
      vertex -144.435 204.435 1180
      vertex -145.687 203.053 1180
    endloop
  endfacet
  facet normal 0 0 1
    outer loop
      vertex -150 191 1180
      vertex -145.687 203.053 1180
      vertex -146.798 201.556 1180
    endloop
  endfacet
  facet normal 0 0 1
    outer loop
      vertex -150 191 1180
      vertex -146.798 201.556 1180
      vertex -147.757 199.957 1180
    endloop
  endfacet
  facet normal 0 0 1
    outer loop
      vertex -150 191 1180
      vertex -147.757 199.957 1180
      vertex -148.554 198.271 1180
    endloop
  endfacet
  facet normal 0 0 1
    outer loop
      vertex -150 191 1180
      vertex -148.554 198.271 1180
      vertex -149.182 196.515 1180
    endloop
  endfacet
  facet normal 0 0 1
    outer loop
      vertex -150 191 1180
      vertex -149.182 196.515 1180
      vertex -149.635 194.707 1180
    endloop
  endfacet
  facet normal 0 0 1
    outer loop
      vertex -150 191 1180
      vertex -149.635 194.707 1180
      vertex -149.909 192.862 1180
    endloop
  endfacet
  facet normal 0 0 1
    outer loop
      vertex 150 191 1180
      vertex -150 191 1180
      vertex 150 -210 1180
    endloop
  endfacet
  facet normal 0 0 1
    outer loop
      vertex 150 -210 1180
      vertex -150 191 1180
      vertex -150 -210 1180
    endloop
  endfacet
  facet normal -0.514338 0.857588 0
    outer loop
      vertex -139.957 207.757 0
      vertex -141.556 206.798 1180
      vertex -139.957 207.757 1180
    endloop
  endfacet
  facet normal -0.514338 0.857588 0
    outer loop
      vertex -141.556 206.798 1180
      vertex -139.957 207.757 0
      vertex -141.556 206.798 0
    endloop
  endfacet
  facet normal -0.595959 0.803015 0
    outer loop
      vertex -141.556 206.798 0
      vertex -143.053 205.687 1180
      vertex -141.556 206.798 1180
    endloop
  endfacet
  facet normal -0.595959 0.803015 0
    outer loop
      vertex -143.053 205.687 1180
      vertex -141.556 206.798 0
      vertex -143.053 205.687 0
    endloop
  endfacet
  facet normal 0 0 -1
    outer loop
      vertex -150 191 0
      vertex 150 191 0
      vertex 150 -210 0
    endloop
  endfacet
  facet normal 0 -0 -1
    outer loop
      vertex 131 210 0
      vertex 150 191 0
      vertex -150 191 0
    endloop
  endfacet
  facet normal 0 0 -1
    outer loop
      vertex 150 191 0
      vertex 131 210 0
      vertex 149.909 192.862 0
    endloop
  endfacet
  facet normal 0 0 -1
    outer loop
      vertex 149.909 192.862 0
      vertex 131 210 0
      vertex 149.635 194.707 0
    endloop
  endfacet
  facet normal 0 0 -1
    outer loop
      vertex 149.635 194.707 0
      vertex 131 210 0
      vertex 149.182 196.515 0
    endloop
  endfacet
  facet normal 0 0 -1
    outer loop
      vertex 148.554 198.271 0
      vertex 131 210 0
      vertex 147.757 199.957 0
    endloop
  endfacet
  facet normal 0 0 -1
    outer loop
      vertex 147.757 199.957 0
      vertex 131 210 0
      vertex 146.798 201.556 0
    endloop
  endfacet
  facet normal 0 0 -1
    outer loop
      vertex 146.798 201.556 0
      vertex 131 210 0
      vertex 145.687 203.053 0
    endloop
  endfacet
  facet normal 0 0 -1
    outer loop
      vertex 145.687 203.053 0
      vertex 131 210 0
      vertex 144.435 204.435 0
    endloop
  endfacet
  facet normal 0 0 -1
    outer loop
      vertex 144.435 204.435 0
      vertex 131 210 0
      vertex 143.053 205.687 0
    endloop
  endfacet
  facet normal 0 0 -1
    outer loop
      vertex 143.053 205.687 0
      vertex 131 210 0
      vertex 141.556 206.798 0
    endloop
  endfacet
  facet normal 0 0 -1
    outer loop
      vertex 141.556 206.798 0
      vertex 131 210 0
      vertex 139.957 207.757 0
    endloop
  endfacet
  facet normal 0 0 -1
    outer loop
      vertex 139.957 207.757 0
      vertex 131 210 0
      vertex 138.271 208.554 0
    endloop
  endfacet
  facet normal 0 0 -1
    outer loop
      vertex 138.271 208.554 0
      vertex 131 210 0
      vertex 136.515 209.182 0
    endloop
  endfacet
  facet normal 0 0 -1
    outer loop
      vertex 136.515 209.182 0
      vertex 131 210 0
      vertex 134.707 209.635 0
    endloop
  endfacet
  facet normal 0 0 -1
    outer loop
      vertex 134.707 209.635 0
      vertex 131 210 0
      vertex 132.862 209.909 0
    endloop
  endfacet
  facet normal 0 0 -1
    outer loop
      vertex 149.182 196.515 0
      vertex 131 210 0
      vertex 148.554 198.271 0
    endloop
  endfacet
  facet normal -0 0 -1
    outer loop
      vertex 131 210 0
      vertex -150 191 0
      vertex -131 210 0
    endloop
  endfacet
  facet normal 0 0 -1
    outer loop
      vertex -131 210 0
      vertex -150 191 0
      vertex -132.862 209.909 0
    endloop
  endfacet
  facet normal 0 0 -1
    outer loop
      vertex -132.862 209.909 0
      vertex -150 191 0
      vertex -134.707 209.635 0
    endloop
  endfacet
  facet normal 0 0 -1
    outer loop
      vertex -134.707 209.635 0
      vertex -150 191 0
      vertex -136.515 209.182 0
    endloop
  endfacet
  facet normal 0 0 -1
    outer loop
      vertex -136.515 209.182 0
      vertex -150 191 0
      vertex -138.271 208.554 0
    endloop
  endfacet
  facet normal 0 0 -1
    outer loop
      vertex -138.271 208.554 0
      vertex -150 191 0
      vertex -139.957 207.757 0
    endloop
  endfacet
  facet normal 0 0 -1
    outer loop
      vertex -139.957 207.757 0
      vertex -150 191 0
      vertex -141.556 206.798 0
    endloop
  endfacet
  facet normal 0 0 -1
    outer loop
      vertex -141.556 206.798 0
      vertex -150 191 0
      vertex -143.053 205.687 0
    endloop
  endfacet
  facet normal 0 0 -1
    outer loop
      vertex -143.053 205.687 0
      vertex -150 191 0
      vertex -144.435 204.435 0
    endloop
  endfacet
  facet normal 0 0 -1
    outer loop
      vertex -144.435 204.435 0
      vertex -150 191 0
      vertex -145.687 203.053 0
    endloop
  endfacet
  facet normal 0 0 -1
    outer loop
      vertex -145.687 203.053 0
      vertex -150 191 0
      vertex -146.798 201.556 0
    endloop
  endfacet
  facet normal 0 0 -1
    outer loop
      vertex -146.798 201.556 0
      vertex -150 191 0
      vertex -147.757 199.957 0
    endloop
  endfacet
  facet normal 0 0 -1
    outer loop
      vertex -147.757 199.957 0
      vertex -150 191 0
      vertex -148.554 198.271 0
    endloop
  endfacet
  facet normal 0 0 -1
    outer loop
      vertex -148.554 198.271 0
      vertex -150 191 0
      vertex -149.182 196.515 0
    endloop
  endfacet
  facet normal 0 0 -1
    outer loop
      vertex -149.182 196.515 0
      vertex -150 191 0
      vertex -149.635 194.707 0
    endloop
  endfacet
  facet normal 0 0 -1
    outer loop
      vertex -150 191 0
      vertex 150 -210 0
      vertex -150 -210 0
    endloop
  endfacet
  facet normal 0 0 -1
    outer loop
      vertex -149.635 194.707 0
      vertex -150 191 0
      vertex -149.909 192.862 0
    endloop
  endfacet
  facet normal 0.427372 0.904076 -0
    outer loop
      vertex 139.957 207.757 0
      vertex 138.271 208.554 1180
      vertex 139.957 207.757 1180
    endloop
  endfacet
  facet normal 0.427372 0.904076 0
    outer loop
      vertex 138.271 208.554 1180
      vertex 139.957 207.757 0
      vertex 138.271 208.554 0
    endloop
  endfacet
  facet normal -0.989152 0.146898 0
    outer loop
      vertex -149.909 192.862 0
      vertex -149.635 194.707 1180
      vertex -149.635 194.707 0
    endloop
  endfacet
  facet normal -0.989152 0.146898 0
    outer loop
      vertex -149.635 194.707 1180
      vertex -149.909 192.862 0
      vertex -149.909 192.862 1180
    endloop
  endfacet
  facet normal -0.998808 0.0488139 0
    outer loop
      vertex -150 191 0
      vertex -149.909 192.862 1180
      vertex -149.909 192.862 0
    endloop
  endfacet
  facet normal -0.998808 0.0488139 0
    outer loop
      vertex -149.909 192.862 1180
      vertex -150 191 0
      vertex -150 191 1180
    endloop
  endfacet
  facet normal -0 0 1
    outer loop
      vertex -128 188 22
      vertex 128 -188 22
      vertex 128 188 22
    endloop
  endfacet
  facet normal 0 0 1
    outer loop
      vertex 128 -188 22
      vertex -128 188 22
      vertex -128 -188 22
    endloop
  endfacet
  facet normal -1 0 0
    outer loop
      vertex 128 -100.409 620.409
      vertex 128 -111.335 632.395
      vertex 128 -111.284 632.784
    endloop
  endfacet
  facet normal -1 0 0
    outer loop
      vertex 128 -100.409 620.409
      vertex 128 -111.484 632.034
      vertex 128 -111.335 632.395
    endloop
  endfacet
  facet normal -1 0 0
    outer loop
      vertex 128 -100.409 620.409
      vertex 128 -111.723 631.723
      vertex 128 -111.484 632.034
    endloop
  endfacet
  facet normal -1 0 0
    outer loop
      vertex 128 -100.409 620.409
      vertex 128 -112.034 631.484
      vertex 128 -111.723 631.723
    endloop
  endfacet
  facet normal -1 0 0
    outer loop
      vertex 128 -100.409 620.409
      vertex 128 -112.395 631.335
      vertex 128 -112.034 631.484
    endloop
  endfacet
  facet normal -1 0 0
    outer loop
      vertex 128 -109.767 610.084
      vertex 128 -112.784 631.284
      vertex 128 -112.395 631.335
    endloop
  endfacet
  facet normal -1 0 0
    outer loop
      vertex 128 -109.767 610.084
      vertex 128 -113.172 631.335
      vertex 128 -112.784 631.284
    endloop
  endfacet
  facet normal -1 0 0
    outer loop
      vertex 128 -109.767 610.084
      vertex 128 -113.534 631.484
      vertex 128 -113.172 631.335
    endloop
  endfacet
  facet normal -1 0 0
    outer loop
      vertex 128 -109.767 610.084
      vertex 128 -113.844 631.723
      vertex 128 -113.534 631.484
    endloop
  endfacet
  facet normal -1 0 0
    outer loop
      vertex 128 -118.069 598.891
      vertex 128 -113.844 631.723
      vertex 128 -109.767 610.084
    endloop
  endfacet
  facet normal -1 -0 0
    outer loop
      vertex 128 -113.844 631.723
      vertex 128 -118.069 598.891
      vertex 128 -114.083 632.034
    endloop
  endfacet
  facet normal -1 0 0
    outer loop
      vertex 128 -125.233 586.938
      vertex 128 -114.232 632.395
      vertex 128 -118.069 598.891
    endloop
  endfacet
  facet normal -1 -0 0
    outer loop
      vertex 128 -114.083 632.034
      vertex 128 -118.069 598.891
      vertex 128 -114.232 632.395
    endloop
  endfacet
  facet normal -1 0 0
    outer loop
      vertex 128 -111.484 407.966
      vertex 128 -100.409 419.591
      vertex 128 -111.335 407.605
    endloop
  endfacet
  facet normal -1 0 0
    outer loop
      vertex 128 -111.723 408.277
      vertex 128 -100.409 419.591
      vertex 128 -111.484 407.966
    endloop
  endfacet
  facet normal -1 0 0
    outer loop
      vertex 128 -112.034 408.516
      vertex 128 -100.409 419.591
      vertex 128 -111.723 408.277
    endloop
  endfacet
  facet normal -1 0 0
    outer loop
      vertex 128 -112.395 408.665
      vertex 128 -100.409 419.591
      vertex 128 -112.034 408.516
    endloop
  endfacet
  facet normal -1 -0 0
    outer loop
      vertex 128 -100.409 419.591
      vertex 128 -112.395 408.665
      vertex 128 -109.767 429.916
    endloop
  endfacet
  facet normal -1 0 0
    outer loop
      vertex 128 -112.784 408.716
      vertex 128 -109.767 429.916
      vertex 128 -112.395 408.665
    endloop
  endfacet
  facet normal -1 0 0
    outer loop
      vertex 128 -113.172 408.665
      vertex 128 -109.767 429.916
      vertex 128 -112.784 408.716
    endloop
  endfacet
  facet normal -1 0 0
    outer loop
      vertex 128 -113.534 408.516
      vertex 128 -109.767 429.916
      vertex 128 -113.172 408.665
    endloop
  endfacet
  facet normal -1 0 0
    outer loop
      vertex 128 -113.844 408.277
      vertex 128 -109.767 429.916
      vertex 128 -113.534 408.516
    endloop
  endfacet
  facet normal -1 0 0
    outer loop
      vertex 128 -118.069 441.109
      vertex 128 -113.844 408.277
      vertex 128 -114.083 407.966
    endloop
  endfacet
  facet normal -1 0 0
    outer loop
      vertex 128 -118.069 441.109
      vertex 128 -114.083 407.966
      vertex 128 -114.232 407.605
    endloop
  endfacet
  facet normal -1 0 0
    outer loop
      vertex 128 -113.844 408.277
      vertex 128 -118.069 441.109
      vertex 128 -109.767 429.916
    endloop
  endfacet
  facet normal -1 0 0
    outer loop
      vertex 128 -125.233 453.062
      vertex 128 -114.232 407.605
      vertex 128 -114.284 407.216
    endloop
  endfacet
  facet normal -1 0 0
    outer loop
      vertex 128 13.9184 661.316
      vertex 128 1.44889 679.112
      vertex 128 1.5 679.5
    endloop
  endfacet
  facet normal -1 0 0
    outer loop
      vertex 128 13.9184 661.316
      vertex 128 1.29904 678.75
      vertex 128 1.44889 679.112
    endloop
  endfacet
  facet normal -1 0 0
    outer loop
      vertex 128 13.9184 661.316
      vertex 128 1.06066 678.439
      vertex 128 1.29904 678.75
    endloop
  endfacet
  facet normal -1 0 0
    outer loop
      vertex 128 13.9184 661.316
      vertex 128 0.75 678.201
      vertex 128 1.06066 678.439
    endloop
  endfacet
  facet normal -1 0 0
    outer loop
      vertex 128 0 662
      vertex 128 0.75 678.201
      vertex 128 13.9184 661.316
    endloop
  endfacet
  facet normal -1 0 0
    outer loop
      vertex 128 0.75 678.201
      vertex 128 0 662
      vertex 128 0.388228 678.051
    endloop
  endfacet
  facet normal -1 0 0
    outer loop
      vertex 128 0 662
      vertex 128 0 678
      vertex 128 0.388228 678.051
    endloop
  endfacet
  facet normal -1 0 0
    outer loop
      vertex 128 0 662
      vertex 128 -0.388228 678.051
      vertex 128 0 678
    endloop
  endfacet
  facet normal -1 0 0
    outer loop
      vertex 128 0 662
      vertex 128 -0.75 678.201
      vertex 128 -0.388228 678.051
    endloop
  endfacet
  facet normal -1 0 0
    outer loop
      vertex 128 0 662
      vertex 128 -1.06066 678.439
      vertex 128 -0.75 678.201
    endloop
  endfacet
  facet normal -1 0 0
    outer loop
      vertex 128 -13.9184 661.316
      vertex 128 -1.06066 678.439
      vertex 128 0 662
    endloop
  endfacet
  facet normal -1 -0 0
    outer loop
      vertex 128 -1.06066 678.439
      vertex 128 -13.9184 661.316
      vertex 128 -1.29904 678.75
    endloop
  endfacet
  facet normal -1 -0 0
    outer loop
      vertex 128 -1.29904 678.75
      vertex 128 -13.9184 661.316
      vertex 128 -1.44889 679.112
    endloop
  endfacet
  facet normal -1 -0 0
    outer loop
      vertex 128 -1.44889 679.112
      vertex 128 -13.9184 661.316
      vertex 128 -1.5 679.5
    endloop
  endfacet
  facet normal -1 0 0
    outer loop
      vertex 128 1.44889 360.888
      vertex 128 13.9184 378.684
      vertex 128 1.5 360.5
    endloop
  endfacet
  facet normal -1 0 0
    outer loop
      vertex 128 1.29904 361.25
      vertex 128 13.9184 378.684
      vertex 128 1.44889 360.888
    endloop
  endfacet
  facet normal -1 0 0
    outer loop
      vertex 128 1.06066 361.561
      vertex 128 13.9184 378.684
      vertex 128 1.29904 361.25
    endloop
  endfacet
  facet normal -1 0 0
    outer loop
      vertex 128 0.75 361.799
      vertex 128 13.9184 378.684
      vertex 128 1.06066 361.561
    endloop
  endfacet
  facet normal -1 0 0
    outer loop
      vertex 128 0 378
      vertex 128 0.75 361.799
      vertex 128 0.388228 361.949
    endloop
  endfacet
  facet normal -1 0 0
    outer loop
      vertex 128 0 378
      vertex 128 0.388228 361.949
      vertex 128 0 362
    endloop
  endfacet
  facet normal -1 0 0
    outer loop
      vertex 128 0.75 361.799
      vertex 128 0 378
      vertex 128 13.9184 378.684
    endloop
  endfacet
  facet normal -1 0 0
    outer loop
      vertex 128 -0.388228 361.949
      vertex 128 0 378
      vertex 128 0 362
    endloop
  endfacet
  facet normal -1 0 0
    outer loop
      vertex 128 -0.75 361.799
      vertex 128 0 378
      vertex 128 -0.388228 361.949
    endloop
  endfacet
  facet normal -1 0 0
    outer loop
      vertex 128 -1.06066 361.561
      vertex 128 0 378
      vertex 128 -0.75 361.799
    endloop
  endfacet
  facet normal -1 0 0
    outer loop
      vertex 128 -13.9184 378.684
      vertex 128 -1.06066 361.561
      vertex 128 -1.29904 361.25
    endloop
  endfacet
  facet normal -1 0 0
    outer loop
      vertex 128 -13.9184 378.684
      vertex 128 -1.29904 361.25
      vertex 128 -1.44889 360.888
    endloop
  endfacet
  facet normal -1 0 0
    outer loop
      vertex 128 -13.9184 378.684
      vertex 128 -1.44889 360.888
      vertex 128 -1.5 360.5
    endloop
  endfacet
  facet normal -1 0 0
    outer loop
      vertex 128 -1.06066 361.561
      vertex 128 -13.9184 378.684
      vertex 128 0 378
    endloop
  endfacet
  facet normal -1 0 0
    outer loop
      vertex 128 125.233 586.938
      vertex 128 114.232 632.395
      vertex 128 114.284 632.784
    endloop
  endfacet
  facet normal -1 0 0
    outer loop
      vertex 128 118.069 598.891
      vertex 128 114.083 632.034
      vertex 128 114.232 632.395
    endloop
  endfacet
  facet normal -1 0 0
    outer loop
      vertex 128 118.069 598.891
      vertex 128 113.844 631.723
      vertex 128 114.083 632.034
    endloop
  endfacet
  facet normal -1 0 0
    outer loop
      vertex 128 109.767 610.084
      vertex 128 113.844 631.723
      vertex 128 118.069 598.891
    endloop
  endfacet
  facet normal -1 0 0
    outer loop
      vertex 128 113.844 631.723
      vertex 128 109.767 610.084
      vertex 128 113.534 631.484
    endloop
  endfacet
  facet normal -1 0 0
    outer loop
      vertex 128 113.534 631.484
      vertex 128 109.767 610.084
      vertex 128 113.172 631.335
    endloop
  endfacet
  facet normal -1 0 0
    outer loop
      vertex 128 113.172 631.335
      vertex 128 109.767 610.084
      vertex 128 112.784 631.284
    endloop
  endfacet
  facet normal -1 -0 0
    outer loop
      vertex 128 112.784 631.284
      vertex 128 109.767 610.084
      vertex 128 112.395 631.335
    endloop
  endfacet
  facet normal -1 0 0
    outer loop
      vertex 128 100.409 620.409
      vertex 128 112.395 631.335
      vertex 128 109.767 610.084
    endloop
  endfacet
  facet normal -1 -0 0
    outer loop
      vertex 128 112.395 631.335
      vertex 128 100.409 620.409
      vertex 128 112.034 631.484
    endloop
  endfacet
  facet normal -1 -0 0
    outer loop
      vertex 128 112.034 631.484
      vertex 128 100.409 620.409
      vertex 128 111.723 631.723
    endloop
  endfacet
  facet normal -1 -0 0
    outer loop
      vertex 128 111.484 632.034
      vertex 128 100.409 620.409
      vertex 128 111.335 632.395
    endloop
  endfacet
  facet normal -1 -0 0
    outer loop
      vertex 128 111.723 631.723
      vertex 128 100.409 620.409
      vertex 128 111.484 632.034
    endloop
  endfacet
  facet normal -1 0 0
    outer loop
      vertex 128 188 22
      vertex 128 161 520
      vertex 128 188 1158
    endloop
  endfacet
  facet normal -1 0 0
    outer loop
      vertex 128 188 22
      vertex 128 160.949 519.612
      vertex 128 161 520
    endloop
  endfacet
  facet normal -1 0 0
    outer loop
      vertex 128 188 22
      vertex 128 160.799 519.25
      vertex 128 160.949 519.612
    endloop
  endfacet
  facet normal -1 0 0
    outer loop
      vertex 128 114.232 406.828
      vertex 128 160.799 519.25
      vertex 128 188 22
    endloop
  endfacet
  facet normal -1 0 -0
    outer loop
      vertex 128 131.191 465.659
      vertex 128 160.799 519.25
      vertex 128 114.232 406.828
    endloop
  endfacet
  facet normal -1 0 0
    outer loop
      vertex 128 160.799 519.25
      vertex 128 131.191 465.659
      vertex 128 160.561 518.939
    endloop
  endfacet
  facet normal -1 0 -0
    outer loop
      vertex 128 135.886 478.78
      vertex 128 160.561 518.939
      vertex 128 131.191 465.659
    endloop
  endfacet
  facet normal -1 0 0
    outer loop
      vertex 128 160.561 518.939
      vertex 128 135.886 478.78
      vertex 128 160.25 518.701
    endloop
  endfacet
  facet normal -1 0 -0
    outer loop
      vertex 128 139.272 492.297
      vertex 128 160.25 518.701
      vertex 128 135.886 478.78
    endloop
  endfacet
  facet normal -1 0 0
    outer loop
      vertex 128 160.25 518.701
      vertex 128 139.272 492.297
      vertex 128 159.888 518.551
    endloop
  endfacet
  facet normal -1 0 0
    outer loop
      vertex 128 159.888 518.551
      vertex 128 139.272 492.297
      vertex 128 159.5 518.5
    endloop
  endfacet
  facet normal -1 0 -0
    outer loop
      vertex 128 141.316 506.082
      vertex 128 159.5 518.5
      vertex 128 139.272 492.297
    endloop
  endfacet
  facet normal -1 -0 0
    outer loop
      vertex 128 159.5 518.5
      vertex 128 141.316 506.082
      vertex 128 159.112 518.551
    endloop
  endfacet
  facet normal -1 -0 0
    outer loop
      vertex 128 159.112 518.551
      vertex 128 141.316 506.082
      vertex 128 158.75 518.701
    endloop
  endfacet
  facet normal -1 0 0
    outer loop
      vertex 128 158.051 519.612
      vertex 128 142 520
      vertex 128 158 520
    endloop
  endfacet
  facet normal -1 0 0
    outer loop
      vertex 128 158.201 519.25
      vertex 128 142 520
      vertex 128 158.051 519.612
    endloop
  endfacet
  facet normal -1 0 -0
    outer loop
      vertex 128 142 520
      vertex 128 158.201 519.25
      vertex 128 141.316 506.082
    endloop
  endfacet
  facet normal -1 -0 0
    outer loop
      vertex 128 158.439 518.939
      vertex 128 141.316 506.082
      vertex 128 158.201 519.25
    endloop
  endfacet
  facet normal -1 -0 0
    outer loop
      vertex 128 158.75 518.701
      vertex 128 141.316 506.082
      vertex 128 158.439 518.939
    endloop
  endfacet
  facet normal -1 0 -0
    outer loop
      vertex 128 114.284 407.216
      vertex 128 131.191 465.659
      vertex 128 114.232 406.828
    endloop
  endfacet
  facet normal -1 0 0
    outer loop
      vertex 128 114.232 407.605
      vertex 128 125.233 453.062
      vertex 128 114.284 407.216
    endloop
  endfacet
  facet normal -1 0 0
    outer loop
      vertex 128 131.191 465.659
      vertex 128 114.284 407.216
      vertex 128 125.233 453.062
    endloop
  endfacet
  facet normal -1 0 0
    outer loop
      vertex 128 188 22
      vertex 128 114.083 406.466
      vertex 128 114.232 406.828
    endloop
  endfacet
  facet normal -1 0 0
    outer loop
      vertex 128 188 22
      vertex 128 113.844 406.156
      vertex 128 114.083 406.466
    endloop
  endfacet
  facet normal -1 0 0
    outer loop
      vertex 128 188 22
      vertex 128 113.534 405.917
      vertex 128 113.844 406.156
    endloop
  endfacet
  facet normal -1 0 0
    outer loop
      vertex 128 188 22
      vertex 128 113.172 405.768
      vertex 128 113.534 405.917
    endloop
  endfacet
  facet normal -1 0 0
    outer loop
      vertex 128 188 22
      vertex 128 112.784 405.716
      vertex 128 113.172 405.768
    endloop
  endfacet
  facet normal -1 0 0
    outer loop
      vertex 128 54.341 388.809
      vertex 128 112.784 405.716
      vertex 128 188 22
    endloop
  endfacet
  facet normal -1 0 -0
    outer loop
      vertex 128 66.9383 394.767
      vertex 128 112.784 405.716
      vertex 128 54.341 388.809
    endloop
  endfacet
  facet normal -1 -0 0
    outer loop
      vertex 128 112.784 405.716
      vertex 128 66.9383 394.767
      vertex 128 112.395 405.768
    endloop
  endfacet
  facet normal -1 0 -0
    outer loop
      vertex 128 78.891 401.931
      vertex 128 112.395 405.768
      vertex 128 66.9383 394.767
    endloop
  endfacet
  facet normal -1 -0 0
    outer loop
      vertex 128 112.395 405.768
      vertex 128 78.891 401.931
      vertex 128 112.034 405.917
    endloop
  endfacet
  facet normal -1 0 0
    outer loop
      vertex 128 112.395 408.665
      vertex 128 100.409 419.591
      vertex 128 109.767 429.916
    endloop
  endfacet
  facet normal -1 0 0
    outer loop
      vertex 128 90.0838 410.233
      vertex 128 111.284 407.216
      vertex 128 111.335 406.828
    endloop
  endfacet
  facet normal -1 -0 0
    outer loop
      vertex 128 112.034 405.917
      vertex 128 78.891 401.931
      vertex 128 111.723 406.156
    endloop
  endfacet
  facet normal -1 0 0
    outer loop
      vertex 128 111.284 407.216
      vertex 128 90.0838 410.233
      vertex 128 100.409 419.591
    endloop
  endfacet
  facet normal -1 0 0
    outer loop
      vertex 128 111.484 406.466
      vertex 128 90.0838 410.233
      vertex 128 111.335 406.828
    endloop
  endfacet
  facet normal -1 0 0
    outer loop
      vertex 128 111.723 406.156
      vertex 128 90.0838 410.233
      vertex 128 111.484 406.466
    endloop
  endfacet
  facet normal -1 0 -0
    outer loop
      vertex 128 90.0838 410.233
      vertex 128 111.723 406.156
      vertex 128 78.891 401.931
    endloop
  endfacet
  facet normal -1 0 0
    outer loop
      vertex 128 1.06066 359.439
      vertex 128 54.341 388.809
      vertex 128 188 22
    endloop
  endfacet
  facet normal -1 0 0
    outer loop
      vertex 128 54.341 388.809
      vertex 128 1.06066 359.439
      vertex 128 41.2204 384.114
    endloop
  endfacet
  facet normal -1 0 -0
    outer loop
      vertex 128 1.29904 359.75
      vertex 128 41.2204 384.114
      vertex 128 1.06066 359.439
    endloop
  endfacet
  facet normal -1 0 -0
    outer loop
      vertex 128 1.44889 360.112
      vertex 128 27.7028 380.728
      vertex 128 1.29904 359.75
    endloop
  endfacet
  facet normal -1 0 0
    outer loop
      vertex 128 27.7028 380.728
      vertex 128 1.5 360.5
      vertex 128 13.9184 378.684
    endloop
  endfacet
  facet normal -1 0 -0
    outer loop
      vertex 128 1.5 360.5
      vertex 128 27.7028 380.728
      vertex 128 1.44889 360.112
    endloop
  endfacet
  facet normal -1 0 0
    outer loop
      vertex 128 41.2204 384.114
      vertex 128 1.29904 359.75
      vertex 128 27.7028 380.728
    endloop
  endfacet
  facet normal -1 0 0
    outer loop
      vertex 128 188 22
      vertex 128 0.75 359.201
      vertex 128 1.06066 359.439
    endloop
  endfacet
  facet normal -1 0 0
    outer loop
      vertex 128 188 22
      vertex 128 0.388228 359.051
      vertex 128 0.75 359.201
    endloop
  endfacet
  facet normal -1 0 0
    outer loop
      vertex 128 188 22
      vertex 128 0 359
      vertex 128 0.388228 359.051
    endloop
  endfacet
  facet normal -1 0 0
    outer loop
      vertex 128 -188 22
      vertex 128 0 359
      vertex 128 188 22
    endloop
  endfacet
  facet normal -1 -0 0
    outer loop
      vertex 128 0 359
      vertex 128 -188 22
      vertex 128 -0.388228 359.051
    endloop
  endfacet
  facet normal -1 -0 0
    outer loop
      vertex 128 -0.388228 359.051
      vertex 128 -188 22
      vertex 128 -0.75 359.201
    endloop
  endfacet
  facet normal -1 -0 0
    outer loop
      vertex 128 -0.75 359.201
      vertex 128 -188 22
      vertex 128 -1.06066 359.439
    endloop
  endfacet
  facet normal -1 0 0
    outer loop
      vertex 128 -27.7028 380.728
      vertex 128 -1.5 360.5
      vertex 128 -1.44889 360.112
    endloop
  endfacet
  facet normal -1 0 0
    outer loop
      vertex 128 -27.7028 380.728
      vertex 128 -1.44889 360.112
      vertex 128 -1.29904 359.75
    endloop
  endfacet
  facet normal -1 0 -0
    outer loop
      vertex 128 -54.341 388.809
      vertex 128 -1.06066 359.439
      vertex 128 -188 22
    endloop
  endfacet
  facet normal -1 -0 -0
    outer loop
      vertex 128 -41.2204 384.114
      vertex 128 -1.06066 359.439
      vertex 128 -54.341 388.809
    endloop
  endfacet
  facet normal -1 0 0
    outer loop
      vertex 128 -1.5 360.5
      vertex 128 -27.7028 380.728
      vertex 128 -13.9184 378.684
    endloop
  endfacet
  facet normal -1 0 0
    outer loop
      vertex 128 -1.29904 359.75
      vertex 128 -41.2204 384.114
      vertex 128 -27.7028 380.728
    endloop
  endfacet
  facet normal -1 0 0
    outer loop
      vertex 128 -1.06066 359.439
      vertex 128 -41.2204 384.114
      vertex 128 -1.29904 359.75
    endloop
  endfacet
  facet normal -1 0 -0
    outer loop
      vertex 128 -112.784 405.716
      vertex 128 -54.341 388.809
      vertex 128 -188 22
    endloop
  endfacet
  facet normal -1 0 0
    outer loop
      vertex 128 -54.341 388.809
      vertex 128 -112.784 405.716
      vertex 128 -66.9383 394.767
    endloop
  endfacet
  facet normal -1 0 -0
    outer loop
      vertex 128 -112.395 405.768
      vertex 128 -66.9383 394.767
      vertex 128 -112.784 405.716
    endloop
  endfacet
  facet normal -1 0 -0
    outer loop
      vertex 128 -111.484 406.466
      vertex 128 -90.0838 410.233
      vertex 128 -111.723 406.156
    endloop
  endfacet
  facet normal -1 0 0
    outer loop
      vertex 128 -111.335 407.605
      vertex 128 -100.409 419.591
      vertex 128 -111.284 407.216
    endloop
  endfacet
  facet normal -1 -0 0
    outer loop
      vertex 128 -90.0838 410.233
      vertex 128 -111.284 407.216
      vertex 128 -100.409 419.591
    endloop
  endfacet
  facet normal -1 0 -0
    outer loop
      vertex 128 -111.284 407.216
      vertex 128 -90.0838 410.233
      vertex 128 -111.335 406.828
    endloop
  endfacet
  facet normal -1 0 -0
    outer loop
      vertex 128 -111.335 406.828
      vertex 128 -90.0838 410.233
      vertex 128 -111.484 406.466
    endloop
  endfacet
  facet normal -1 0 0
    outer loop
      vertex 128 -78.891 401.931
      vertex 128 -111.723 406.156
      vertex 128 -90.0838 410.233
    endloop
  endfacet
  facet normal -1 0 -0
    outer loop
      vertex 128 -112.034 405.917
      vertex 128 -78.891 401.931
      vertex 128 -112.395 405.768
    endloop
  endfacet
  facet normal -1 0 -0
    outer loop
      vertex 128 -111.723 406.156
      vertex 128 -78.891 401.931
      vertex 128 -112.034 405.917
    endloop
  endfacet
  facet normal -1 0 0
    outer loop
      vertex 128 -66.9383 394.767
      vertex 128 -112.395 405.768
      vertex 128 -78.891 401.931
    endloop
  endfacet
  facet normal -1 -0 0
    outer loop
      vertex 128 -112.784 405.716
      vertex 128 -188 22
      vertex 128 -113.172 405.768
    endloop
  endfacet
  facet normal -1 -0 0
    outer loop
      vertex 128 -113.172 405.768
      vertex 128 -188 22
      vertex 128 -113.534 405.917
    endloop
  endfacet
  facet normal -1 0 0
    outer loop
      vertex 128 -114.232 407.605
      vertex 128 -125.233 453.062
      vertex 128 -118.069 441.109
    endloop
  endfacet
  facet normal -1 0 0
    outer loop
      vertex 128 -131.191 465.659
      vertex 128 -114.284 407.216
      vertex 128 -114.232 406.828
    endloop
  endfacet
  facet normal -1 0 0
    outer loop
      vertex 128 -114.284 407.216
      vertex 128 -131.191 465.659
      vertex 128 -125.233 453.062
    endloop
  endfacet
  facet normal -1 0 0
    outer loop
      vertex 128 -160.799 519.25
      vertex 128 -131.191 465.659
      vertex 128 -114.232 406.828
    endloop
  endfacet
  facet normal -1 0 0
    outer loop
      vertex 128 -158.201 519.25
      vertex 128 -142 520
      vertex 128 -141.316 506.082
    endloop
  endfacet
  facet normal -1 0 0
    outer loop
      vertex 128 -159.5 518.5
      vertex 128 -141.316 506.082
      vertex 128 -139.272 492.297
    endloop
  endfacet
  facet normal -1 0 0
    outer loop
      vertex 128 -160.25 518.701
      vertex 128 -139.272 492.297
      vertex 128 -135.886 478.78
    endloop
  endfacet
  facet normal -1 0 0
    outer loop
      vertex 128 -131.191 465.659
      vertex 128 -160.561 518.939
      vertex 128 -135.886 478.78
    endloop
  endfacet
  facet normal -1 -0 0
    outer loop
      vertex 128 -142 520
      vertex 128 -158.051 519.612
      vertex 128 -158 520
    endloop
  endfacet
  facet normal -1 0 0
    outer loop
      vertex 128 -142 520
      vertex 128 -158.201 519.25
      vertex 128 -158.051 519.612
    endloop
  endfacet
  facet normal -1 0 0
    outer loop
      vertex 128 -141.316 506.082
      vertex 128 -158.439 518.939
      vertex 128 -158.201 519.25
    endloop
  endfacet
  facet normal -1 0 0
    outer loop
      vertex 128 -141.316 506.082
      vertex 128 -158.75 518.701
      vertex 128 -158.439 518.939
    endloop
  endfacet
  facet normal -1 0 0
    outer loop
      vertex 128 -141.316 506.082
      vertex 128 -159.112 518.551
      vertex 128 -158.75 518.701
    endloop
  endfacet
  facet normal -1 0 0
    outer loop
      vertex 128 -141.316 506.082
      vertex 128 -159.5 518.5
      vertex 128 -159.112 518.551
    endloop
  endfacet
  facet normal -1 0 0
    outer loop
      vertex 128 -139.272 492.297
      vertex 128 -159.888 518.551
      vertex 128 -159.5 518.5
    endloop
  endfacet
  facet normal -1 0 0
    outer loop
      vertex 128 -139.272 492.297
      vertex 128 -160.25 518.701
      vertex 128 -159.888 518.551
    endloop
  endfacet
  facet normal -1 0 0
    outer loop
      vertex 128 -135.886 478.78
      vertex 128 -160.561 518.939
      vertex 128 -160.25 518.701
    endloop
  endfacet
  facet normal -1 0 0
    outer loop
      vertex 128 -131.191 465.659
      vertex 128 -160.799 519.25
      vertex 128 -160.561 518.939
    endloop
  endfacet
  facet normal -1 0 0
    outer loop
      vertex 128 -188 22
      vertex 128 -114.232 406.828
      vertex 128 -114.083 406.466
    endloop
  endfacet
  facet normal -1 -0 0
    outer loop
      vertex 128 -160.949 519.612
      vertex 128 -188 22
      vertex 128 -161 520
    endloop
  endfacet
  facet normal -1 -0 0
    outer loop
      vertex 128 -160.799 519.25
      vertex 128 -188 22
      vertex 128 -160.949 519.612
    endloop
  endfacet
  facet normal -1 -0 0
    outer loop
      vertex 128 -114.232 406.828
      vertex 128 -188 22
      vertex 128 -160.799 519.25
    endloop
  endfacet
  facet normal -1 -0 0
    outer loop
      vertex 128 -113.844 406.156
      vertex 128 -188 22
      vertex 128 -114.083 406.466
    endloop
  endfacet
  facet normal -1 -0 0
    outer loop
      vertex 128 -113.534 405.917
      vertex 128 -188 22
      vertex 128 -113.844 406.156
    endloop
  endfacet
  facet normal -1 0 0
    outer loop
      vertex 128 160.949 520.388
      vertex 128 188 1158
      vertex 128 161 520
    endloop
  endfacet
  facet normal -1 0 0
    outer loop
      vertex 128 160.799 520.75
      vertex 128 188 1158
      vertex 128 160.949 520.388
    endloop
  endfacet
  facet normal -1 0 0
    outer loop
      vertex 128 131.191 574.341
      vertex 128 160.799 520.75
      vertex 128 160.561 521.061
    endloop
  endfacet
  facet normal -1 0 0
    outer loop
      vertex 128 135.886 561.22
      vertex 128 160.561 521.061
      vertex 128 160.25 521.299
    endloop
  endfacet
  facet normal -1 0 0
    outer loop
      vertex 128 139.272 547.703
      vertex 128 160.25 521.299
      vertex 128 159.888 521.449
    endloop
  endfacet
  facet normal -1 0 0
    outer loop
      vertex 128 139.272 547.703
      vertex 128 159.888 521.449
      vertex 128 159.5 521.5
    endloop
  endfacet
  facet normal -1 0 0
    outer loop
      vertex 128 141.316 533.918
      vertex 128 159.5 521.5
      vertex 128 159.112 521.449
    endloop
  endfacet
  facet normal -1 0 0
    outer loop
      vertex 128 141.316 533.918
      vertex 128 159.112 521.449
      vertex 128 158.75 521.299
    endloop
  endfacet
  facet normal -1 0 0
    outer loop
      vertex 128 141.316 533.918
      vertex 128 158.75 521.299
      vertex 128 158.439 521.061
    endloop
  endfacet
  facet normal -1 0 0
    outer loop
      vertex 128 141.316 533.918
      vertex 128 158.439 521.061
      vertex 128 158.201 520.75
    endloop
  endfacet
  facet normal -1 0 0
    outer loop
      vertex 128 142 520
      vertex 128 158.201 520.75
      vertex 128 158.051 520.388
    endloop
  endfacet
  facet normal -1 0 0
    outer loop
      vertex 128 142 520
      vertex 128 158.051 520.388
      vertex 128 158 520
    endloop
  endfacet
  facet normal -1 -0 0
    outer loop
      vertex 128 158.201 520.75
      vertex 128 142 520
      vertex 128 141.316 533.918
    endloop
  endfacet
  facet normal -1 0 0
    outer loop
      vertex 128 159.5 521.5
      vertex 128 141.316 533.918
      vertex 128 139.272 547.703
    endloop
  endfacet
  facet normal -1 0 0
    outer loop
      vertex 128 160.25 521.299
      vertex 128 139.272 547.703
      vertex 128 135.886 561.22
    endloop
  endfacet
  facet normal -1 0 0
    outer loop
      vertex 128 160.561 521.061
      vertex 128 135.886 561.22
      vertex 128 131.191 574.341
    endloop
  endfacet
  facet normal -1 0 0
    outer loop
      vertex 128 160.799 520.75
      vertex 128 131.191 574.341
      vertex 128 114.232 633.172
    endloop
  endfacet
  facet normal -1 0 0
    outer loop
      vertex 128 114.284 632.784
      vertex 128 131.191 574.341
      vertex 128 125.233 586.938
    endloop
  endfacet
  facet normal -1 0 0
    outer loop
      vertex 128 114.232 632.395
      vertex 128 125.233 586.938
      vertex 128 118.069 598.891
    endloop
  endfacet
  facet normal -1 0 0
    outer loop
      vertex 128 131.191 574.341
      vertex 128 114.284 632.784
      vertex 128 114.232 633.172
    endloop
  endfacet
  facet normal -1 0 0
    outer loop
      vertex 128 160.799 520.75
      vertex 128 114.232 633.172
      vertex 128 188 1158
    endloop
  endfacet
  facet normal -1 0 0
    outer loop
      vertex 128 114.083 633.534
      vertex 128 188 1158
      vertex 128 114.232 633.172
    endloop
  endfacet
  facet normal -1 0 0
    outer loop
      vertex 128 113.844 633.844
      vertex 128 188 1158
      vertex 128 114.083 633.534
    endloop
  endfacet
  facet normal -1 0 0
    outer loop
      vertex 128 113.534 634.083
      vertex 128 188 1158
      vertex 128 113.844 633.844
    endloop
  endfacet
  facet normal -1 0 0
    outer loop
      vertex 128 113.172 634.232
      vertex 128 188 1158
      vertex 128 113.534 634.083
    endloop
  endfacet
  facet normal -1 0 0
    outer loop
      vertex 128 54.341 651.191
      vertex 128 113.172 634.232
      vertex 128 112.784 634.284
    endloop
  endfacet
  facet normal -1 0 0
    outer loop
      vertex 128 66.9383 645.233
      vertex 128 112.784 634.284
      vertex 128 112.395 634.232
    endloop
  endfacet
  facet normal -1 0 0
    outer loop
      vertex 128 78.891 638.069
      vertex 128 112.395 634.232
      vertex 128 112.034 634.083
    endloop
  endfacet
  facet normal -1 0 0
    outer loop
      vertex 128 78.891 638.069
      vertex 128 112.034 634.083
      vertex 128 111.723 633.844
    endloop
  endfacet
  facet normal -1 0 0
    outer loop
      vertex 128 90.0838 629.767
      vertex 128 111.723 633.844
      vertex 128 111.484 633.534
    endloop
  endfacet
  facet normal -1 0 0
    outer loop
      vertex 128 90.0838 629.767
      vertex 128 111.484 633.534
      vertex 128 111.335 633.172
    endloop
  endfacet
  facet normal -1 -0 0
    outer loop
      vertex 128 111.335 632.395
      vertex 128 100.409 620.409
      vertex 128 111.284 632.784
    endloop
  endfacet
  facet normal -1 0 0
    outer loop
      vertex 128 90.0838 629.767
      vertex 128 111.284 632.784
      vertex 128 100.409 620.409
    endloop
  endfacet
  facet normal -1 -0 0
    outer loop
      vertex 128 111.284 632.784
      vertex 128 90.0838 629.767
      vertex 128 111.335 633.172
    endloop
  endfacet
  facet normal -1 -0 0
    outer loop
      vertex 128 111.723 633.844
      vertex 128 90.0838 629.767
      vertex 128 78.891 638.069
    endloop
  endfacet
  facet normal -1 0 0
    outer loop
      vertex 128 112.395 634.232
      vertex 128 78.891 638.069
      vertex 128 66.9383 645.233
    endloop
  endfacet
  facet normal -1 0 0
    outer loop
      vertex 128 112.784 634.284
      vertex 128 66.9383 645.233
      vertex 128 54.341 651.191
    endloop
  endfacet
  facet normal -1 0 0
    outer loop
      vertex 128 113.172 634.232
      vertex 128 54.341 651.191
      vertex 128 188 1158
    endloop
  endfacet
  facet normal -1 0 0
    outer loop
      vertex 128 1.06066 680.561
      vertex 128 54.341 651.191
      vertex 128 41.2204 655.885
    endloop
  endfacet
  facet normal -1 0 0
    outer loop
      vertex 128 1.29904 680.25
      vertex 128 41.2204 655.885
      vertex 128 27.7028 659.271
    endloop
  endfacet
  facet normal -1 0 0
    outer loop
      vertex 128 1.5 679.5
      vertex 128 27.7028 659.271
      vertex 128 13.9184 661.316
    endloop
  endfacet
  facet normal -1 0 0
    outer loop
      vertex 128 27.7028 659.271
      vertex 128 1.5 679.5
      vertex 128 1.44889 679.888
    endloop
  endfacet
  facet normal -1 0 0
    outer loop
      vertex 128 27.7028 659.271
      vertex 128 1.44889 679.888
      vertex 128 1.29904 680.25
    endloop
  endfacet
  facet normal -1 0 0
    outer loop
      vertex 128 41.2204 655.885
      vertex 128 1.29904 680.25
      vertex 128 1.06066 680.561
    endloop
  endfacet
  facet normal -1 0 0
    outer loop
      vertex 128 54.341 651.191
      vertex 128 1.06066 680.561
      vertex 128 0.75 680.799
    endloop
  endfacet
  facet normal -1 0 0
    outer loop
      vertex 128 54.341 651.191
      vertex 128 0.75 680.799
      vertex 128 188 1158
    endloop
  endfacet
  facet normal -1 0 0
    outer loop
      vertex 128 0.388228 680.949
      vertex 128 188 1158
      vertex 128 0.75 680.799
    endloop
  endfacet
  facet normal -1 0 0
    outer loop
      vertex 128 0 681
      vertex 128 188 1158
      vertex 128 0.388228 680.949
    endloop
  endfacet
  facet normal -1 0 0
    outer loop
      vertex 128 -188 1158
      vertex 128 0 681
      vertex 128 -0.388228 680.949
    endloop
  endfacet
  facet normal -1 0 0
    outer loop
      vertex 128 -188 1158
      vertex 128 -0.388228 680.949
      vertex 128 -0.75 680.799
    endloop
  endfacet
  facet normal -1 0 0
    outer loop
      vertex 128 -54.341 651.191
      vertex 128 -0.75 680.799
      vertex 128 -1.06066 680.561
    endloop
  endfacet
  facet normal -1 0 0
    outer loop
      vertex 128 -41.2204 655.885
      vertex 128 -1.06066 680.561
      vertex 128 -1.29904 680.25
    endloop
  endfacet
  facet normal -1 0 0
    outer loop
      vertex 128 -27.7028 659.271
      vertex 128 -1.29904 680.25
      vertex 128 -1.44889 679.888
    endloop
  endfacet
  facet normal -1 0 0
    outer loop
      vertex 128 -27.7028 659.271
      vertex 128 -1.5 679.5
      vertex 128 -13.9184 661.316
    endloop
  endfacet
  facet normal -1 -0 0
    outer loop
      vertex 128 -1.5 679.5
      vertex 128 -27.7028 659.271
      vertex 128 -1.44889 679.888
    endloop
  endfacet
  facet normal -1 0 0
    outer loop
      vertex 128 -1.29904 680.25
      vertex 128 -27.7028 659.271
      vertex 128 -41.2204 655.885
    endloop
  endfacet
  facet normal -1 0 0
    outer loop
      vertex 128 -1.06066 680.561
      vertex 128 -41.2204 655.885
      vertex 128 -54.341 651.191
    endloop
  endfacet
  facet normal -1 -0 0
    outer loop
      vertex 128 -0.75 680.799
      vertex 128 -54.341 651.191
      vertex 128 -188 1158
    endloop
  endfacet
  facet normal -1 0 0
    outer loop
      vertex 128 -112.784 634.284
      vertex 128 -54.341 651.191
      vertex 128 -66.9383 645.233
    endloop
  endfacet
  facet normal -1 0 0
    outer loop
      vertex 128 -112.395 634.232
      vertex 128 -66.9383 645.233
      vertex 128 -78.891 638.069
    endloop
  endfacet
  facet normal -1 0 0
    outer loop
      vertex 128 -111.723 633.844
      vertex 128 -78.891 638.069
      vertex 128 -90.0838 629.767
    endloop
  endfacet
  facet normal -1 0 0
    outer loop
      vertex 128 -111.284 632.784
      vertex 128 -90.0838 629.767
      vertex 128 -100.409 620.409
    endloop
  endfacet
  facet normal -1 0 0
    outer loop
      vertex 128 -112.395 631.335
      vertex 128 -100.409 620.409
      vertex 128 -109.767 610.084
    endloop
  endfacet
  facet normal -1 0 0
    outer loop
      vertex 128 -90.0838 629.767
      vertex 128 -111.284 632.784
      vertex 128 -111.335 633.172
    endloop
  endfacet
  facet normal -1 0 0
    outer loop
      vertex 128 -90.0838 629.767
      vertex 128 -111.335 633.172
      vertex 128 -111.484 633.534
    endloop
  endfacet
  facet normal -1 0 0
    outer loop
      vertex 128 -90.0838 629.767
      vertex 128 -111.484 633.534
      vertex 128 -111.723 633.844
    endloop
  endfacet
  facet normal -1 0 0
    outer loop
      vertex 128 -78.891 638.069
      vertex 128 -111.723 633.844
      vertex 128 -112.034 634.083
    endloop
  endfacet
  facet normal -1 0 0
    outer loop
      vertex 128 -78.891 638.069
      vertex 128 -112.034 634.083
      vertex 128 -112.395 634.232
    endloop
  endfacet
  facet normal -1 0 0
    outer loop
      vertex 128 -66.9383 645.233
      vertex 128 -112.395 634.232
      vertex 128 -112.784 634.284
    endloop
  endfacet
  facet normal -1 0 0
    outer loop
      vertex 128 -54.341 651.191
      vertex 128 -112.784 634.284
      vertex 128 -113.172 634.232
    endloop
  endfacet
  facet normal -1 -0 0
    outer loop
      vertex 128 -54.341 651.191
      vertex 128 -113.172 634.232
      vertex 128 -188 1158
    endloop
  endfacet
  facet normal -1 0 0
    outer loop
      vertex 128 -188 1158
      vertex 128 -113.172 634.232
      vertex 128 -113.534 634.083
    endloop
  endfacet
  facet normal -1 0 0
    outer loop
      vertex 128 -188 1158
      vertex 128 -113.534 634.083
      vertex 128 -113.844 633.844
    endloop
  endfacet
  facet normal -1 0 0
    outer loop
      vertex 128 -188 1158
      vertex 128 -113.844 633.844
      vertex 128 -114.083 633.534
    endloop
  endfacet
  facet normal -1 -0 0
    outer loop
      vertex 128 -114.232 632.395
      vertex 128 -125.233 586.938
      vertex 128 -114.284 632.784
    endloop
  endfacet
  facet normal -1 0 0
    outer loop
      vertex 128 -131.191 574.341
      vertex 128 -114.284 632.784
      vertex 128 -125.233 586.938
    endloop
  endfacet
  facet normal -1 -0 0
    outer loop
      vertex 128 -114.284 632.784
      vertex 128 -131.191 574.341
      vertex 128 -114.232 633.172
    endloop
  endfacet
  facet normal -1 0 0
    outer loop
      vertex 128 -160.561 521.061
      vertex 128 -131.191 574.341
      vertex 128 -135.886 561.22
    endloop
  endfacet
  facet normal -1 0 0
    outer loop
      vertex 128 -158.051 520.388
      vertex 128 -142 520
      vertex 128 -158 520
    endloop
  endfacet
  facet normal -1 0 0
    outer loop
      vertex 128 -158.201 520.75
      vertex 128 -142 520
      vertex 128 -158.051 520.388
    endloop
  endfacet
  facet normal -1 0 0
    outer loop
      vertex 128 -142 520
      vertex 128 -158.201 520.75
      vertex 128 -141.316 533.918
    endloop
  endfacet
  facet normal -1 0 0
    outer loop
      vertex 128 -158.439 521.061
      vertex 128 -141.316 533.918
      vertex 128 -158.201 520.75
    endloop
  endfacet
  facet normal -1 0 0
    outer loop
      vertex 128 -158.75 521.299
      vertex 128 -141.316 533.918
      vertex 128 -158.439 521.061
    endloop
  endfacet
  facet normal -1 0 0
    outer loop
      vertex 128 -159.112 521.449
      vertex 128 -141.316 533.918
      vertex 128 -158.75 521.299
    endloop
  endfacet
  facet normal -1 0 0
    outer loop
      vertex 128 -159.5 521.5
      vertex 128 -141.316 533.918
      vertex 128 -159.112 521.449
    endloop
  endfacet
  facet normal -1 -0 0
    outer loop
      vertex 128 -141.316 533.918
      vertex 128 -159.5 521.5
      vertex 128 -139.272 547.703
    endloop
  endfacet
  facet normal -1 0 0
    outer loop
      vertex 128 -159.888 521.449
      vertex 128 -139.272 547.703
      vertex 128 -159.5 521.5
    endloop
  endfacet
  facet normal -1 0 0
    outer loop
      vertex 128 -160.25 521.299
      vertex 128 -139.272 547.703
      vertex 128 -159.888 521.449
    endloop
  endfacet
  facet normal -1 -0 0
    outer loop
      vertex 128 -139.272 547.703
      vertex 128 -160.25 521.299
      vertex 128 -135.886 561.22
    endloop
  endfacet
  facet normal -1 0 0
    outer loop
      vertex 128 -160.561 521.061
      vertex 128 -135.886 561.22
      vertex 128 -160.25 521.299
    endloop
  endfacet
  facet normal -1 0 0
    outer loop
      vertex 128 -160.799 520.75
      vertex 128 -131.191 574.341
      vertex 128 -160.561 521.061
    endloop
  endfacet
  facet normal -1 -0 0
    outer loop
      vertex 128 -131.191 574.341
      vertex 128 -160.799 520.75
      vertex 128 -114.232 633.172
    endloop
  endfacet
  facet normal -1 0 0
    outer loop
      vertex 128 0 681
      vertex 128 -188 1158
      vertex 128 188 1158
    endloop
  endfacet
  facet normal -1 0 0
    outer loop
      vertex 128 -114.232 633.172
      vertex 128 -188 1158
      vertex 128 -114.083 633.534
    endloop
  endfacet
  facet normal -1 0 0
    outer loop
      vertex 128 -160.799 520.75
      vertex 128 -188 1158
      vertex 128 -114.232 633.172
    endloop
  endfacet
  facet normal -1 0 0
    outer loop
      vertex 128 -160.949 520.388
      vertex 128 -188 1158
      vertex 128 -160.799 520.75
    endloop
  endfacet
  facet normal -1 0 0
    outer loop
      vertex 128 -161 520
      vertex 128 -188 1158
      vertex 128 -160.949 520.388
    endloop
  endfacet
  facet normal -1 0 0
    outer loop
      vertex 128 -188 1158
      vertex 128 -161 520
      vertex 128 -188 22
    endloop
  endfacet
  facet normal -1 0 0
    outer loop
      vertex 128 125.233 453.062
      vertex 128 114.232 407.605
      vertex 128 118.069 441.109
    endloop
  endfacet
  facet normal -1 0 0
    outer loop
      vertex 128 114.083 407.966
      vertex 128 118.069 441.109
      vertex 128 114.232 407.605
    endloop
  endfacet
  facet normal -1 0 0
    outer loop
      vertex 128 113.844 408.277
      vertex 128 118.069 441.109
      vertex 128 114.083 407.966
    endloop
  endfacet
  facet normal -1 0 0
    outer loop
      vertex 128 109.767 429.916
      vertex 128 113.844 408.277
      vertex 128 113.534 408.516
    endloop
  endfacet
  facet normal -1 0 0
    outer loop
      vertex 128 109.767 429.916
      vertex 128 113.534 408.516
      vertex 128 113.172 408.665
    endloop
  endfacet
  facet normal -1 0 0
    outer loop
      vertex 128 109.767 429.916
      vertex 128 113.172 408.665
      vertex 128 112.784 408.716
    endloop
  endfacet
  facet normal -1 0 0
    outer loop
      vertex 128 109.767 429.916
      vertex 128 112.784 408.716
      vertex 128 112.395 408.665
    endloop
  endfacet
  facet normal -1 0 0
    outer loop
      vertex 128 100.409 419.591
      vertex 128 112.395 408.665
      vertex 128 112.034 408.516
    endloop
  endfacet
  facet normal -1 0 0
    outer loop
      vertex 128 100.409 419.591
      vertex 128 112.034 408.516
      vertex 128 111.723 408.277
    endloop
  endfacet
  facet normal -1 0 0
    outer loop
      vertex 128 100.409 419.591
      vertex 128 111.723 408.277
      vertex 128 111.484 407.966
    endloop
  endfacet
  facet normal -1 0 0
    outer loop
      vertex 128 100.409 419.591
      vertex 128 111.484 407.966
      vertex 128 111.335 407.605
    endloop
  endfacet
  facet normal -1 0 0
    outer loop
      vertex 128 113.844 408.277
      vertex 128 109.767 429.916
      vertex 128 118.069 441.109
    endloop
  endfacet
  facet normal -1 0 0
    outer loop
      vertex 128 100.409 419.591
      vertex 128 111.335 407.605
      vertex 128 111.284 407.216
    endloop
  endfacet
  facet normal 0 1 -0
    outer loop
      vertex 128 -188 22
      vertex -128 -188 1158
      vertex 128 -188 1158
    endloop
  endfacet
  facet normal 0 1 0
    outer loop
      vertex -128 -188 1158
      vertex 128 -188 22
      vertex -128 -188 22
    endloop
  endfacet
  facet normal 0 0 -1
    outer loop
      vertex -128 -188 1158
      vertex 128 188 1158
      vertex 128 -188 1158
    endloop
  endfacet
  facet normal -0 0 -1
    outer loop
      vertex 128 188 1158
      vertex -128 -188 1158
      vertex -128 188 1158
    endloop
  endfacet
  facet normal 1 0 0
    outer loop
      vertex -128 -100.409 419.591
      vertex -128 -111.335 407.605
      vertex -128 -111.284 407.216
    endloop
  endfacet
  facet normal 1 0 0
    outer loop
      vertex -128 -100.409 419.591
      vertex -128 -111.484 407.966
      vertex -128 -111.335 407.605
    endloop
  endfacet
  facet normal 1 0 0
    outer loop
      vertex -128 -100.409 419.591
      vertex -128 -111.723 408.277
      vertex -128 -111.484 407.966
    endloop
  endfacet
  facet normal 1 0 0
    outer loop
      vertex -128 -100.409 419.591
      vertex -128 -112.034 408.516
      vertex -128 -111.723 408.277
    endloop
  endfacet
  facet normal 1 0 0
    outer loop
      vertex -128 -100.409 419.591
      vertex -128 -112.395 408.665
      vertex -128 -112.034 408.516
    endloop
  endfacet
  facet normal 1 0 0
    outer loop
      vertex -128 -109.767 429.916
      vertex -128 -112.784 408.716
      vertex -128 -112.395 408.665
    endloop
  endfacet
  facet normal 1 0 0
    outer loop
      vertex -128 -109.767 429.916
      vertex -128 -113.172 408.665
      vertex -128 -112.784 408.716
    endloop
  endfacet
  facet normal 1 0 0
    outer loop
      vertex -128 -109.767 429.916
      vertex -128 -113.534 408.516
      vertex -128 -113.172 408.665
    endloop
  endfacet
  facet normal 1 0 0
    outer loop
      vertex -128 -109.767 429.916
      vertex -128 -113.844 408.277
      vertex -128 -113.534 408.516
    endloop
  endfacet
  facet normal 1 0 0
    outer loop
      vertex -128 -118.069 441.109
      vertex -128 -113.844 408.277
      vertex -128 -109.767 429.916
    endloop
  endfacet
  facet normal 1 0 0
    outer loop
      vertex -128 -113.844 408.277
      vertex -128 -118.069 441.109
      vertex -128 -114.083 407.966
    endloop
  endfacet
  facet normal 1 0 0
    outer loop
      vertex -128 -125.233 453.062
      vertex -128 -114.232 407.605
      vertex -128 -118.069 441.109
    endloop
  endfacet
  facet normal 1 0 0
    outer loop
      vertex -128 -114.083 407.966
      vertex -128 -118.069 441.109
      vertex -128 -114.232 407.605
    endloop
  endfacet
  facet normal 1 -0 0
    outer loop
      vertex -128 -111.484 632.034
      vertex -128 -100.409 620.409
      vertex -128 -111.335 632.395
    endloop
  endfacet
  facet normal 1 -0 0
    outer loop
      vertex -128 -111.723 631.723
      vertex -128 -100.409 620.409
      vertex -128 -111.484 632.034
    endloop
  endfacet
  facet normal 1 -0 0
    outer loop
      vertex -128 -112.034 631.484
      vertex -128 -100.409 620.409
      vertex -128 -111.723 631.723
    endloop
  endfacet
  facet normal 1 -0 0
    outer loop
      vertex -128 -112.395 631.335
      vertex -128 -100.409 620.409
      vertex -128 -112.034 631.484
    endloop
  endfacet
  facet normal 1 0 0
    outer loop
      vertex -128 -100.409 620.409
      vertex -128 -112.395 631.335
      vertex -128 -109.767 610.084
    endloop
  endfacet
  facet normal 1 -0 0
    outer loop
      vertex -128 -112.784 631.284
      vertex -128 -109.767 610.084
      vertex -128 -112.395 631.335
    endloop
  endfacet
  facet normal 1 0 0
    outer loop
      vertex -128 -113.172 631.335
      vertex -128 -109.767 610.084
      vertex -128 -112.784 631.284
    endloop
  endfacet
  facet normal 1 0 0
    outer loop
      vertex -128 -113.534 631.484
      vertex -128 -109.767 610.084
      vertex -128 -113.172 631.335
    endloop
  endfacet
  facet normal 1 0 0
    outer loop
      vertex -128 -113.844 631.723
      vertex -128 -109.767 610.084
      vertex -128 -113.534 631.484
    endloop
  endfacet
  facet normal 1 0 0
    outer loop
      vertex -128 -118.069 598.891
      vertex -128 -113.844 631.723
      vertex -128 -114.083 632.034
    endloop
  endfacet
  facet normal 1 0 0
    outer loop
      vertex -128 -118.069 598.891
      vertex -128 -114.083 632.034
      vertex -128 -114.232 632.395
    endloop
  endfacet
  facet normal 1 0 0
    outer loop
      vertex -128 -113.844 631.723
      vertex -128 -118.069 598.891
      vertex -128 -109.767 610.084
    endloop
  endfacet
  facet normal 1 0 0
    outer loop
      vertex -128 -125.233 586.938
      vertex -128 -114.232 632.395
      vertex -128 -114.284 632.784
    endloop
  endfacet
  facet normal 1 0 0
    outer loop
      vertex -128 13.9184 378.684
      vertex -128 1.44889 360.888
      vertex -128 1.5 360.5
    endloop
  endfacet
  facet normal 1 0 0
    outer loop
      vertex -128 13.9184 378.684
      vertex -128 1.29904 361.25
      vertex -128 1.44889 360.888
    endloop
  endfacet
  facet normal 1 0 0
    outer loop
      vertex -128 13.9184 378.684
      vertex -128 1.06066 361.561
      vertex -128 1.29904 361.25
    endloop
  endfacet
  facet normal 1 0 0
    outer loop
      vertex -128 13.9184 378.684
      vertex -128 0.75 361.799
      vertex -128 1.06066 361.561
    endloop
  endfacet
  facet normal 1 -0 0
    outer loop
      vertex -128 0 378
      vertex -128 0.75 361.799
      vertex -128 13.9184 378.684
    endloop
  endfacet
  facet normal 1 0 0
    outer loop
      vertex -128 0.75 361.799
      vertex -128 0 378
      vertex -128 0.388228 361.949
    endloop
  endfacet
  facet normal 1 0 0
    outer loop
      vertex -128 0 378
      vertex -128 0 362
      vertex -128 0.388228 361.949
    endloop
  endfacet
  facet normal 1 0 0
    outer loop
      vertex -128 0 378
      vertex -128 -0.388228 361.949
      vertex -128 0 362
    endloop
  endfacet
  facet normal 1 0 0
    outer loop
      vertex -128 0 378
      vertex -128 -0.75 361.799
      vertex -128 -0.388228 361.949
    endloop
  endfacet
  facet normal 1 0 0
    outer loop
      vertex -128 0 378
      vertex -128 -1.06066 361.561
      vertex -128 -0.75 361.799
    endloop
  endfacet
  facet normal 1 0 0
    outer loop
      vertex -128 -13.9184 378.684
      vertex -128 -1.06066 361.561
      vertex -128 0 378
    endloop
  endfacet
  facet normal 1 0 0
    outer loop
      vertex -128 -1.06066 361.561
      vertex -128 -13.9184 378.684
      vertex -128 -1.29904 361.25
    endloop
  endfacet
  facet normal 1 0 0
    outer loop
      vertex -128 -1.29904 361.25
      vertex -128 -13.9184 378.684
      vertex -128 -1.44889 360.888
    endloop
  endfacet
  facet normal 1 0 0
    outer loop
      vertex -128 -1.44889 360.888
      vertex -128 -13.9184 378.684
      vertex -128 -1.5 360.5
    endloop
  endfacet
  facet normal 1 -0 0
    outer loop
      vertex -128 1.44889 679.112
      vertex -128 13.9184 661.316
      vertex -128 1.5 679.5
    endloop
  endfacet
  facet normal 1 -0 0
    outer loop
      vertex -128 1.29904 678.75
      vertex -128 13.9184 661.316
      vertex -128 1.44889 679.112
    endloop
  endfacet
  facet normal 1 -0 0
    outer loop
      vertex -128 1.06066 678.439
      vertex -128 13.9184 661.316
      vertex -128 1.29904 678.75
    endloop
  endfacet
  facet normal 1 -0 0
    outer loop
      vertex -128 0.75 678.201
      vertex -128 13.9184 661.316
      vertex -128 1.06066 678.439
    endloop
  endfacet
  facet normal 1 0 0
    outer loop
      vertex -128 0 662
      vertex -128 0.75 678.201
      vertex -128 0.388228 678.051
    endloop
  endfacet
  facet normal 1 0 0
    outer loop
      vertex -128 0 662
      vertex -128 0.388228 678.051
      vertex -128 0 678
    endloop
  endfacet
  facet normal 1 0 0
    outer loop
      vertex -128 0.75 678.201
      vertex -128 0 662
      vertex -128 13.9184 661.316
    endloop
  endfacet
  facet normal 1 0 0
    outer loop
      vertex -128 -0.388228 678.051
      vertex -128 0 662
      vertex -128 0 678
    endloop
  endfacet
  facet normal 1 0 0
    outer loop
      vertex -128 -0.75 678.201
      vertex -128 0 662
      vertex -128 -0.388228 678.051
    endloop
  endfacet
  facet normal 1 0 0
    outer loop
      vertex -128 -1.06066 678.439
      vertex -128 0 662
      vertex -128 -0.75 678.201
    endloop
  endfacet
  facet normal 1 0 0
    outer loop
      vertex -128 -13.9184 661.316
      vertex -128 -1.06066 678.439
      vertex -128 -1.29904 678.75
    endloop
  endfacet
  facet normal 1 0 0
    outer loop
      vertex -128 -13.9184 661.316
      vertex -128 -1.29904 678.75
      vertex -128 -1.44889 679.112
    endloop
  endfacet
  facet normal 1 0 0
    outer loop
      vertex -128 -13.9184 661.316
      vertex -128 -1.44889 679.112
      vertex -128 -1.5 679.5
    endloop
  endfacet
  facet normal 1 0 0
    outer loop
      vertex -128 -1.06066 678.439
      vertex -128 -13.9184 661.316
      vertex -128 0 662
    endloop
  endfacet
  facet normal 1 0 0
    outer loop
      vertex -128 125.233 453.062
      vertex -128 114.232 407.605
      vertex -128 114.284 407.216
    endloop
  endfacet
  facet normal 1 0 0
    outer loop
      vertex -128 118.069 441.109
      vertex -128 114.083 407.966
      vertex -128 114.232 407.605
    endloop
  endfacet
  facet normal 1 0 0
    outer loop
      vertex -128 118.069 441.109
      vertex -128 113.844 408.277
      vertex -128 114.083 407.966
    endloop
  endfacet
  facet normal 1 -0 0
    outer loop
      vertex -128 109.767 429.916
      vertex -128 113.844 408.277
      vertex -128 118.069 441.109
    endloop
  endfacet
  facet normal 1 0 0
    outer loop
      vertex -128 113.844 408.277
      vertex -128 109.767 429.916
      vertex -128 113.534 408.516
    endloop
  endfacet
  facet normal 1 0 0
    outer loop
      vertex -128 113.534 408.516
      vertex -128 109.767 429.916
      vertex -128 113.172 408.665
    endloop
  endfacet
  facet normal 1 0 0
    outer loop
      vertex -128 113.172 408.665
      vertex -128 109.767 429.916
      vertex -128 112.784 408.716
    endloop
  endfacet
  facet normal 1 0 0
    outer loop
      vertex -128 112.784 408.716
      vertex -128 109.767 429.916
      vertex -128 112.395 408.665
    endloop
  endfacet
  facet normal 1 -0 0
    outer loop
      vertex -128 100.409 419.591
      vertex -128 112.395 408.665
      vertex -128 109.767 429.916
    endloop
  endfacet
  facet normal 1 0 0
    outer loop
      vertex -128 112.395 408.665
      vertex -128 100.409 419.591
      vertex -128 112.034 408.516
    endloop
  endfacet
  facet normal 1 0 0
    outer loop
      vertex -128 112.034 408.516
      vertex -128 100.409 419.591
      vertex -128 111.723 408.277
    endloop
  endfacet
  facet normal 1 0 0
    outer loop
      vertex -128 111.484 407.966
      vertex -128 100.409 419.591
      vertex -128 111.335 407.605
    endloop
  endfacet
  facet normal 1 0 0
    outer loop
      vertex -128 111.723 408.277
      vertex -128 100.409 419.591
      vertex -128 111.484 407.966
    endloop
  endfacet
  facet normal 1 0 0
    outer loop
      vertex -128 188 1158
      vertex -128 161 520
      vertex -128 188 22
    endloop
  endfacet
  facet normal 1 0 0
    outer loop
      vertex -128 188 1158
      vertex -128 160.949 520.388
      vertex -128 161 520
    endloop
  endfacet
  facet normal 1 0 0
    outer loop
      vertex -128 188 1158
      vertex -128 160.799 520.75
      vertex -128 160.949 520.388
    endloop
  endfacet
  facet normal 1 -0 0
    outer loop
      vertex -128 114.232 633.172
      vertex -128 160.799 520.75
      vertex -128 188 1158
    endloop
  endfacet
  facet normal 1 -0 -0
    outer loop
      vertex -128 131.191 574.341
      vertex -128 160.799 520.75
      vertex -128 114.232 633.172
    endloop
  endfacet
  facet normal 1 0 0
    outer loop
      vertex -128 160.799 520.75
      vertex -128 131.191 574.341
      vertex -128 160.561 521.061
    endloop
  endfacet
  facet normal 1 -0 -0
    outer loop
      vertex -128 135.886 561.22
      vertex -128 160.561 521.061
      vertex -128 131.191 574.341
    endloop
  endfacet
  facet normal 1 0 0
    outer loop
      vertex -128 160.561 521.061
      vertex -128 135.886 561.22
      vertex -128 160.25 521.299
    endloop
  endfacet
  facet normal 1 -0 -0
    outer loop
      vertex -128 139.272 547.703
      vertex -128 160.25 521.299
      vertex -128 135.886 561.22
    endloop
  endfacet
  facet normal 1 0 0
    outer loop
      vertex -128 160.25 521.299
      vertex -128 139.272 547.703
      vertex -128 159.888 521.449
    endloop
  endfacet
  facet normal 1 0 0
    outer loop
      vertex -128 159.888 521.449
      vertex -128 139.272 547.703
      vertex -128 159.5 521.5
    endloop
  endfacet
  facet normal 1 -0 -0
    outer loop
      vertex -128 141.316 533.918
      vertex -128 159.5 521.5
      vertex -128 139.272 547.703
    endloop
  endfacet
  facet normal 1 0 0
    outer loop
      vertex -128 159.5 521.5
      vertex -128 141.316 533.918
      vertex -128 159.112 521.449
    endloop
  endfacet
  facet normal 1 0 0
    outer loop
      vertex -128 159.112 521.449
      vertex -128 141.316 533.918
      vertex -128 158.75 521.299
    endloop
  endfacet
  facet normal 1 0 0
    outer loop
      vertex -128 158.051 520.388
      vertex -128 142 520
      vertex -128 158 520
    endloop
  endfacet
  facet normal 1 0 0
    outer loop
      vertex -128 158.201 520.75
      vertex -128 142 520
      vertex -128 158.051 520.388
    endloop
  endfacet
  facet normal 1 0 -0
    outer loop
      vertex -128 142 520
      vertex -128 158.201 520.75
      vertex -128 141.316 533.918
    endloop
  endfacet
  facet normal 1 0 0
    outer loop
      vertex -128 158.75 521.299
      vertex -128 141.316 533.918
      vertex -128 158.439 521.061
    endloop
  endfacet
  facet normal 1 0 0
    outer loop
      vertex -128 158.439 521.061
      vertex -128 141.316 533.918
      vertex -128 158.201 520.75
    endloop
  endfacet
  facet normal 1 -0 -0
    outer loop
      vertex -128 114.284 632.784
      vertex -128 131.191 574.341
      vertex -128 114.232 633.172
    endloop
  endfacet
  facet normal 1 -0 0
    outer loop
      vertex -128 114.232 632.395
      vertex -128 125.233 586.938
      vertex -128 114.284 632.784
    endloop
  endfacet
  facet normal 1 0 0
    outer loop
      vertex -128 131.191 574.341
      vertex -128 114.284 632.784
      vertex -128 125.233 586.938
    endloop
  endfacet
  facet normal 1 0 0
    outer loop
      vertex -128 188 1158
      vertex -128 114.083 633.534
      vertex -128 114.232 633.172
    endloop
  endfacet
  facet normal 1 0 0
    outer loop
      vertex -128 188 1158
      vertex -128 113.844 633.844
      vertex -128 114.083 633.534
    endloop
  endfacet
  facet normal 1 0 0
    outer loop
      vertex -128 188 1158
      vertex -128 113.534 634.083
      vertex -128 113.844 633.844
    endloop
  endfacet
  facet normal 1 0 0
    outer loop
      vertex -128 188 1158
      vertex -128 113.172 634.232
      vertex -128 113.534 634.083
    endloop
  endfacet
  facet normal 1 -0 0
    outer loop
      vertex -128 54.341 651.191
      vertex -128 113.172 634.232
      vertex -128 188 1158
    endloop
  endfacet
  facet normal 1 0 0
    outer loop
      vertex -128 113.172 634.232
      vertex -128 54.341 651.191
      vertex -128 112.784 634.284
    endloop
  endfacet
  facet normal 1 -0 -0
    outer loop
      vertex -128 66.9383 645.233
      vertex -128 112.784 634.284
      vertex -128 54.341 651.191
    endloop
  endfacet
  facet normal 1 0 0
    outer loop
      vertex -128 112.784 634.284
      vertex -128 66.9383 645.233
      vertex -128 112.395 634.232
    endloop
  endfacet
  facet normal 1 -0 -0
    outer loop
      vertex -128 78.891 638.069
      vertex -128 112.395 634.232
      vertex -128 66.9383 645.233
    endloop
  endfacet
  facet normal 1 0 0
    outer loop
      vertex -128 112.395 634.232
      vertex -128 78.891 638.069
      vertex -128 112.034 634.083
    endloop
  endfacet
  facet normal 1 0 0
    outer loop
      vertex -128 112.395 631.335
      vertex -128 100.409 620.409
      vertex -128 109.767 610.084
    endloop
  endfacet
  facet normal 1 0 0
    outer loop
      vertex -128 90.0838 629.767
      vertex -128 111.284 632.784
      vertex -128 111.335 633.172
    endloop
  endfacet
  facet normal 1 0 0
    outer loop
      vertex -128 112.034 634.083
      vertex -128 78.891 638.069
      vertex -128 111.723 633.844
    endloop
  endfacet
  facet normal 1 0 0
    outer loop
      vertex -128 111.284 632.784
      vertex -128 90.0838 629.767
      vertex -128 100.409 620.409
    endloop
  endfacet
  facet normal 1 0 0
    outer loop
      vertex -128 111.484 633.534
      vertex -128 90.0838 629.767
      vertex -128 111.335 633.172
    endloop
  endfacet
  facet normal 1 0 0
    outer loop
      vertex -128 111.723 633.844
      vertex -128 90.0838 629.767
      vertex -128 111.484 633.534
    endloop
  endfacet
  facet normal 1 0 -0
    outer loop
      vertex -128 90.0838 629.767
      vertex -128 111.723 633.844
      vertex -128 78.891 638.069
    endloop
  endfacet
  facet normal 1 -0 0
    outer loop
      vertex -128 0.75 680.799
      vertex -128 54.341 651.191
      vertex -128 188 1158
    endloop
  endfacet
  facet normal 1 -0 -0
    outer loop
      vertex -128 1.06066 680.561
      vertex -128 54.341 651.191
      vertex -128 0.75 680.799
    endloop
  endfacet
  facet normal 1 -0 -0
    outer loop
      vertex -128 1.29904 680.25
      vertex -128 41.2204 655.885
      vertex -128 1.06066 680.561
    endloop
  endfacet
  facet normal 1 -0 -0
    outer loop
      vertex -128 1.44889 679.888
      vertex -128 27.7028 659.271
      vertex -128 1.29904 680.25
    endloop
  endfacet
  facet normal 1 0 0
    outer loop
      vertex -128 27.7028 659.271
      vertex -128 1.5 679.5
      vertex -128 13.9184 661.316
    endloop
  endfacet
  facet normal 1 -0 -0
    outer loop
      vertex -128 1.5 679.5
      vertex -128 27.7028 659.271
      vertex -128 1.44889 679.888
    endloop
  endfacet
  facet normal 1 0 0
    outer loop
      vertex -128 41.2204 655.885
      vertex -128 1.29904 680.25
      vertex -128 27.7028 659.271
    endloop
  endfacet
  facet normal 1 0 0
    outer loop
      vertex -128 54.341 651.191
      vertex -128 1.06066 680.561
      vertex -128 41.2204 655.885
    endloop
  endfacet
  facet normal 1 0 0
    outer loop
      vertex -128 188 1158
      vertex -128 0.388228 680.949
      vertex -128 0.75 680.799
    endloop
  endfacet
  facet normal 1 0 0
    outer loop
      vertex -128 188 1158
      vertex -128 0 681
      vertex -128 0.388228 680.949
    endloop
  endfacet
  facet normal 1 -0 0
    outer loop
      vertex -128 -188 1158
      vertex -128 0 681
      vertex -128 188 1158
    endloop
  endfacet
  facet normal 1 0 0
    outer loop
      vertex -128 0 681
      vertex -128 -188 1158
      vertex -128 -0.388228 680.949
    endloop
  endfacet
  facet normal 1 0 0
    outer loop
      vertex -128 -0.388228 680.949
      vertex -128 -188 1158
      vertex -128 -0.75 680.799
    endloop
  endfacet
  facet normal 1 0 -0
    outer loop
      vertex -128 -54.341 651.191
      vertex -128 -0.75 680.799
      vertex -128 -188 1158
    endloop
  endfacet
  facet normal 1 0 0
    outer loop
      vertex -128 -0.75 680.799
      vertex -128 -54.341 651.191
      vertex -128 -1.06066 680.561
    endloop
  endfacet
  facet normal 1 0 0
    outer loop
      vertex -128 -27.7028 659.271
      vertex -128 -1.5 679.5
      vertex -128 -1.44889 679.888
    endloop
  endfacet
  facet normal 1 0 -0
    outer loop
      vertex -128 -41.2204 655.885
      vertex -128 -1.06066 680.561
      vertex -128 -54.341 651.191
    endloop
  endfacet
  facet normal 1 0 0
    outer loop
      vertex -128 -1.06066 680.561
      vertex -128 -41.2204 655.885
      vertex -128 -1.29904 680.25
    endloop
  endfacet
  facet normal 1 0 0
    outer loop
      vertex -128 -1.5 679.5
      vertex -128 -27.7028 659.271
      vertex -128 -13.9184 661.316
    endloop
  endfacet
  facet normal 1 0 0
    outer loop
      vertex -128 -1.29904 680.25
      vertex -128 -27.7028 659.271
      vertex -128 -1.44889 679.888
    endloop
  endfacet
  facet normal 1 0 -0
    outer loop
      vertex -128 -27.7028 659.271
      vertex -128 -1.29904 680.25
      vertex -128 -41.2204 655.885
    endloop
  endfacet
  facet normal 1 0 -0
    outer loop
      vertex -128 -113.172 634.232
      vertex -128 -54.341 651.191
      vertex -128 -188 1158
    endloop
  endfacet
  facet normal 1 0 -0
    outer loop
      vertex -128 -112.784 634.284
      vertex -128 -54.341 651.191
      vertex -128 -113.172 634.232
    endloop
  endfacet
  facet normal 1 0 -0
    outer loop
      vertex -128 -112.395 634.232
      vertex -128 -66.9383 645.233
      vertex -128 -112.784 634.284
    endloop
  endfacet
  facet normal 1 -0 -0
    outer loop
      vertex -128 -111.484 633.534
      vertex -128 -90.0838 629.767
      vertex -128 -111.723 633.844
    endloop
  endfacet
  facet normal 1 -0 0
    outer loop
      vertex -128 -111.335 632.395
      vertex -128 -100.409 620.409
      vertex -128 -111.284 632.784
    endloop
  endfacet
  facet normal 1 0 0
    outer loop
      vertex -128 -90.0838 629.767
      vertex -128 -111.284 632.784
      vertex -128 -100.409 620.409
    endloop
  endfacet
  facet normal 1 -0 -0
    outer loop
      vertex -128 -111.284 632.784
      vertex -128 -90.0838 629.767
      vertex -128 -111.335 633.172
    endloop
  endfacet
  facet normal 1 -0 -0
    outer loop
      vertex -128 -111.335 633.172
      vertex -128 -90.0838 629.767
      vertex -128 -111.484 633.534
    endloop
  endfacet
  facet normal 1 0 0
    outer loop
      vertex -128 -78.891 638.069
      vertex -128 -111.723 633.844
      vertex -128 -90.0838 629.767
    endloop
  endfacet
  facet normal 1 0 -0
    outer loop
      vertex -128 -111.723 633.844
      vertex -128 -78.891 638.069
      vertex -128 -112.034 634.083
    endloop
  endfacet
  facet normal 1 0 -0
    outer loop
      vertex -128 -112.034 634.083
      vertex -128 -78.891 638.069
      vertex -128 -112.395 634.232
    endloop
  endfacet
  facet normal 1 0 0
    outer loop
      vertex -128 -66.9383 645.233
      vertex -128 -112.395 634.232
      vertex -128 -78.891 638.069
    endloop
  endfacet
  facet normal 1 0 0
    outer loop
      vertex -128 -54.341 651.191
      vertex -128 -112.784 634.284
      vertex -128 -66.9383 645.233
    endloop
  endfacet
  facet normal 1 0 0
    outer loop
      vertex -128 -113.172 634.232
      vertex -128 -188 1158
      vertex -128 -113.534 634.083
    endloop
  endfacet
  facet normal 1 0 0
    outer loop
      vertex -128 -113.534 634.083
      vertex -128 -188 1158
      vertex -128 -113.844 633.844
    endloop
  endfacet
  facet normal 1 0 0
    outer loop
      vertex -128 -114.232 632.395
      vertex -128 -125.233 586.938
      vertex -128 -118.069 598.891
    endloop
  endfacet
  facet normal 1 0 0
    outer loop
      vertex -128 -131.191 574.341
      vertex -128 -114.284 632.784
      vertex -128 -114.232 633.172
    endloop
  endfacet
  facet normal 1 0 0
    outer loop
      vertex -128 -114.284 632.784
      vertex -128 -131.191 574.341
      vertex -128 -125.233 586.938
    endloop
  endfacet
  facet normal 1 0 0
    outer loop
      vertex -128 -160.799 520.75
      vertex -128 -131.191 574.341
      vertex -128 -114.232 633.172
    endloop
  endfacet
  facet normal 1 -0 0
    outer loop
      vertex -128 -158.201 520.75
      vertex -128 -142 520
      vertex -128 -141.316 533.918
    endloop
  endfacet
  facet normal 1 0 0
    outer loop
      vertex -128 -159.5 521.5
      vertex -128 -141.316 533.918
      vertex -128 -139.272 547.703
    endloop
  endfacet
  facet normal 1 0 0
    outer loop
      vertex -128 -160.25 521.299
      vertex -128 -139.272 547.703
      vertex -128 -135.886 561.22
    endloop
  endfacet
  facet normal 1 0 0
    outer loop
      vertex -128 -131.191 574.341
      vertex -128 -160.561 521.061
      vertex -128 -135.886 561.22
    endloop
  endfacet
  facet normal 1 0 0
    outer loop
      vertex -128 -142 520
      vertex -128 -158.051 520.388
      vertex -128 -158 520
    endloop
  endfacet
  facet normal 1 0 0
    outer loop
      vertex -128 -142 520
      vertex -128 -158.201 520.75
      vertex -128 -158.051 520.388
    endloop
  endfacet
  facet normal 1 0 0
    outer loop
      vertex -128 -141.316 533.918
      vertex -128 -158.439 521.061
      vertex -128 -158.201 520.75
    endloop
  endfacet
  facet normal 1 0 0
    outer loop
      vertex -128 -141.316 533.918
      vertex -128 -158.75 521.299
      vertex -128 -158.439 521.061
    endloop
  endfacet
  facet normal 1 0 0
    outer loop
      vertex -128 -141.316 533.918
      vertex -128 -159.112 521.449
      vertex -128 -158.75 521.299
    endloop
  endfacet
  facet normal 1 0 0
    outer loop
      vertex -128 -141.316 533.918
      vertex -128 -159.5 521.5
      vertex -128 -159.112 521.449
    endloop
  endfacet
  facet normal 1 0 0
    outer loop
      vertex -128 -139.272 547.703
      vertex -128 -159.888 521.449
      vertex -128 -159.5 521.5
    endloop
  endfacet
  facet normal 1 0 0
    outer loop
      vertex -128 -139.272 547.703
      vertex -128 -160.25 521.299
      vertex -128 -159.888 521.449
    endloop
  endfacet
  facet normal 1 0 0
    outer loop
      vertex -128 -135.886 561.22
      vertex -128 -160.561 521.061
      vertex -128 -160.25 521.299
    endloop
  endfacet
  facet normal 1 0 0
    outer loop
      vertex -128 -131.191 574.341
      vertex -128 -160.799 520.75
      vertex -128 -160.561 521.061
    endloop
  endfacet
  facet normal 1 0 0
    outer loop
      vertex -128 -160.949 520.388
      vertex -128 -188 1158
      vertex -128 -161 520
    endloop
  endfacet
  facet normal 1 0 0
    outer loop
      vertex -128 -160.799 520.75
      vertex -128 -188 1158
      vertex -128 -160.949 520.388
    endloop
  endfacet
  facet normal 1 0 0
    outer loop
      vertex -128 -114.232 633.172
      vertex -128 -188 1158
      vertex -128 -160.799 520.75
    endloop
  endfacet
  facet normal 1 0 0
    outer loop
      vertex -128 -114.083 633.534
      vertex -128 -188 1158
      vertex -128 -114.232 633.172
    endloop
  endfacet
  facet normal 1 0 0
    outer loop
      vertex -128 -113.844 633.844
      vertex -128 -188 1158
      vertex -128 -114.083 633.534
    endloop
  endfacet
  facet normal 1 -0 0
    outer loop
      vertex -128 160.949 519.612
      vertex -128 188 22
      vertex -128 161 520
    endloop
  endfacet
  facet normal 1 -0 0
    outer loop
      vertex -128 160.799 519.25
      vertex -128 188 22
      vertex -128 160.949 519.612
    endloop
  endfacet
  facet normal 1 0 0
    outer loop
      vertex -128 131.191 465.659
      vertex -128 160.799 519.25
      vertex -128 160.561 518.939
    endloop
  endfacet
  facet normal 1 0 0
    outer loop
      vertex -128 135.886 478.78
      vertex -128 160.561 518.939
      vertex -128 160.25 518.701
    endloop
  endfacet
  facet normal 1 0 0
    outer loop
      vertex -128 139.272 492.297
      vertex -128 160.25 518.701
      vertex -128 159.888 518.551
    endloop
  endfacet
  facet normal 1 0 0
    outer loop
      vertex -128 139.272 492.297
      vertex -128 159.888 518.551
      vertex -128 159.5 518.5
    endloop
  endfacet
  facet normal 1 0 0
    outer loop
      vertex -128 141.316 506.082
      vertex -128 159.5 518.5
      vertex -128 159.112 518.551
    endloop
  endfacet
  facet normal 1 0 0
    outer loop
      vertex -128 141.316 506.082
      vertex -128 159.112 518.551
      vertex -128 158.75 518.701
    endloop
  endfacet
  facet normal 1 0 0
    outer loop
      vertex -128 141.316 506.082
      vertex -128 158.75 518.701
      vertex -128 158.439 518.939
    endloop
  endfacet
  facet normal 1 0 0
    outer loop
      vertex -128 141.316 506.082
      vertex -128 158.439 518.939
      vertex -128 158.201 519.25
    endloop
  endfacet
  facet normal 1 0 0
    outer loop
      vertex -128 142 520
      vertex -128 158.201 519.25
      vertex -128 158.051 519.612
    endloop
  endfacet
  facet normal 1 -0 0
    outer loop
      vertex -128 142 520
      vertex -128 158.051 519.612
      vertex -128 158 520
    endloop
  endfacet
  facet normal 1 0 0
    outer loop
      vertex -128 158.201 519.25
      vertex -128 142 520
      vertex -128 141.316 506.082
    endloop
  endfacet
  facet normal 1 0 0
    outer loop
      vertex -128 159.5 518.5
      vertex -128 141.316 506.082
      vertex -128 139.272 492.297
    endloop
  endfacet
  facet normal 1 0 0
    outer loop
      vertex -128 160.25 518.701
      vertex -128 139.272 492.297
      vertex -128 135.886 478.78
    endloop
  endfacet
  facet normal 1 0 0
    outer loop
      vertex -128 160.561 518.939
      vertex -128 135.886 478.78
      vertex -128 131.191 465.659
    endloop
  endfacet
  facet normal 1 0 0
    outer loop
      vertex -128 160.799 519.25
      vertex -128 131.191 465.659
      vertex -128 114.232 406.828
    endloop
  endfacet
  facet normal 1 0 0
    outer loop
      vertex -128 114.284 407.216
      vertex -128 131.191 465.659
      vertex -128 125.233 453.062
    endloop
  endfacet
  facet normal 1 0 0
    outer loop
      vertex -128 114.232 407.605
      vertex -128 125.233 453.062
      vertex -128 118.069 441.109
    endloop
  endfacet
  facet normal 1 0 0
    outer loop
      vertex -128 131.191 465.659
      vertex -128 114.284 407.216
      vertex -128 114.232 406.828
    endloop
  endfacet
  facet normal 1 0 0
    outer loop
      vertex -128 160.799 519.25
      vertex -128 114.232 406.828
      vertex -128 188 22
    endloop
  endfacet
  facet normal 1 -0 0
    outer loop
      vertex -128 114.083 406.466
      vertex -128 188 22
      vertex -128 114.232 406.828
    endloop
  endfacet
  facet normal 1 -0 0
    outer loop
      vertex -128 113.844 406.156
      vertex -128 188 22
      vertex -128 114.083 406.466
    endloop
  endfacet
  facet normal 1 -0 0
    outer loop
      vertex -128 113.534 405.917
      vertex -128 188 22
      vertex -128 113.844 406.156
    endloop
  endfacet
  facet normal 1 -0 0
    outer loop
      vertex -128 113.172 405.768
      vertex -128 188 22
      vertex -128 113.534 405.917
    endloop
  endfacet
  facet normal 1 -0 0
    outer loop
      vertex -128 112.784 405.716
      vertex -128 188 22
      vertex -128 113.172 405.768
    endloop
  endfacet
  facet normal 1 0 0
    outer loop
      vertex -128 66.9383 394.767
      vertex -128 112.784 405.716
      vertex -128 112.395 405.768
    endloop
  endfacet
  facet normal 1 0 0
    outer loop
      vertex -128 78.891 401.931
      vertex -128 112.395 405.768
      vertex -128 112.034 405.917
    endloop
  endfacet
  facet normal 1 0 0
    outer loop
      vertex -128 78.891 401.931
      vertex -128 112.034 405.917
      vertex -128 111.723 406.156
    endloop
  endfacet
  facet normal 1 0 0
    outer loop
      vertex -128 90.0838 410.233
      vertex -128 111.723 406.156
      vertex -128 111.484 406.466
    endloop
  endfacet
  facet normal 1 0 0
    outer loop
      vertex -128 90.0838 410.233
      vertex -128 111.484 406.466
      vertex -128 111.335 406.828
    endloop
  endfacet
  facet normal 1 0 0
    outer loop
      vertex -128 111.335 407.605
      vertex -128 100.409 419.591
      vertex -128 111.284 407.216
    endloop
  endfacet
  facet normal 1 -0 0
    outer loop
      vertex -128 90.0838 410.233
      vertex -128 111.284 407.216
      vertex -128 100.409 419.591
    endloop
  endfacet
  facet normal 1 0 0
    outer loop
      vertex -128 111.284 407.216
      vertex -128 90.0838 410.233
      vertex -128 111.335 406.828
    endloop
  endfacet
  facet normal 1 0 0
    outer loop
      vertex -128 111.723 406.156
      vertex -128 90.0838 410.233
      vertex -128 78.891 401.931
    endloop
  endfacet
  facet normal 1 0 0
    outer loop
      vertex -128 112.395 405.768
      vertex -128 78.891 401.931
      vertex -128 66.9383 394.767
    endloop
  endfacet
  facet normal 1 0 0
    outer loop
      vertex -128 112.784 405.716
      vertex -128 66.9383 394.767
      vertex -128 54.341 388.809
    endloop
  endfacet
  facet normal 1 0 0
    outer loop
      vertex -128 112.784 405.716
      vertex -128 54.341 388.809
      vertex -128 188 22
    endloop
  endfacet
  facet normal 1 0 0
    outer loop
      vertex -128 1.06066 359.439
      vertex -128 54.341 388.809
      vertex -128 41.2204 384.114
    endloop
  endfacet
  facet normal 1 0 0
    outer loop
      vertex -128 1.29904 359.75
      vertex -128 41.2204 384.114
      vertex -128 27.7028 380.728
    endloop
  endfacet
  facet normal 1 0 0
    outer loop
      vertex -128 1.5 360.5
      vertex -128 27.7028 380.728
      vertex -128 13.9184 378.684
    endloop
  endfacet
  facet normal 1 0 0
    outer loop
      vertex -128 27.7028 380.728
      vertex -128 1.5 360.5
      vertex -128 1.44889 360.112
    endloop
  endfacet
  facet normal 1 0 0
    outer loop
      vertex -128 27.7028 380.728
      vertex -128 1.44889 360.112
      vertex -128 1.29904 359.75
    endloop
  endfacet
  facet normal 1 0 0
    outer loop
      vertex -128 41.2204 384.114
      vertex -128 1.29904 359.75
      vertex -128 1.06066 359.439
    endloop
  endfacet
  facet normal 1 0 0
    outer loop
      vertex -128 54.341 388.809
      vertex -128 1.06066 359.439
      vertex -128 188 22
    endloop
  endfacet
  facet normal 1 -0 0
    outer loop
      vertex -128 0.75 359.201
      vertex -128 188 22
      vertex -128 1.06066 359.439
    endloop
  endfacet
  facet normal 1 -0 0
    outer loop
      vertex -128 0.388228 359.051
      vertex -128 188 22
      vertex -128 0.75 359.201
    endloop
  endfacet
  facet normal 1 -0 0
    outer loop
      vertex -128 0 359
      vertex -128 188 22
      vertex -128 0.388228 359.051
    endloop
  endfacet
  facet normal 1 0 0
    outer loop
      vertex -128 -188 22
      vertex -128 0 359
      vertex -128 -0.388228 359.051
    endloop
  endfacet
  facet normal 1 0 0
    outer loop
      vertex -128 -188 22
      vertex -128 -0.388228 359.051
      vertex -128 -0.75 359.201
    endloop
  endfacet
  facet normal 1 0 0
    outer loop
      vertex -128 -188 22
      vertex -128 -0.75 359.201
      vertex -128 -1.06066 359.439
    endloop
  endfacet
  facet normal 1 0 0
    outer loop
      vertex -128 -41.2204 384.114
      vertex -128 -1.06066 359.439
      vertex -128 -1.29904 359.75
    endloop
  endfacet
  facet normal 1 0 0
    outer loop
      vertex -128 -27.7028 380.728
      vertex -128 -1.5 360.5
      vertex -128 -13.9184 378.684
    endloop
  endfacet
  facet normal 1 0 0
    outer loop
      vertex -128 -1.5 360.5
      vertex -128 -27.7028 380.728
      vertex -128 -1.44889 360.112
    endloop
  endfacet
  facet normal 1 0 0
    outer loop
      vertex -128 -1.44889 360.112
      vertex -128 -27.7028 380.728
      vertex -128 -1.29904 359.75
    endloop
  endfacet
  facet normal 1 0 0
    outer loop
      vertex -128 -41.2204 384.114
      vertex -128 -1.29904 359.75
      vertex -128 -27.7028 380.728
    endloop
  endfacet
  facet normal 1 0 0
    outer loop
      vertex -128 -1.06066 359.439
      vertex -128 -41.2204 384.114
      vertex -128 -54.341 388.809
    endloop
  endfacet
  facet normal 1 0 0
    outer loop
      vertex -128 -1.06066 359.439
      vertex -128 -54.341 388.809
      vertex -128 -188 22
    endloop
  endfacet
  facet normal 1 0 0
    outer loop
      vertex -128 -112.784 405.716
      vertex -128 -54.341 388.809
      vertex -128 -66.9383 394.767
    endloop
  endfacet
  facet normal 1 0 0
    outer loop
      vertex -128 -112.395 405.768
      vertex -128 -66.9383 394.767
      vertex -128 -78.891 401.931
    endloop
  endfacet
  facet normal 1 -0 0
    outer loop
      vertex -128 -111.723 406.156
      vertex -128 -78.891 401.931
      vertex -128 -90.0838 410.233
    endloop
  endfacet
  facet normal 1 0 0
    outer loop
      vertex -128 -111.284 407.216
      vertex -128 -90.0838 410.233
      vertex -128 -100.409 419.591
    endloop
  endfacet
  facet normal 1 0 0
    outer loop
      vertex -128 -112.395 408.665
      vertex -128 -100.409 419.591
      vertex -128 -109.767 429.916
    endloop
  endfacet
  facet normal 1 0 0
    outer loop
      vertex -128 -90.0838 410.233
      vertex -128 -111.284 407.216
      vertex -128 -111.335 406.828
    endloop
  endfacet
  facet normal 1 0 0
    outer loop
      vertex -128 -90.0838 410.233
      vertex -128 -111.335 406.828
      vertex -128 -111.484 406.466
    endloop
  endfacet
  facet normal 1 0 0
    outer loop
      vertex -128 -90.0838 410.233
      vertex -128 -111.484 406.466
      vertex -128 -111.723 406.156
    endloop
  endfacet
  facet normal 1 0 0
    outer loop
      vertex -128 -78.891 401.931
      vertex -128 -111.723 406.156
      vertex -128 -112.034 405.917
    endloop
  endfacet
  facet normal 1 0 0
    outer loop
      vertex -128 -78.891 401.931
      vertex -128 -112.034 405.917
      vertex -128 -112.395 405.768
    endloop
  endfacet
  facet normal 1 0 0
    outer loop
      vertex -128 -66.9383 394.767
      vertex -128 -112.395 405.768
      vertex -128 -112.784 405.716
    endloop
  endfacet
  facet normal 1 0 0
    outer loop
      vertex -128 -54.341 388.809
      vertex -128 -112.784 405.716
      vertex -128 -188 22
    endloop
  endfacet
  facet normal 1 0 0
    outer loop
      vertex -128 -188 22
      vertex -128 -112.784 405.716
      vertex -128 -113.172 405.768
    endloop
  endfacet
  facet normal 1 0 0
    outer loop
      vertex -128 -188 22
      vertex -128 -113.172 405.768
      vertex -128 -113.534 405.917
    endloop
  endfacet
  facet normal 1 0 0
    outer loop
      vertex -128 -188 22
      vertex -128 -113.534 405.917
      vertex -128 -113.844 406.156
    endloop
  endfacet
  facet normal 1 0 0
    outer loop
      vertex -128 -114.232 407.605
      vertex -128 -125.233 453.062
      vertex -128 -114.284 407.216
    endloop
  endfacet
  facet normal 1 0 0
    outer loop
      vertex -128 -131.191 465.659
      vertex -128 -114.284 407.216
      vertex -128 -125.233 453.062
    endloop
  endfacet
  facet normal 1 0 0
    outer loop
      vertex -128 -114.284 407.216
      vertex -128 -131.191 465.659
      vertex -128 -114.232 406.828
    endloop
  endfacet
  facet normal 1 0 0
    outer loop
      vertex -128 -160.561 518.939
      vertex -128 -131.191 465.659
      vertex -128 -135.886 478.78
    endloop
  endfacet
  facet normal 1 0 0
    outer loop
      vertex -128 -158.051 519.612
      vertex -128 -142 520
      vertex -128 -158 520
    endloop
  endfacet
  facet normal 1 0 0
    outer loop
      vertex -128 -158.201 519.25
      vertex -128 -142 520
      vertex -128 -158.051 519.612
    endloop
  endfacet
  facet normal 1 0 0
    outer loop
      vertex -128 -142 520
      vertex -128 -158.201 519.25
      vertex -128 -141.316 506.082
    endloop
  endfacet
  facet normal 1 -0 0
    outer loop
      vertex -128 -158.439 518.939
      vertex -128 -141.316 506.082
      vertex -128 -158.201 519.25
    endloop
  endfacet
  facet normal 1 -0 0
    outer loop
      vertex -128 -158.75 518.701
      vertex -128 -141.316 506.082
      vertex -128 -158.439 518.939
    endloop
  endfacet
  facet normal 1 -0 0
    outer loop
      vertex -128 -159.112 518.551
      vertex -128 -141.316 506.082
      vertex -128 -158.75 518.701
    endloop
  endfacet
  facet normal 1 -0 0
    outer loop
      vertex -128 -159.5 518.5
      vertex -128 -141.316 506.082
      vertex -128 -159.112 518.551
    endloop
  endfacet
  facet normal 1 0 0
    outer loop
      vertex -128 -141.316 506.082
      vertex -128 -159.5 518.5
      vertex -128 -139.272 492.297
    endloop
  endfacet
  facet normal 1 0 0
    outer loop
      vertex -128 -159.888 518.551
      vertex -128 -139.272 492.297
      vertex -128 -159.5 518.5
    endloop
  endfacet
  facet normal 1 0 0
    outer loop
      vertex -128 -160.25 518.701
      vertex -128 -139.272 492.297
      vertex -128 -159.888 518.551
    endloop
  endfacet
  facet normal 1 0 0
    outer loop
      vertex -128 -139.272 492.297
      vertex -128 -160.25 518.701
      vertex -128 -135.886 478.78
    endloop
  endfacet
  facet normal 1 0 0
    outer loop
      vertex -128 -160.561 518.939
      vertex -128 -135.886 478.78
      vertex -128 -160.25 518.701
    endloop
  endfacet
  facet normal 1 0 0
    outer loop
      vertex -128 -160.799 519.25
      vertex -128 -131.191 465.659
      vertex -128 -160.561 518.939
    endloop
  endfacet
  facet normal 1 0 0
    outer loop
      vertex -128 -131.191 465.659
      vertex -128 -160.799 519.25
      vertex -128 -114.232 406.828
    endloop
  endfacet
  facet normal 1 0 0
    outer loop
      vertex -128 -188 22
      vertex -128 -114.232 406.828
      vertex -128 -160.799 519.25
    endloop
  endfacet
  facet normal 1 0 0
    outer loop
      vertex -128 0 359
      vertex -128 -188 22
      vertex -128 188 22
    endloop
  endfacet
  facet normal 1 0 0
    outer loop
      vertex -128 -114.083 406.466
      vertex -128 -188 22
      vertex -128 -113.844 406.156
    endloop
  endfacet
  facet normal 1 0 0
    outer loop
      vertex -128 -114.232 406.828
      vertex -128 -188 22
      vertex -128 -114.083 406.466
    endloop
  endfacet
  facet normal 1 0 0
    outer loop
      vertex -128 -160.949 519.612
      vertex -128 -188 22
      vertex -128 -160.799 519.25
    endloop
  endfacet
  facet normal 1 0 0
    outer loop
      vertex -128 -161 520
      vertex -128 -188 22
      vertex -128 -160.949 519.612
    endloop
  endfacet
  facet normal 1 0 0
    outer loop
      vertex -128 -188 22
      vertex -128 -161 520
      vertex -128 -188 1158
    endloop
  endfacet
  facet normal 1 0 0
    outer loop
      vertex -128 125.233 586.938
      vertex -128 114.232 632.395
      vertex -128 118.069 598.891
    endloop
  endfacet
  facet normal 1 -0 0
    outer loop
      vertex -128 114.083 632.034
      vertex -128 118.069 598.891
      vertex -128 114.232 632.395
    endloop
  endfacet
  facet normal 1 -0 0
    outer loop
      vertex -128 113.844 631.723
      vertex -128 118.069 598.891
      vertex -128 114.083 632.034
    endloop
  endfacet
  facet normal 1 0 0
    outer loop
      vertex -128 109.767 610.084
      vertex -128 113.844 631.723
      vertex -128 113.534 631.484
    endloop
  endfacet
  facet normal 1 0 0
    outer loop
      vertex -128 109.767 610.084
      vertex -128 113.534 631.484
      vertex -128 113.172 631.335
    endloop
  endfacet
  facet normal 1 0 0
    outer loop
      vertex -128 109.767 610.084
      vertex -128 113.172 631.335
      vertex -128 112.784 631.284
    endloop
  endfacet
  facet normal 1 0 0
    outer loop
      vertex -128 109.767 610.084
      vertex -128 112.784 631.284
      vertex -128 112.395 631.335
    endloop
  endfacet
  facet normal 1 0 0
    outer loop
      vertex -128 100.409 620.409
      vertex -128 112.395 631.335
      vertex -128 112.034 631.484
    endloop
  endfacet
  facet normal 1 0 0
    outer loop
      vertex -128 100.409 620.409
      vertex -128 112.034 631.484
      vertex -128 111.723 631.723
    endloop
  endfacet
  facet normal 1 0 0
    outer loop
      vertex -128 100.409 620.409
      vertex -128 111.723 631.723
      vertex -128 111.484 632.034
    endloop
  endfacet
  facet normal 1 0 0
    outer loop
      vertex -128 100.409 620.409
      vertex -128 111.484 632.034
      vertex -128 111.335 632.395
    endloop
  endfacet
  facet normal 1 0 0
    outer loop
      vertex -128 113.844 631.723
      vertex -128 109.767 610.084
      vertex -128 118.069 598.891
    endloop
  endfacet
  facet normal 1 0 0
    outer loop
      vertex -128 100.409 620.409
      vertex -128 111.335 632.395
      vertex -128 111.284 632.784
    endloop
  endfacet
  facet normal 0 -1 0
    outer loop
      vertex 67.1199 188 1037.2
      vertex 71.9249 188 1024.7
      vertex 72.3131 188 1024.75
    endloop
  endfacet
  facet normal 0 -1 0
    outer loop
      vertex 70.8642 188 1023.64
      vertex 64.0716 188 1030.75
      vertex 60.4063 188 1024.64
    endloop
  endfacet
  facet normal 0 -1 0
    outer loop
      vertex 64.0716 188 1030.75
      vertex 71.5631 188 1024.55
      vertex 71.9249 188 1024.7
    endloop
  endfacet
  facet normal 0 -1 0
    outer loop
      vertex 64.0716 188 1030.75
      vertex 71.2525 188 1024.31
      vertex 71.5631 188 1024.55
    endloop
  endfacet
  facet normal 0 -1 0
    outer loop
      vertex 64.0716 188 1030.75
      vertex 71.0141 188 1024
      vertex 71.2525 188 1024.31
    endloop
  endfacet
  facet normal 0 -1 0
    outer loop
      vertex 64.0716 188 1030.75
      vertex 70.8642 188 1023.64
      vertex 71.0141 188 1024
    endloop
  endfacet
  facet normal 0 -1 0
    outer loop
      vertex 60.4063 188 1024.64
      vertex 70.8131 188 1023.25
      vertex 70.8642 188 1023.64
    endloop
  endfacet
  facet normal 0 -1 0
    outer loop
      vertex 60.4063 188 1024.64
      vertex 70.8642 188 1022.86
      vertex 70.8131 188 1023.25
    endloop
  endfacet
  facet normal 0 -1 0
    outer loop
      vertex 60.4063 188 1024.64
      vertex 71.0141 188 1022.5
      vertex 70.8642 188 1022.86
    endloop
  endfacet
  facet normal 0 -1 0
    outer loop
      vertex 60.4063 188 1024.64
      vertex 71.2525 188 1022.19
      vertex 71.0141 188 1022.5
    endloop
  endfacet
  facet normal 0 -1 0
    outer loop
      vertex 56.1592 188 1018.91
      vertex 71.2525 188 1022.19
      vertex 60.4063 188 1024.64
    endloop
  endfacet
  facet normal 0 -1 -0
    outer loop
      vertex 71.2525 188 1022.19
      vertex 56.1592 188 1018.91
      vertex 71.5631 188 1021.95
    endloop
  endfacet
  facet normal 0 -1 0
    outer loop
      vertex 51.3713 188 1013.63
      vertex 71.9249 188 1021.8
      vertex 56.1592 188 1018.91
    endloop
  endfacet
  facet normal 0 -1 -0
    outer loop
      vertex 71.5631 188 1021.95
      vertex 56.1592 188 1018.91
      vertex 71.9249 188 1021.8
    endloop
  endfacet
  facet normal 0 -1 -0
    outer loop
      vertex -67.1199 188 1037.2
      vertex -71.9249 188 1024.7
      vertex -64.0716 188 1030.75
    endloop
  endfacet
  facet normal 0 -1 0
    outer loop
      vertex -71.5631 188 1024.55
      vertex -64.0716 188 1030.75
      vertex -71.9249 188 1024.7
    endloop
  endfacet
  facet normal 0 -1 0
    outer loop
      vertex -71.2525 188 1024.31
      vertex -64.0716 188 1030.75
      vertex -71.5631 188 1024.55
    endloop
  endfacet
  facet normal 0 -1 0
    outer loop
      vertex -71.0141 188 1024
      vertex -64.0716 188 1030.75
      vertex -71.2525 188 1024.31
    endloop
  endfacet
  facet normal 0 -1 0
    outer loop
      vertex -70.8642 188 1023.64
      vertex -64.0716 188 1030.75
      vertex -71.0141 188 1024
    endloop
  endfacet
  facet normal 0 -1 -0
    outer loop
      vertex -64.0716 188 1030.75
      vertex -70.8642 188 1023.64
      vertex -60.4063 188 1024.64
    endloop
  endfacet
  facet normal 0 -1 0
    outer loop
      vertex -70.8131 188 1023.25
      vertex -60.4063 188 1024.64
      vertex -70.8642 188 1023.64
    endloop
  endfacet
  facet normal 0 -1 0
    outer loop
      vertex -70.8642 188 1022.86
      vertex -60.4063 188 1024.64
      vertex -70.8131 188 1023.25
    endloop
  endfacet
  facet normal 0 -1 0
    outer loop
      vertex -71.0141 188 1022.5
      vertex -60.4063 188 1024.64
      vertex -70.8642 188 1022.86
    endloop
  endfacet
  facet normal 0 -1 0
    outer loop
      vertex -71.2525 188 1022.19
      vertex -60.4063 188 1024.64
      vertex -71.0141 188 1022.5
    endloop
  endfacet
  facet normal 0 -1 0
    outer loop
      vertex -56.1592 188 1018.91
      vertex -71.2525 188 1022.19
      vertex -71.5631 188 1021.95
    endloop
  endfacet
  facet normal 0 -1 0
    outer loop
      vertex -56.1592 188 1018.91
      vertex -71.5631 188 1021.95
      vertex -71.9249 188 1021.8
    endloop
  endfacet
  facet normal 0 -1 0
    outer loop
      vertex -71.2525 188 1022.19
      vertex -56.1592 188 1018.91
      vertex -60.4063 188 1024.64
    endloop
  endfacet
  facet normal 0 -1 0
    outer loop
      vertex -51.3713 188 1013.63
      vertex -71.9249 188 1021.8
      vertex -72.3131 188 1021.75
    endloop
  endfacet
  facet normal 0 -1 0
    outer loop
      vertex 51.3713 188 1116.37
      vertex 71.9249 188 1108.2
      vertex 72.3131 188 1108.25
    endloop
  endfacet
  facet normal 0 -1 0
    outer loop
      vertex 56.1592 188 1111.09
      vertex 71.5631 188 1108.05
      vertex 71.9249 188 1108.2
    endloop
  endfacet
  facet normal 0 -1 0
    outer loop
      vertex 56.1592 188 1111.09
      vertex 71.2525 188 1107.81
      vertex 71.5631 188 1108.05
    endloop
  endfacet
  facet normal 0 -1 0
    outer loop
      vertex 56.1592 188 1111.09
      vertex 71.0141 188 1107.5
      vertex 71.2525 188 1107.81
    endloop
  endfacet
  facet normal 0 -1 0
    outer loop
      vertex 60.4063 188 1105.36
      vertex 71.0141 188 1107.5
      vertex 56.1592 188 1111.09
    endloop
  endfacet
  facet normal 0 -1 0
    outer loop
      vertex 71.0141 188 1107.5
      vertex 60.4063 188 1105.36
      vertex 70.8642 188 1107.14
    endloop
  endfacet
  facet normal 0 -1 0
    outer loop
      vertex 70.8642 188 1107.14
      vertex 60.4063 188 1105.36
      vertex 70.8131 188 1106.75
    endloop
  endfacet
  facet normal 0 -1 -0
    outer loop
      vertex 70.8131 188 1106.75
      vertex 60.4063 188 1105.36
      vertex 70.8642 188 1106.36
    endloop
  endfacet
  facet normal 0 -1 0
    outer loop
      vertex 64.0716 188 1099.25
      vertex 70.8642 188 1106.36
      vertex 60.4063 188 1105.36
    endloop
  endfacet
  facet normal 0 -1 -0
    outer loop
      vertex 70.8642 188 1106.36
      vertex 64.0716 188 1099.25
      vertex 71.0141 188 1106
    endloop
  endfacet
  facet normal 0 -1 -0
    outer loop
      vertex 71.0141 188 1106
      vertex 64.0716 188 1099.25
      vertex 71.2525 188 1105.69
    endloop
  endfacet
  facet normal 0 -1 -0
    outer loop
      vertex 71.2525 188 1105.69
      vertex 64.0716 188 1099.25
      vertex 71.5631 188 1105.45
    endloop
  endfacet
  facet normal 0 -1 -0
    outer loop
      vertex 71.5631 188 1105.45
      vertex 64.0716 188 1099.25
      vertex 71.9249 188 1105.3
    endloop
  endfacet
  facet normal 0 -1 0
    outer loop
      vertex 67.1199 188 1092.8
      vertex 71.9249 188 1105.3
      vertex 64.0716 188 1099.25
    endloop
  endfacet
  facet normal 0 -1 0
    outer loop
      vertex -128 188 1158
      vertex 0 188 1150
      vertex 128 188 1158
    endloop
  endfacet
  facet normal 0 -1 0
    outer loop
      vertex -128 188 1158
      vertex -0.388228 188 1149.95
      vertex 0 188 1150
    endloop
  endfacet
  facet normal 0 -1 0
    outer loop
      vertex -128 188 1158
      vertex -0.75 188 1149.8
      vertex -0.388228 188 1149.95
    endloop
  endfacet
  facet normal 0 -1 0
    outer loop
      vertex -128 188 1158
      vertex -1.06066 188 1149.56
      vertex -0.75 188 1149.8
    endloop
  endfacet
  facet normal 0 -1 0
    outer loop
      vertex -27.802 188 1132.12
      vertex -1.06066 188 1149.56
      vertex -128 188 1158
    endloop
  endfacet
  facet normal -0 -1 0
    outer loop
      vertex -21.0892 188 1134.52
      vertex -1.06066 188 1149.56
      vertex -27.802 188 1132.12
    endloop
  endfacet
  facet normal 0 -1 0
    outer loop
      vertex -1.06066 188 1149.56
      vertex -21.0892 188 1134.52
      vertex -1.29904 188 1149.25
    endloop
  endfacet
  facet normal 0 -1 0
    outer loop
      vertex -1.29904 188 1149.25
      vertex -21.0892 188 1134.52
      vertex -1.44889 188 1148.89
    endloop
  endfacet
  facet normal -0 -1 0
    outer loop
      vertex -14.1733 188 1136.25
      vertex -1.44889 188 1148.89
      vertex -21.0892 188 1134.52
    endloop
  endfacet
  facet normal 0 -1 0
    outer loop
      vertex -1.44889 188 1148.89
      vertex -14.1733 188 1136.25
      vertex -1.5 188 1148.5
    endloop
  endfacet
  facet normal 0 -1 -0
    outer loop
      vertex -1.5 188 1148.5
      vertex -14.1733 188 1136.25
      vertex -1.44889 188 1148.11
    endloop
  endfacet
  facet normal -0 -1 0
    outer loop
      vertex -7.12094 188 1137.3
      vertex -1.44889 188 1148.11
      vertex -14.1733 188 1136.25
    endloop
  endfacet
  facet normal 0 -1 -0
    outer loop
      vertex -1.44889 188 1148.11
      vertex -7.12094 188 1137.3
      vertex -1.29904 188 1147.75
    endloop
  endfacet
  facet normal 0 -1 -0
    outer loop
      vertex -1.29904 188 1147.75
      vertex -7.12094 188 1137.3
      vertex -1.06066 188 1147.44
    endloop
  endfacet
  facet normal 0 -1 0
    outer loop
      vertex -0.388228 188 1147.05
      vertex 0 188 1137.65
      vertex 0 188 1147
    endloop
  endfacet
  facet normal 0 -1 0
    outer loop
      vertex -0.75 188 1147.2
      vertex 0 188 1137.65
      vertex -0.388228 188 1147.05
    endloop
  endfacet
  facet normal -0 -1 0
    outer loop
      vertex 0 188 1137.65
      vertex -0.75 188 1147.2
      vertex -7.12094 188 1137.3
    endloop
  endfacet
  facet normal 0 -1 -0
    outer loop
      vertex -1.06066 188 1147.44
      vertex -7.12094 188 1137.3
      vertex -0.75 188 1147.2
    endloop
  endfacet
  facet normal 0 -1 0
    outer loop
      vertex -128 188 1158
      vertex -34.247 188 1129.07
      vertex -27.802 188 1132.12
    endloop
  endfacet
  facet normal 0 -1 0
    outer loop
      vertex -128 188 1158
      vertex -40.3622 188 1125.41
      vertex -34.247 188 1129.07
    endloop
  endfacet
  facet normal 0 -1 0
    outer loop
      vertex -128 188 1158
      vertex -46.0887 188 1121.16
      vertex -40.3622 188 1125.41
    endloop
  endfacet
  facet normal 0 -1 0
    outer loop
      vertex -72.7013 188 1108.2
      vertex -46.0887 188 1121.16
      vertex -128 188 1158
    endloop
  endfacet
  facet normal 0 -1 0
    outer loop
      vertex -46.0887 188 1121.16
      vertex -72.3131 188 1108.25
      vertex -51.3713 188 1116.37
    endloop
  endfacet
  facet normal 0 -1 0
    outer loop
      vertex -71.9249 188 1108.2
      vertex -51.3713 188 1116.37
      vertex -72.3131 188 1108.25
    endloop
  endfacet
  facet normal 0 -1 0
    outer loop
      vertex -46.0887 188 1121.16
      vertex -72.7013 188 1108.2
      vertex -72.3131 188 1108.25
    endloop
  endfacet
  facet normal 0 -1 0
    outer loop
      vertex -128 188 1158
      vertex -73.0631 188 1108.05
      vertex -72.7013 188 1108.2
    endloop
  endfacet
  facet normal 0 -1 0
    outer loop
      vertex -128 188 1158
      vertex -73.3738 188 1107.81
      vertex -73.0631 188 1108.05
    endloop
  endfacet
  facet normal 0 -1 0
    outer loop
      vertex -128 188 1158
      vertex -73.6122 188 1107.5
      vertex -73.3738 188 1107.81
    endloop
  endfacet
  facet normal 0 -1 0
    outer loop
      vertex -128 188 1158
      vertex -73.762 188 1107.14
      vertex -73.6122 188 1107.5
    endloop
  endfacet
  facet normal 0 -1 0
    outer loop
      vertex -128 188 1158
      vertex -73.8131 188 1106.75
      vertex -73.762 188 1107.14
    endloop
  endfacet
  facet normal 0 -1 0
    outer loop
      vertex -128 188 1158
      vertex -73.762 188 1106.36
      vertex -73.8131 188 1106.75
    endloop
  endfacet
  facet normal 0 -1 0
    outer loop
      vertex -71.2541 188 1079.17
      vertex -73.762 188 1106.36
      vertex -128 188 1158
    endloop
  endfacet
  facet normal 0 -1 0
    outer loop
      vertex -73.762 188 1106.36
      vertex -71.2541 188 1079.17
      vertex -73.6122 188 1106
    endloop
  endfacet
  facet normal 0 -1 0
    outer loop
      vertex -67.1199 188 1092.8
      vertex -72.3131 188 1105.25
      vertex -72.7013 188 1105.3
    endloop
  endfacet
  facet normal 0 -1 0
    outer loop
      vertex -67.1199 188 1092.8
      vertex -72.7013 188 1105.3
      vertex -73.0631 188 1105.45
    endloop
  endfacet
  facet normal 0 -1 0
    outer loop
      vertex -72.3131 188 1105.25
      vertex -67.1199 188 1092.8
      vertex -64.0716 188 1099.25
    endloop
  endfacet
  facet normal 0 -1 0
    outer loop
      vertex -69.5217 188 1086.09
      vertex -73.0631 188 1105.45
      vertex -73.3738 188 1105.69
    endloop
  endfacet
  facet normal -0 -1 0
    outer loop
      vertex -69.5217 188 1086.09
      vertex -73.6122 188 1106
      vertex -71.2541 188 1079.17
    endloop
  endfacet
  facet normal 0 -1 0
    outer loop
      vertex -73.0631 188 1105.45
      vertex -69.5217 188 1086.09
      vertex -67.1199 188 1092.8
    endloop
  endfacet
  facet normal 0 -1 0
    outer loop
      vertex -73.6122 188 1106
      vertex -69.5217 188 1086.09
      vertex -73.3738 188 1105.69
    endloop
  endfacet
  facet normal 0 -1 0
    outer loop
      vertex -128 188 1158
      vertex -72.3002 188 1072.12
      vertex -71.2541 188 1079.17
    endloop
  endfacet
  facet normal 0 -1 0
    outer loop
      vertex -128 188 1158
      vertex -72.65 188 1065
      vertex -72.3002 188 1072.12
    endloop
  endfacet
  facet normal 0 -1 0
    outer loop
      vertex -128 188 1158
      vertex -72.3002 188 1057.88
      vertex -72.65 188 1065
    endloop
  endfacet
  facet normal 0 -1 0
    outer loop
      vertex -73.762 188 1023.64
      vertex -72.3002 188 1057.88
      vertex -128 188 1158
    endloop
  endfacet
  facet normal 0 -1 -0
    outer loop
      vertex -72.3002 188 1057.88
      vertex -73.762 188 1023.64
      vertex -71.2541 188 1050.83
    endloop
  endfacet
  facet normal -0 -1 0
    outer loop
      vertex -73.6122 188 1024
      vertex -71.2541 188 1050.83
      vertex -73.762 188 1023.64
    endloop
  endfacet
  facet normal -0 -1 0
    outer loop
      vertex -73.3738 188 1024.31
      vertex -69.5217 188 1043.91
      vertex -73.6122 188 1024
    endloop
  endfacet
  facet normal -0 -1 0
    outer loop
      vertex -72.7013 188 1024.7
      vertex -67.1199 188 1037.2
      vertex -73.0631 188 1024.55
    endloop
  endfacet
  facet normal 0 -1 0
    outer loop
      vertex -71.9249 188 1024.7
      vertex -67.1199 188 1037.2
      vertex -72.3131 188 1024.75
    endloop
  endfacet
  facet normal -0 -1 0
    outer loop
      vertex -72.3131 188 1024.75
      vertex -67.1199 188 1037.2
      vertex -72.7013 188 1024.7
    endloop
  endfacet
  facet normal 0 -1 -0
    outer loop
      vertex -69.5217 188 1043.91
      vertex -73.0631 188 1024.55
      vertex -67.1199 188 1037.2
    endloop
  endfacet
  facet normal -0 -1 0
    outer loop
      vertex -73.0631 188 1024.55
      vertex -69.5217 188 1043.91
      vertex -73.3738 188 1024.31
    endloop
  endfacet
  facet normal 0 -1 -0
    outer loop
      vertex -71.2541 188 1050.83
      vertex -73.6122 188 1024
      vertex -69.5217 188 1043.91
    endloop
  endfacet
  facet normal 0 -1 0
    outer loop
      vertex -128 188 1158
      vertex -73.8131 188 1023.25
      vertex -73.762 188 1023.64
    endloop
  endfacet
  facet normal 0 -1 0
    outer loop
      vertex -128 188 1158
      vertex -73.762 188 1022.86
      vertex -73.8131 188 1023.25
    endloop
  endfacet
  facet normal 0 -1 0
    outer loop
      vertex -59.69 188 936.411
      vertex -72.3131 188 1021.75
      vertex -72.7013 188 1021.8
    endloop
  endfacet
  facet normal 0 -1 0
    outer loop
      vertex -71.9249 188 1021.8
      vertex -51.3713 188 1013.63
      vertex -56.1592 188 1018.91
    endloop
  endfacet
  facet normal 0 -1 0
    outer loop
      vertex -72.3131 188 1021.75
      vertex -46.0887 188 1008.84
      vertex -51.3713 188 1013.63
    endloop
  endfacet
  facet normal 0 -1 0
    outer loop
      vertex -65.2532 188 932.769
      vertex -72.7013 188 1021.8
      vertex -73.0631 188 1021.95
    endloop
  endfacet
  facet normal 0 -1 0
    outer loop
      vertex -72.3131 188 1021.75
      vertex -53.5983 188 939.686
      vertex -46.0887 188 1008.84
    endloop
  endfacet
  facet normal -0 -1 0
    outer loop
      vertex -53.5519 188 939.711
      vertex -46.0887 188 1008.84
      vertex -53.5983 188 939.686
    endloop
  endfacet
  facet normal 0 -1 0
    outer loop
      vertex -0.75 188 982.799
      vertex 0 188 992.35
      vertex -7.12094 188 992.7
    endloop
  endfacet
  facet normal 0 -1 0
    outer loop
      vertex -1.44889 188 981.888
      vertex -7.12094 188 992.7
      vertex -14.1733 188 993.746
    endloop
  endfacet
  facet normal 0 -1 0
    outer loop
      vertex -16.5292 188 950.107
      vertex -14.1733 188 993.746
      vertex -21.0892 188 995.478
    endloop
  endfacet
  facet normal 0 -1 0
    outer loop
      vertex -24.5632 188 948.91
      vertex -21.0892 188 995.478
      vertex -27.802 188 997.88
    endloop
  endfacet
  facet normal 0 -1 0
    outer loop
      vertex -32.3606 188 947.251
      vertex -27.802 188 997.88
      vertex -34.247 188 1000.93
    endloop
  endfacet
  facet normal 0 -1 -0
    outer loop
      vertex 0 188 992.35
      vertex -0.388228 188 982.949
      vertex 0 188 983
    endloop
  endfacet
  facet normal 0 -1 0
    outer loop
      vertex 0 188 992.35
      vertex -0.75 188 982.799
      vertex -0.388228 188 982.949
    endloop
  endfacet
  facet normal 0 -1 0
    outer loop
      vertex -7.12094 188 992.7
      vertex -1.06066 188 982.561
      vertex -0.75 188 982.799
    endloop
  endfacet
  facet normal -0 -1 0
    outer loop
      vertex -46.9484 188 942.617
      vertex -40.3622 188 1004.59
      vertex -53.5519 188 939.711
    endloop
  endfacet
  facet normal 0 -1 0
    outer loop
      vertex -7.12094 188 992.7
      vertex -1.29904 188 982.25
      vertex -1.06066 188 982.561
    endloop
  endfacet
  facet normal 0 -1 0
    outer loop
      vertex -7.12094 188 992.7
      vertex -1.44889 188 981.888
      vertex -1.29904 188 982.25
    endloop
  endfacet
  facet normal 0 -1 -0
    outer loop
      vertex -27.802 188 997.88
      vertex -32.304 188 947.266
      vertex -24.5632 188 948.91
    endloop
  endfacet
  facet normal 0 -1 0
    outer loop
      vertex -14.1733 188 993.746
      vertex -1.5 188 981.5
      vertex -1.44889 188 981.888
    endloop
  endfacet
  facet normal 0 -1 0
    outer loop
      vertex -21.0892 188 995.478
      vertex -24.5632 188 948.91
      vertex -24.5042 188 948.922
    endloop
  endfacet
  facet normal 0 -1 0
    outer loop
      vertex -14.1733 188 993.746
      vertex -1.44889 188 981.112
      vertex -1.5 188 981.5
    endloop
  endfacet
  facet normal -0 -1 0
    outer loop
      vertex -16.5292 188 950.107
      vertex -21.0892 188 995.478
      vertex -24.5042 188 948.922
    endloop
  endfacet
  facet normal 0 -1 0
    outer loop
      vertex -0.0625295 188 951.077
      vertex 0 188 980
      vertex -0.388228 188 980.051
    endloop
  endfacet
  facet normal 0 -1 0
    outer loop
      vertex -8.27406 188 950.837
      vertex -0.388228 188 980.051
      vertex -0.75 188 980.201
    endloop
  endfacet
  facet normal 0 -1 -0
    outer loop
      vertex -14.1733 188 993.746
      vertex -16.5292 188 950.107
      vertex -1.44889 188 981.112
    endloop
  endfacet
  facet normal 0 -1 0
    outer loop
      vertex -70.188 188 928.822
      vertex -73.0631 188 1021.95
      vertex -73.3738 188 1022.19
    endloop
  endfacet
  facet normal 0 -1 -0
    outer loop
      vertex 0 188 980
      vertex -0.0625295 188 951.077
      vertex 0 188 951.078
    endloop
  endfacet
  facet normal 0 -1 -0
    outer loop
      vertex -0.388228 188 980.051
      vertex -8.27406 188 950.837
      vertex -0.0625295 188 951.077
    endloop
  endfacet
  facet normal 0 -1 0
    outer loop
      vertex -0.75 188 980.201
      vertex -8.33599 188 950.832
      vertex -8.27406 188 950.837
    endloop
  endfacet
  facet normal 0 -1 -0
    outer loop
      vertex -1.06066 188 980.439
      vertex -8.33599 188 950.832
      vertex -0.75 188 980.201
    endloop
  endfacet
  facet normal -0 -1 0
    outer loop
      vertex -8.33599 188 950.832
      vertex -1.06066 188 980.439
      vertex -16.4684 188 950.116
    endloop
  endfacet
  facet normal 0 -1 -0
    outer loop
      vertex -1.29904 188 980.75
      vertex -16.4684 188 950.116
      vertex -1.06066 188 980.439
    endloop
  endfacet
  facet normal 0 -1 0
    outer loop
      vertex -74.4469 188 924.607
      vertex -73.3738 188 1022.19
      vertex -73.6122 188 1022.5
    endloop
  endfacet
  facet normal -0 -1 0
    outer loop
      vertex -16.4684 188 950.116
      vertex -1.29904 188 980.75
      vertex -16.5292 188 950.107
    endloop
  endfacet
  facet normal 0 -1 -0
    outer loop
      vertex -1.44889 188 981.112
      vertex -16.5292 188 950.107
      vertex -1.29904 188 980.75
    endloop
  endfacet
  facet normal 0 -1 0
    outer loop
      vertex -27.802 188 997.88
      vertex -32.3606 188 947.251
      vertex -32.304 188 947.266
    endloop
  endfacet
  facet normal 0 -1 -0
    outer loop
      vertex -34.247 188 1000.93
      vertex -39.7927 188 945.165
      vertex -32.3606 188 947.251
    endloop
  endfacet
  facet normal 0 -1 0
    outer loop
      vertex -34.247 188 1000.93
      vertex -39.8464 188 945.146
      vertex -39.7927 188 945.165
    endloop
  endfacet
  facet normal 0 -1 0
    outer loop
      vertex -34.247 188 1000.93
      vertex -46.8981 188 942.639
      vertex -39.8464 188 945.146
    endloop
  endfacet
  facet normal 0 -1 0
    outer loop
      vertex -80.7795 188 915.537
      vertex -73.6122 188 1022.5
      vertex -73.762 188 1022.86
    endloop
  endfacet
  facet normal 0 -1 0
    outer loop
      vertex -82.7924 188 910.77
      vertex -73.762 188 1022.86
      vertex -128 188 1158
    endloop
  endfacet
  facet normal 0 -1 -0
    outer loop
      vertex -40.3622 188 1004.59
      vertex -46.8981 188 942.639
      vertex -34.247 188 1000.93
    endloop
  endfacet
  facet normal -0 -1 0
    outer loop
      vertex -46.8981 188 942.639
      vertex -40.3622 188 1004.59
      vertex -46.9484 188 942.617
    endloop
  endfacet
  facet normal 0 -1 -0
    outer loop
      vertex -46.0887 188 1008.84
      vertex -53.5519 188 939.711
      vertex -40.3622 188 1004.59
    endloop
  endfacet
  facet normal 0 -1 0
    outer loop
      vertex -72.3131 188 1021.75
      vertex -59.69 188 936.411
      vertex -53.5983 188 939.686
    endloop
  endfacet
  facet normal 0 -1 0
    outer loop
      vertex -72.7013 188 1021.8
      vertex -59.732 188 936.384
      vertex -59.69 188 936.411
    endloop
  endfacet
  facet normal 0 -1 0
    outer loop
      vertex -72.7013 188 1021.8
      vertex -65.2532 188 932.769
      vertex -59.732 188 936.384
    endloop
  endfacet
  facet normal 0 -1 0
    outer loop
      vertex -73.0631 188 1021.95
      vertex -65.2905 188 932.74
      vertex -65.2532 188 932.769
    endloop
  endfacet
  facet normal 0 -1 0
    outer loop
      vertex -73.0631 188 1021.95
      vertex -70.188 188 928.822
      vertex -65.2905 188 932.74
    endloop
  endfacet
  facet normal 0 -1 0
    outer loop
      vertex -73.3738 188 1022.19
      vertex -70.2202 188 928.791
      vertex -70.188 188 928.822
    endloop
  endfacet
  facet normal 0 -1 -0
    outer loop
      vertex -73.3738 188 1022.19
      vertex -74.4469 188 924.607
      vertex -70.2202 188 928.791
    endloop
  endfacet
  facet normal 0 -1 0
    outer loop
      vertex -73.6122 188 1022.5
      vertex -74.4736 188 924.574
      vertex -74.4469 188 924.607
    endloop
  endfacet
  facet normal 0 -1 0
    outer loop
      vertex -73.6122 188 1022.5
      vertex -77.9887 188 920.164
      vertex -74.4736 188 924.574
    endloop
  endfacet
  facet normal 0 -1 0
    outer loop
      vertex -73.6122 188 1022.5
      vertex -78.0098 188 920.13
      vertex -77.9887 188 920.164
    endloop
  endfacet
  facet normal 0 -1 0
    outer loop
      vertex -73.6122 188 1022.5
      vertex -80.7795 188 915.537
      vertex -78.0098 188 920.13
    endloop
  endfacet
  facet normal 0 -1 0
    outer loop
      vertex -73.762 188 1022.86
      vertex -80.7948 188 915.501
      vertex -80.7795 188 915.537
    endloop
  endfacet
  facet normal 0 -1 0
    outer loop
      vertex -73.762 188 1022.86
      vertex -82.7924 188 910.77
      vertex -80.7948 188 915.501
    endloop
  endfacet
  facet normal 0 -1 0
    outer loop
      vertex -128 188 1158
      vertex -82.8016 188 910.733
      vertex -82.7924 188 910.77
    endloop
  endfacet
  facet normal 0 -1 0
    outer loop
      vertex -128 188 1158
      vertex -84.0079 188 905.909
      vertex -82.8016 188 910.733
    endloop
  endfacet
  facet normal 0 -1 0
    outer loop
      vertex -128 188 1158
      vertex -84.011 188 905.872
      vertex -84.0079 188 905.909
    endloop
  endfacet
  facet normal 0 -1 0
    outer loop
      vertex -128 188 1158
      vertex -84.4144 188 901
      vertex -84.011 188 905.872
    endloop
  endfacet
  facet normal 0 -1 0
    outer loop
      vertex -128 188 1158
      vertex -84.011 188 896.128
      vertex -84.4144 188 901
    endloop
  endfacet
  facet normal 0 -1 0
    outer loop
      vertex -128 188 1158
      vertex -84.0079 188 896.091
      vertex -84.011 188 896.128
    endloop
  endfacet
  facet normal 0 1 0
    outer loop
      vertex -8.27406 188 851.163
      vertex 0 188 850.922
      vertex -0.0625295 188 850.923
    endloop
  endfacet
  facet normal 0 -1 -0
    outer loop
      vertex -8.27406 188 851.163
      vertex -128 188 22
      vertex 0 188 850.922
    endloop
  endfacet
  facet normal 0 -1 -0
    outer loop
      vertex -8.33599 188 851.168
      vertex -128 188 22
      vertex -8.27406 188 851.163
    endloop
  endfacet
  facet normal 0 -1 -0
    outer loop
      vertex -16.4684 188 851.884
      vertex -128 188 22
      vertex -8.33599 188 851.168
    endloop
  endfacet
  facet normal 0 -1 -0
    outer loop
      vertex -16.5292 188 851.893
      vertex -128 188 22
      vertex -16.4684 188 851.884
    endloop
  endfacet
  facet normal 0 -1 -0
    outer loop
      vertex -24.5042 188 853.078
      vertex -128 188 22
      vertex -16.5292 188 851.893
    endloop
  endfacet
  facet normal 0 -1 -0
    outer loop
      vertex -24.5632 188 853.09
      vertex -128 188 22
      vertex -24.5042 188 853.078
    endloop
  endfacet
  facet normal 0 -1 -0
    outer loop
      vertex -32.304 188 854.734
      vertex -128 188 22
      vertex -24.5632 188 853.09
    endloop
  endfacet
  facet normal 0 -1 -0
    outer loop
      vertex -32.3606 188 854.749
      vertex -128 188 22
      vertex -32.304 188 854.734
    endloop
  endfacet
  facet normal 0 -1 -0
    outer loop
      vertex -39.7927 188 856.835
      vertex -128 188 22
      vertex -32.3606 188 854.749
    endloop
  endfacet
  facet normal 0 -1 -0
    outer loop
      vertex -39.8464 188 856.854
      vertex -128 188 22
      vertex -39.7927 188 856.835
    endloop
  endfacet
  facet normal 0 -1 -0
    outer loop
      vertex -46.8981 188 859.361
      vertex -128 188 22
      vertex -39.8464 188 856.854
    endloop
  endfacet
  facet normal 0 -1 -0
    outer loop
      vertex -46.9484 188 859.383
      vertex -128 188 22
      vertex -46.8981 188 859.361
    endloop
  endfacet
  facet normal 0 -1 -0
    outer loop
      vertex -53.5519 188 862.289
      vertex -128 188 22
      vertex -46.9484 188 859.383
    endloop
  endfacet
  facet normal 0 -1 -0
    outer loop
      vertex -53.5983 188 862.314
      vertex -128 188 22
      vertex -53.5519 188 862.289
    endloop
  endfacet
  facet normal 0 -1 -0
    outer loop
      vertex -59.69 188 865.589
      vertex -128 188 22
      vertex -53.5983 188 862.314
    endloop
  endfacet
  facet normal 0 -1 -0
    outer loop
      vertex -59.732 188 865.616
      vertex -128 188 22
      vertex -59.69 188 865.589
    endloop
  endfacet
  facet normal 0 -1 -0
    outer loop
      vertex -65.2532 188 869.231
      vertex -128 188 22
      vertex -59.732 188 865.616
    endloop
  endfacet
  facet normal 0 -1 -0
    outer loop
      vertex -65.2905 188 869.26
      vertex -128 188 22
      vertex -65.2532 188 869.231
    endloop
  endfacet
  facet normal 0 -1 -0
    outer loop
      vertex -70.188 188 873.178
      vertex -128 188 22
      vertex -65.2905 188 869.26
    endloop
  endfacet
  facet normal 0 -1 -0
    outer loop
      vertex -70.2202 188 873.209
      vertex -128 188 22
      vertex -70.188 188 873.178
    endloop
  endfacet
  facet normal 0 -1 -0
    outer loop
      vertex -74.4469 188 877.393
      vertex -128 188 22
      vertex -70.2202 188 873.209
    endloop
  endfacet
  facet normal 0 -1 -0
    outer loop
      vertex -74.4736 188 877.426
      vertex -128 188 22
      vertex -74.4469 188 877.393
    endloop
  endfacet
  facet normal 0 -1 -0
    outer loop
      vertex -77.9887 188 881.836
      vertex -128 188 22
      vertex -74.4736 188 877.426
    endloop
  endfacet
  facet normal 0 -1 -0
    outer loop
      vertex -78.0098 188 881.87
      vertex -128 188 22
      vertex -77.9887 188 881.836
    endloop
  endfacet
  facet normal 0 -1 -0
    outer loop
      vertex -80.7795 188 886.463
      vertex -128 188 22
      vertex -78.0098 188 881.87
    endloop
  endfacet
  facet normal 0 -1 -0
    outer loop
      vertex -80.7948 188 886.499
      vertex -128 188 22
      vertex -80.7795 188 886.463
    endloop
  endfacet
  facet normal 0 -1 -0
    outer loop
      vertex -82.7924 188 891.23
      vertex -128 188 22
      vertex -80.7948 188 886.499
    endloop
  endfacet
  facet normal 0 -1 -0
    outer loop
      vertex -82.8016 188 891.267
      vertex -128 188 22
      vertex -82.7924 188 891.23
    endloop
  endfacet
  facet normal 0 -1 -0
    outer loop
      vertex -84.0079 188 896.091
      vertex -128 188 22
      vertex -82.8016 188 891.267
    endloop
  endfacet
  facet normal 0 -1 0
    outer loop
      vertex -128 188 22
      vertex -84.0079 188 896.091
      vertex -128 188 1158
    endloop
  endfacet
  facet normal 0 -1 0
    outer loop
      vertex 0.388228 188 1149.95
      vertex 128 188 1158
      vertex 0 188 1150
    endloop
  endfacet
  facet normal 0 -1 0
    outer loop
      vertex 0.75 188 1149.8
      vertex 128 188 1158
      vertex 0.388228 188 1149.95
    endloop
  endfacet
  facet normal 0 -1 0
    outer loop
      vertex 1.06066 188 1149.56
      vertex 128 188 1158
      vertex 0.75 188 1149.8
    endloop
  endfacet
  facet normal 0 -1 0
    outer loop
      vertex 21.0892 188 1134.52
      vertex 1.06066 188 1149.56
      vertex 1.29904 188 1149.25
    endloop
  endfacet
  facet normal 0 -1 0
    outer loop
      vertex 21.0892 188 1134.52
      vertex 1.29904 188 1149.25
      vertex 1.44889 188 1148.89
    endloop
  endfacet
  facet normal 0 -1 0
    outer loop
      vertex 14.1733 188 1136.25
      vertex 1.44889 188 1148.89
      vertex 1.5 188 1148.5
    endloop
  endfacet
  facet normal 0 -1 0
    outer loop
      vertex 14.1733 188 1136.25
      vertex 1.5 188 1148.5
      vertex 1.44889 188 1148.11
    endloop
  endfacet
  facet normal 0 -1 0
    outer loop
      vertex 7.12094 188 1137.3
      vertex 1.44889 188 1148.11
      vertex 1.29904 188 1147.75
    endloop
  endfacet
  facet normal 0 -1 0
    outer loop
      vertex 7.12094 188 1137.3
      vertex 1.29904 188 1147.75
      vertex 1.06066 188 1147.44
    endloop
  endfacet
  facet normal 0 -1 0
    outer loop
      vertex 7.12094 188 1137.3
      vertex 1.06066 188 1147.44
      vertex 0.75 188 1147.2
    endloop
  endfacet
  facet normal 0 -1 0
    outer loop
      vertex 0 188 1137.65
      vertex 0.75 188 1147.2
      vertex 0.388228 188 1147.05
    endloop
  endfacet
  facet normal 0 -1 0
    outer loop
      vertex 0 188 1137.65
      vertex 0.388228 188 1147.05
      vertex 0 188 1147
    endloop
  endfacet
  facet normal 0 -1 -0
    outer loop
      vertex 0.75 188 1147.2
      vertex 0 188 1137.65
      vertex 7.12094 188 1137.3
    endloop
  endfacet
  facet normal 0 -1 0
    outer loop
      vertex 1.44889 188 1148.11
      vertex 7.12094 188 1137.3
      vertex 14.1733 188 1136.25
    endloop
  endfacet
  facet normal 0 -1 0
    outer loop
      vertex 1.44889 188 1148.89
      vertex 14.1733 188 1136.25
      vertex 21.0892 188 1134.52
    endloop
  endfacet
  facet normal 0 -1 0
    outer loop
      vertex 1.06066 188 1149.56
      vertex 21.0892 188 1134.52
      vertex 27.802 188 1132.12
    endloop
  endfacet
  facet normal 0 -1 0
    outer loop
      vertex 1.06066 188 1149.56
      vertex 27.802 188 1132.12
      vertex 128 188 1158
    endloop
  endfacet
  facet normal 0 -1 0
    outer loop
      vertex 34.247 188 1129.07
      vertex 128 188 1158
      vertex 27.802 188 1132.12
    endloop
  endfacet
  facet normal 0 -1 0
    outer loop
      vertex 40.3622 188 1125.41
      vertex 128 188 1158
      vertex 34.247 188 1129.07
    endloop
  endfacet
  facet normal 0 -1 0
    outer loop
      vertex 46.0887 188 1121.16
      vertex 128 188 1158
      vertex 40.3622 188 1125.41
    endloop
  endfacet
  facet normal 0 -1 0
    outer loop
      vertex 72.3131 188 1108.25
      vertex 46.0887 188 1121.16
      vertex 51.3713 188 1116.37
    endloop
  endfacet
  facet normal 0 -1 0
    outer loop
      vertex 71.9249 188 1108.2
      vertex 51.3713 188 1116.37
      vertex 56.1592 188 1111.09
    endloop
  endfacet
  facet normal 0 -1 0
    outer loop
      vertex 72.7013 188 1108.2
      vertex 46.0887 188 1121.16
      vertex 72.3131 188 1108.25
    endloop
  endfacet
  facet normal 0 -1 0
    outer loop
      vertex 46.0887 188 1121.16
      vertex 72.7013 188 1108.2
      vertex 128 188 1158
    endloop
  endfacet
  facet normal 0 -1 0
    outer loop
      vertex 73.0631 188 1108.05
      vertex 128 188 1158
      vertex 72.7013 188 1108.2
    endloop
  endfacet
  facet normal 0 -1 0
    outer loop
      vertex 73.3738 188 1107.81
      vertex 128 188 1158
      vertex 73.0631 188 1108.05
    endloop
  endfacet
  facet normal 0 -1 0
    outer loop
      vertex 73.6122 188 1107.5
      vertex 128 188 1158
      vertex 73.3738 188 1107.81
    endloop
  endfacet
  facet normal 0 -1 0
    outer loop
      vertex 73.762 188 1107.14
      vertex 128 188 1158
      vertex 73.6122 188 1107.5
    endloop
  endfacet
  facet normal 0 -1 0
    outer loop
      vertex 73.8131 188 1106.75
      vertex 128 188 1158
      vertex 73.762 188 1107.14
    endloop
  endfacet
  facet normal 0 -1 0
    outer loop
      vertex 73.762 188 1106.36
      vertex 128 188 1158
      vertex 73.8131 188 1106.75
    endloop
  endfacet
  facet normal 0 -1 0
    outer loop
      vertex 71.2541 188 1079.17
      vertex 73.762 188 1106.36
      vertex 73.6122 188 1106
    endloop
  endfacet
  facet normal 0 -1 0
    outer loop
      vertex 69.5217 188 1086.09
      vertex 73.6122 188 1106
      vertex 73.3738 188 1105.69
    endloop
  endfacet
  facet normal 0 -1 -0
    outer loop
      vertex 71.9249 188 1105.3
      vertex 67.1199 188 1092.8
      vertex 72.3131 188 1105.25
    endloop
  endfacet
  facet normal 0 -1 -0
    outer loop
      vertex 72.3131 188 1105.25
      vertex 67.1199 188 1092.8
      vertex 72.7013 188 1105.3
    endloop
  endfacet
  facet normal 0 -1 -0
    outer loop
      vertex 72.7013 188 1105.3
      vertex 67.1199 188 1092.8
      vertex 73.0631 188 1105.45
    endloop
  endfacet
  facet normal 0 -1 0
    outer loop
      vertex 69.5217 188 1086.09
      vertex 73.0631 188 1105.45
      vertex 67.1199 188 1092.8
    endloop
  endfacet
  facet normal 0 -1 -0
    outer loop
      vertex 73.0631 188 1105.45
      vertex 69.5217 188 1086.09
      vertex 73.3738 188 1105.69
    endloop
  endfacet
  facet normal 0 -1 0
    outer loop
      vertex 73.6122 188 1106
      vertex 69.5217 188 1086.09
      vertex 71.2541 188 1079.17
    endloop
  endfacet
  facet normal 0 -1 -0
    outer loop
      vertex 73.762 188 1106.36
      vertex 71.2541 188 1079.17
      vertex 128 188 1158
    endloop
  endfacet
  facet normal 0 -1 0
    outer loop
      vertex 72.3002 188 1072.12
      vertex 128 188 1158
      vertex 71.2541 188 1079.17
    endloop
  endfacet
  facet normal 0 -1 0
    outer loop
      vertex 72.65 188 1065
      vertex 128 188 1158
      vertex 72.3002 188 1072.12
    endloop
  endfacet
  facet normal 0 -1 0
    outer loop
      vertex 72.3002 188 1057.88
      vertex 128 188 1158
      vertex 72.65 188 1065
    endloop
  endfacet
  facet normal 0 -1 0
    outer loop
      vertex 73.762 188 1023.64
      vertex 72.3002 188 1057.88
      vertex 71.2541 188 1050.83
    endloop
  endfacet
  facet normal 0 -1 0
    outer loop
      vertex 73.6122 188 1024
      vertex 71.2541 188 1050.83
      vertex 69.5217 188 1043.91
    endloop
  endfacet
  facet normal 0 -1 0
    outer loop
      vertex 73.0631 188 1024.55
      vertex 69.5217 188 1043.91
      vertex 67.1199 188 1037.2
    endloop
  endfacet
  facet normal 0 -1 0
    outer loop
      vertex 71.9249 188 1024.7
      vertex 67.1199 188 1037.2
      vertex 64.0716 188 1030.75
    endloop
  endfacet
  facet normal 0 -1 0
    outer loop
      vertex 67.1199 188 1037.2
      vertex 72.3131 188 1024.75
      vertex 72.7013 188 1024.7
    endloop
  endfacet
  facet normal 0 -1 0
    outer loop
      vertex 67.1199 188 1037.2
      vertex 72.7013 188 1024.7
      vertex 73.0631 188 1024.55
    endloop
  endfacet
  facet normal 0 -1 0
    outer loop
      vertex 69.5217 188 1043.91
      vertex 73.0631 188 1024.55
      vertex 73.3738 188 1024.31
    endloop
  endfacet
  facet normal 0 -1 0
    outer loop
      vertex 69.5217 188 1043.91
      vertex 73.3738 188 1024.31
      vertex 73.6122 188 1024
    endloop
  endfacet
  facet normal 0 -1 0
    outer loop
      vertex 71.2541 188 1050.83
      vertex 73.6122 188 1024
      vertex 73.762 188 1023.64
    endloop
  endfacet
  facet normal 0 -1 0
    outer loop
      vertex 72.3002 188 1057.88
      vertex 73.762 188 1023.64
      vertex 128 188 1158
    endloop
  endfacet
  facet normal 0 -1 0
    outer loop
      vertex 73.8131 188 1023.25
      vertex 128 188 1158
      vertex 73.762 188 1023.64
    endloop
  endfacet
  facet normal 0 -1 0
    outer loop
      vertex 73.762 188 1022.86
      vertex 128 188 1158
      vertex 73.8131 188 1023.25
    endloop
  endfacet
  facet normal 0 -1 -0
    outer loop
      vertex 71.9249 188 1021.8
      vertex 51.3713 188 1013.63
      vertex 72.3131 188 1021.75
    endloop
  endfacet
  facet normal 0 -1 0
    outer loop
      vertex 46.0887 188 1008.84
      vertex 72.3131 188 1021.75
      vertex 51.3713 188 1013.63
    endloop
  endfacet
  facet normal 0 -1 0
    outer loop
      vertex 53.5983 188 939.686
      vertex 72.3131 188 1021.75
      vertex 46.0887 188 1008.84
    endloop
  endfacet
  facet normal 0 -1 0
    outer loop
      vertex 59.69 188 936.411
      vertex 72.3131 188 1021.75
      vertex 53.5983 188 939.686
    endloop
  endfacet
  facet normal 0 -1 0
    outer loop
      vertex 53.5519 188 939.711
      vertex 46.0887 188 1008.84
      vertex 40.3622 188 1004.59
    endloop
  endfacet
  facet normal 0 -1 0
    outer loop
      vertex 46.8981 188 942.639
      vertex 40.3622 188 1004.59
      vertex 34.247 188 1000.93
    endloop
  endfacet
  facet normal 0 -1 0
    outer loop
      vertex 0.388228 188 982.949
      vertex 0 188 992.35
      vertex 0 188 983
    endloop
  endfacet
  facet normal 0 -1 0
    outer loop
      vertex 0.75 188 982.799
      vertex 0 188 992.35
      vertex 0.388228 188 982.949
    endloop
  endfacet
  facet normal 0 -1 0
    outer loop
      vertex 0 188 992.35
      vertex 0.75 188 982.799
      vertex 7.12094 188 992.7
    endloop
  endfacet
  facet normal 0 -1 0
    outer loop
      vertex 1.06066 188 982.561
      vertex 7.12094 188 992.7
      vertex 0.75 188 982.799
    endloop
  endfacet
  facet normal 0 -1 0
    outer loop
      vertex 1.29904 188 982.25
      vertex 7.12094 188 992.7
      vertex 1.06066 188 982.561
    endloop
  endfacet
  facet normal 0 -1 0
    outer loop
      vertex 1.44889 188 981.888
      vertex 7.12094 188 992.7
      vertex 1.29904 188 982.25
    endloop
  endfacet
  facet normal 0 -1 -0
    outer loop
      vertex 7.12094 188 992.7
      vertex 1.44889 188 981.888
      vertex 14.1733 188 993.746
    endloop
  endfacet
  facet normal 0 -1 0
    outer loop
      vertex 1.5 188 981.5
      vertex 14.1733 188 993.746
      vertex 1.44889 188 981.888
    endloop
  endfacet
  facet normal 0 -1 0
    outer loop
      vertex 1.44889 188 981.112
      vertex 14.1733 188 993.746
      vertex 1.5 188 981.5
    endloop
  endfacet
  facet normal 0 -1 0
    outer loop
      vertex 16.5292 188 950.107
      vertex 14.1733 188 993.746
      vertex 1.44889 188 981.112
    endloop
  endfacet
  facet normal 0 -1 0
    outer loop
      vertex 14.1733 188 993.746
      vertex 16.5292 188 950.107
      vertex 21.0892 188 995.478
    endloop
  endfacet
  facet normal 0 -1 0
    outer loop
      vertex 24.5632 188 948.91
      vertex 21.0892 188 995.478
      vertex 24.5042 188 948.922
    endloop
  endfacet
  facet normal 0 -1 0
    outer loop
      vertex 21.0892 188 995.478
      vertex 24.5632 188 948.91
      vertex 27.802 188 997.88
    endloop
  endfacet
  facet normal 0 -1 0
    outer loop
      vertex 16.5292 188 950.107
      vertex 1.44889 188 981.112
      vertex 1.29904 188 980.75
    endloop
  endfacet
  facet normal 0 -1 0
    outer loop
      vertex 16.4684 188 950.116
      vertex 1.29904 188 980.75
      vertex 1.06066 188 980.439
    endloop
  endfacet
  facet normal 0 -1 0
    outer loop
      vertex 8.33599 188 950.832
      vertex 1.06066 188 980.439
      vertex 0.75 188 980.201
    endloop
  endfacet
  facet normal 0 -1 0
    outer loop
      vertex 0.0625295 188 951.077
      vertex 0 188 980
      vertex 0 188 951.078
    endloop
  endfacet
  facet normal 0 -1 0
    outer loop
      vertex 0 188 980
      vertex 0.0625295 188 951.077
      vertex 0.388228 188 980.051
    endloop
  endfacet
  facet normal 0 -1 0
    outer loop
      vertex 8.27406 188 950.837
      vertex 0.388228 188 980.051
      vertex 0.0625295 188 951.077
    endloop
  endfacet
  facet normal 0 -1 0
    outer loop
      vertex 0.388228 188 980.051
      vertex 8.27406 188 950.837
      vertex 0.75 188 980.201
    endloop
  endfacet
  facet normal 0 -1 0
    outer loop
      vertex 8.33599 188 950.832
      vertex 0.75 188 980.201
      vertex 8.27406 188 950.837
    endloop
  endfacet
  facet normal 0 -1 0
    outer loop
      vertex 1.06066 188 980.439
      vertex 8.33599 188 950.832
      vertex 16.4684 188 950.116
    endloop
  endfacet
  facet normal 0 -1 0
    outer loop
      vertex 1.29904 188 980.75
      vertex 16.4684 188 950.116
      vertex 16.5292 188 950.107
    endloop
  endfacet
  facet normal 0 -1 -0
    outer loop
      vertex 21.0892 188 995.478
      vertex 16.5292 188 950.107
      vertex 24.5042 188 948.922
    endloop
  endfacet
  facet normal 0 -1 0
    outer loop
      vertex 32.304 188 947.266
      vertex 27.802 188 997.88
      vertex 24.5632 188 948.91
    endloop
  endfacet
  facet normal 0 -1 0
    outer loop
      vertex 32.3606 188 947.251
      vertex 27.802 188 997.88
      vertex 32.304 188 947.266
    endloop
  endfacet
  facet normal 0 -1 0
    outer loop
      vertex 27.802 188 997.88
      vertex 32.3606 188 947.251
      vertex 34.247 188 1000.93
    endloop
  endfacet
  facet normal 0 -1 0
    outer loop
      vertex 39.7927 188 945.165
      vertex 34.247 188 1000.93
      vertex 32.3606 188 947.251
    endloop
  endfacet
  facet normal 0 -1 0
    outer loop
      vertex 39.8464 188 945.146
      vertex 34.247 188 1000.93
      vertex 39.7927 188 945.165
    endloop
  endfacet
  facet normal 0 -1 0
    outer loop
      vertex 46.8981 188 942.639
      vertex 34.247 188 1000.93
      vertex 39.8464 188 945.146
    endloop
  endfacet
  facet normal 0 -1 0
    outer loop
      vertex 40.3622 188 1004.59
      vertex 46.8981 188 942.639
      vertex 46.9484 188 942.617
    endloop
  endfacet
  facet normal 0 -1 0
    outer loop
      vertex 40.3622 188 1004.59
      vertex 46.9484 188 942.617
      vertex 53.5519 188 939.711
    endloop
  endfacet
  facet normal 0 -1 0
    outer loop
      vertex 46.0887 188 1008.84
      vertex 53.5519 188 939.711
      vertex 53.5983 188 939.686
    endloop
  endfacet
  facet normal 0 -1 -0
    outer loop
      vertex 72.3131 188 1021.75
      vertex 59.69 188 936.411
      vertex 72.7013 188 1021.8
    endloop
  endfacet
  facet normal 0 -1 0
    outer loop
      vertex 59.732 188 936.384
      vertex 72.7013 188 1021.8
      vertex 59.69 188 936.411
    endloop
  endfacet
  facet normal 0 -1 0
    outer loop
      vertex 65.2532 188 932.769
      vertex 72.7013 188 1021.8
      vertex 59.732 188 936.384
    endloop
  endfacet
  facet normal 0 -1 -0
    outer loop
      vertex 72.7013 188 1021.8
      vertex 65.2532 188 932.769
      vertex 73.0631 188 1021.95
    endloop
  endfacet
  facet normal 0 -1 0
    outer loop
      vertex 65.2905 188 932.74
      vertex 73.0631 188 1021.95
      vertex 65.2532 188 932.769
    endloop
  endfacet
  facet normal 0 -1 0
    outer loop
      vertex 70.188 188 928.822
      vertex 73.0631 188 1021.95
      vertex 65.2905 188 932.74
    endloop
  endfacet
  facet normal 0 -1 -0
    outer loop
      vertex 73.0631 188 1021.95
      vertex 70.188 188 928.822
      vertex 73.3738 188 1022.19
    endloop
  endfacet
  facet normal 0 -1 0
    outer loop
      vertex 70.2202 188 928.791
      vertex 73.3738 188 1022.19
      vertex 70.188 188 928.822
    endloop
  endfacet
  facet normal 0 -1 0
    outer loop
      vertex 74.4469 188 924.607
      vertex 73.3738 188 1022.19
      vertex 70.2202 188 928.791
    endloop
  endfacet
  facet normal 0 -1 0
    outer loop
      vertex 73.3738 188 1022.19
      vertex 74.4469 188 924.607
      vertex 73.6122 188 1022.5
    endloop
  endfacet
  facet normal 0 -1 0
    outer loop
      vertex 74.4736 188 924.574
      vertex 73.6122 188 1022.5
      vertex 74.4469 188 924.607
    endloop
  endfacet
  facet normal 0 -1 0
    outer loop
      vertex 77.9887 188 920.164
      vertex 73.6122 188 1022.5
      vertex 74.4736 188 924.574
    endloop
  endfacet
  facet normal 0 -1 0
    outer loop
      vertex 78.0098 188 920.13
      vertex 73.6122 188 1022.5
      vertex 77.9887 188 920.164
    endloop
  endfacet
  facet normal 0 -1 0
    outer loop
      vertex 80.7795 188 915.537
      vertex 73.6122 188 1022.5
      vertex 78.0098 188 920.13
    endloop
  endfacet
  facet normal 0 -1 0
    outer loop
      vertex 73.6122 188 1022.5
      vertex 80.7795 188 915.537
      vertex 73.762 188 1022.86
    endloop
  endfacet
  facet normal 0 -1 0
    outer loop
      vertex 80.7948 188 915.501
      vertex 73.762 188 1022.86
      vertex 80.7795 188 915.537
    endloop
  endfacet
  facet normal 0 -1 0
    outer loop
      vertex 82.7924 188 910.77
      vertex 73.762 188 1022.86
      vertex 80.7948 188 915.501
    endloop
  endfacet
  facet normal 0 -1 0
    outer loop
      vertex 73.762 188 1022.86
      vertex 82.7924 188 910.77
      vertex 128 188 1158
    endloop
  endfacet
  facet normal 0 -1 0
    outer loop
      vertex 82.8016 188 910.733
      vertex 128 188 1158
      vertex 82.7924 188 910.77
    endloop
  endfacet
  facet normal 0 -1 0
    outer loop
      vertex 84.0079 188 905.909
      vertex 128 188 1158
      vertex 82.8016 188 910.733
    endloop
  endfacet
  facet normal 0 -1 0
    outer loop
      vertex 84.011 188 905.872
      vertex 128 188 1158
      vertex 84.0079 188 905.909
    endloop
  endfacet
  facet normal 0 -1 0
    outer loop
      vertex 84.4144 188 901
      vertex 128 188 1158
      vertex 84.011 188 905.872
    endloop
  endfacet
  facet normal 0 -1 0
    outer loop
      vertex 84.011 188 896.128
      vertex 128 188 1158
      vertex 84.4144 188 901
    endloop
  endfacet
  facet normal 0 -1 0
    outer loop
      vertex 84.0079 188 896.091
      vertex 128 188 1158
      vertex 84.011 188 896.128
    endloop
  endfacet
  facet normal 0 1 0
    outer loop
      vertex 0 188 850.922
      vertex 8.27406 188 851.163
      vertex 0.0625295 188 850.923
    endloop
  endfacet
  facet normal 0 -1 0
    outer loop
      vertex 128 188 22
      vertex 0 188 850.922
      vertex -128 188 22
    endloop
  endfacet
  facet normal 0 -1 0
    outer loop
      vertex 0 188 850.922
      vertex 128 188 22
      vertex 8.27406 188 851.163
    endloop
  endfacet
  facet normal 0 -1 0
    outer loop
      vertex 8.27406 188 851.163
      vertex 128 188 22
      vertex 8.33599 188 851.168
    endloop
  endfacet
  facet normal 0 -1 0
    outer loop
      vertex 8.33599 188 851.168
      vertex 128 188 22
      vertex 16.4684 188 851.884
    endloop
  endfacet
  facet normal 0 -1 0
    outer loop
      vertex 16.4684 188 851.884
      vertex 128 188 22
      vertex 16.5292 188 851.893
    endloop
  endfacet
  facet normal 0 -1 0
    outer loop
      vertex 16.5292 188 851.893
      vertex 128 188 22
      vertex 24.5042 188 853.078
    endloop
  endfacet
  facet normal 0 -1 0
    outer loop
      vertex 24.5042 188 853.078
      vertex 128 188 22
      vertex 24.5632 188 853.09
    endloop
  endfacet
  facet normal 0 -1 0
    outer loop
      vertex 24.5632 188 853.09
      vertex 128 188 22
      vertex 32.304 188 854.734
    endloop
  endfacet
  facet normal 0 -1 0
    outer loop
      vertex 32.304 188 854.734
      vertex 128 188 22
      vertex 32.3606 188 854.749
    endloop
  endfacet
  facet normal 0 -1 0
    outer loop
      vertex 32.3606 188 854.749
      vertex 128 188 22
      vertex 39.7927 188 856.835
    endloop
  endfacet
  facet normal 0 -1 0
    outer loop
      vertex 39.7927 188 856.835
      vertex 128 188 22
      vertex 39.8464 188 856.854
    endloop
  endfacet
  facet normal 0 -1 0
    outer loop
      vertex 39.8464 188 856.854
      vertex 128 188 22
      vertex 46.8981 188 859.361
    endloop
  endfacet
  facet normal 0 -1 0
    outer loop
      vertex 46.8981 188 859.361
      vertex 128 188 22
      vertex 46.9484 188 859.383
    endloop
  endfacet
  facet normal 0 -1 0
    outer loop
      vertex 46.9484 188 859.383
      vertex 128 188 22
      vertex 53.5519 188 862.289
    endloop
  endfacet
  facet normal 0 -1 0
    outer loop
      vertex 53.5519 188 862.289
      vertex 128 188 22
      vertex 53.5983 188 862.314
    endloop
  endfacet
  facet normal 0 -1 0
    outer loop
      vertex 53.5983 188 862.314
      vertex 128 188 22
      vertex 59.69 188 865.589
    endloop
  endfacet
  facet normal 0 -1 0
    outer loop
      vertex 59.69 188 865.589
      vertex 128 188 22
      vertex 59.732 188 865.616
    endloop
  endfacet
  facet normal 0 -1 0
    outer loop
      vertex 59.732 188 865.616
      vertex 128 188 22
      vertex 65.2532 188 869.231
    endloop
  endfacet
  facet normal 0 -1 0
    outer loop
      vertex 65.2532 188 869.231
      vertex 128 188 22
      vertex 65.2905 188 869.26
    endloop
  endfacet
  facet normal 0 -1 0
    outer loop
      vertex 65.2905 188 869.26
      vertex 128 188 22
      vertex 70.188 188 873.178
    endloop
  endfacet
  facet normal 0 -1 0
    outer loop
      vertex 70.188 188 873.178
      vertex 128 188 22
      vertex 70.2202 188 873.209
    endloop
  endfacet
  facet normal 0 -1 0
    outer loop
      vertex 70.2202 188 873.209
      vertex 128 188 22
      vertex 74.4469 188 877.393
    endloop
  endfacet
  facet normal 0 -1 0
    outer loop
      vertex 74.4469 188 877.393
      vertex 128 188 22
      vertex 74.4736 188 877.426
    endloop
  endfacet
  facet normal 0 -1 0
    outer loop
      vertex 74.4736 188 877.426
      vertex 128 188 22
      vertex 77.9887 188 881.836
    endloop
  endfacet
  facet normal 0 -1 0
    outer loop
      vertex 77.9887 188 881.836
      vertex 128 188 22
      vertex 78.0098 188 881.87
    endloop
  endfacet
  facet normal 0 -1 0
    outer loop
      vertex 78.0098 188 881.87
      vertex 128 188 22
      vertex 80.7795 188 886.463
    endloop
  endfacet
  facet normal 0 -1 0
    outer loop
      vertex 80.7795 188 886.463
      vertex 128 188 22
      vertex 80.7948 188 886.499
    endloop
  endfacet
  facet normal 0 -1 0
    outer loop
      vertex 80.7948 188 886.499
      vertex 128 188 22
      vertex 82.7924 188 891.23
    endloop
  endfacet
  facet normal 0 -1 0
    outer loop
      vertex 82.7924 188 891.23
      vertex 128 188 22
      vertex 82.8016 188 891.267
    endloop
  endfacet
  facet normal 0 -1 0
    outer loop
      vertex 84.0079 188 896.091
      vertex 128 188 22
      vertex 128 188 1158
    endloop
  endfacet
  facet normal 0 -1 0
    outer loop
      vertex 82.8016 188 891.267
      vertex 128 188 22
      vertex 84.0079 188 896.091
    endloop
  endfacet
  facet normal 0 -1 0
    outer loop
      vertex -51.3713 188 1116.37
      vertex -71.9249 188 1108.2
      vertex -56.1592 188 1111.09
    endloop
  endfacet
  facet normal 0 -1 0
    outer loop
      vertex -71.5631 188 1108.05
      vertex -56.1592 188 1111.09
      vertex -71.9249 188 1108.2
    endloop
  endfacet
  facet normal 0 -1 0
    outer loop
      vertex -71.2525 188 1107.81
      vertex -56.1592 188 1111.09
      vertex -71.5631 188 1108.05
    endloop
  endfacet
  facet normal 0 -1 0
    outer loop
      vertex -71.0141 188 1107.5
      vertex -56.1592 188 1111.09
      vertex -71.2525 188 1107.81
    endloop
  endfacet
  facet normal 0 -1 0
    outer loop
      vertex -60.4063 188 1105.36
      vertex -71.0141 188 1107.5
      vertex -70.8642 188 1107.14
    endloop
  endfacet
  facet normal 0 -1 0
    outer loop
      vertex -60.4063 188 1105.36
      vertex -70.8642 188 1107.14
      vertex -70.8131 188 1106.75
    endloop
  endfacet
  facet normal 0 -1 0
    outer loop
      vertex -60.4063 188 1105.36
      vertex -70.8131 188 1106.75
      vertex -70.8642 188 1106.36
    endloop
  endfacet
  facet normal 0 -1 0
    outer loop
      vertex -64.0716 188 1099.25
      vertex -70.8642 188 1106.36
      vertex -71.0141 188 1106
    endloop
  endfacet
  facet normal 0 -1 0
    outer loop
      vertex -64.0716 188 1099.25
      vertex -71.0141 188 1106
      vertex -71.2525 188 1105.69
    endloop
  endfacet
  facet normal 0 -1 0
    outer loop
      vertex -64.0716 188 1099.25
      vertex -71.2525 188 1105.69
      vertex -71.5631 188 1105.45
    endloop
  endfacet
  facet normal 0 -1 0
    outer loop
      vertex -71.0141 188 1107.5
      vertex -60.4063 188 1105.36
      vertex -56.1592 188 1111.09
    endloop
  endfacet
  facet normal 0 -1 0
    outer loop
      vertex -64.0716 188 1099.25
      vertex -71.5631 188 1105.45
      vertex -71.9249 188 1105.3
    endloop
  endfacet
  facet normal 0 -1 0
    outer loop
      vertex -64.0716 188 1099.25
      vertex -71.9249 188 1105.3
      vertex -72.3131 188 1105.25
    endloop
  endfacet
  facet normal 0 -1 0
    outer loop
      vertex -70.8642 188 1106.36
      vertex -64.0716 188 1099.25
      vertex -60.4063 188 1105.36
    endloop
  endfacet
  facet normal 0 -0.998795 0.0490858
    outer loop
      vertex 128 141.316 506.082
      vertex 150 142 520
      vertex 128 142 520
    endloop
  endfacet
  facet normal 0 -0.998795 0.0490858
    outer loop
      vertex 150 142 520
      vertex 128 141.316 506.082
      vertex 150 141.316 506.082
    endloop
  endfacet
  facet normal 0 -0.242981 0.970031
    outer loop
      vertex 128 41.2204 384.114
      vertex 150 27.7028 380.728
      vertex 150 41.2204 384.114
    endloop
  endfacet
  facet normal 0 -0.242981 0.970031
    outer loop
      vertex 150 27.7028 380.728
      vertex 128 41.2204 384.114
      vertex 128 27.7028 380.728
    endloop
  endfacet
  facet normal 0 0.941539 0.336905
    outer loop
      vertex 150 -131.191 465.659
      vertex 128 -135.886 478.78
      vertex 150 -135.886 478.78
    endloop
  endfacet
  facet normal 0 0.941539 0.336905
    outer loop
      vertex 128 -135.886 478.78
      vertex 150 -131.191 465.659
      vertex 128 -131.191 465.659
    endloop
  endfacet
  facet normal 0 0.33685 -0.941558
    outer loop
      vertex 128 -54.341 651.191
      vertex 150 -41.2204 655.885
      vertex 150 -54.341 651.191
    endloop
  endfacet
  facet normal 0 0.33685 -0.941558
    outer loop
      vertex 150 -41.2204 655.885
      vertex 128 -54.341 651.191
      vertex 128 -41.2204 655.885
    endloop
  endfacet
  facet normal 0 -0.0490843 0.998795
    outer loop
      vertex 128 13.9184 378.684
      vertex 150 0 378
      vertex 150 13.9184 378.684
    endloop
  endfacet
  facet normal 0 -0.0490843 0.998795
    outer loop
      vertex 150 0 378
      vertex 128 13.9184 378.684
      vertex 128 0 378
    endloop
  endfacet
  facet normal 0 0.85774 -0.514084
    outer loop
      vertex 150 -125.233 586.938
      vertex 128 -118.069 598.891
      vertex 150 -118.069 598.891
    endloop
  endfacet
  facet normal 0 0.85774 -0.514084
    outer loop
      vertex 128 -118.069 598.891
      vertex 150 -125.233 586.938
      vertex 128 -125.233 586.938
    endloop
  endfacet
  facet normal 0 -0.595739 0.803178
    outer loop
      vertex 128 90.0838 410.233
      vertex 150 78.891 401.931
      vertex 150 90.0838 410.233
    endloop
  endfacet
  facet normal 0 -0.595739 0.803178
    outer loop
      vertex 150 78.891 401.931
      vertex 128 90.0838 410.233
      vertex 128 78.891 401.931
    endloop
  endfacet
  facet normal 0 -0.336914 0.941536
    outer loop
      vertex 128 54.341 388.809
      vertex 150 41.2204 384.114
      vertex 150 54.341 388.809
    endloop
  endfacet
  facet normal 0 -0.336914 0.941536
    outer loop
      vertex 150 41.2204 384.114
      vertex 128 54.341 388.809
      vertex 128 41.2204 384.114
    endloop
  endfacet
  facet normal -0 0.42755 0.903991
    outer loop
      vertex 128 -54.341 388.809
      vertex 150 -66.9383 394.767
      vertex 150 -54.341 388.809
    endloop
  endfacet
  facet normal 0 0.42755 0.903991
    outer loop
      vertex 150 -66.9383 394.767
      vertex 128 -54.341 388.809
      vertex 128 -66.9383 394.767
    endloop
  endfacet
  facet normal 0 0.998795 0.0490858
    outer loop
      vertex 150 -141.316 506.082
      vertex 128 -142 520
      vertex 150 -142 520
    endloop
  endfacet
  facet normal 0 0.998795 0.0490858
    outer loop
      vertex 128 -142 520
      vertex 150 -141.316 506.082
      vertex 128 -141.316 506.082
    endloop
  endfacet
  facet normal 0 0.85774 0.514084
    outer loop
      vertex 150 -118.069 441.109
      vertex 128 -125.233 453.062
      vertex 150 -125.233 453.062
    endloop
  endfacet
  facet normal 0 0.85774 0.514084
    outer loop
      vertex 128 -125.233 453.062
      vertex 150 -118.069 441.109
      vertex 128 -118.069 441.109
    endloop
  endfacet
  facet normal -0 0.242981 0.970031
    outer loop
      vertex 128 -27.7028 380.728
      vertex 150 -41.2204 384.114
      vertex 150 -27.7028 380.728
    endloop
  endfacet
  facet normal 0 0.242981 0.970031
    outer loop
      vertex 150 -41.2204 384.114
      vertex 128 -27.7028 380.728
      vertex 128 -41.2204 384.114
    endloop
  endfacet
  facet normal -0 0.514094 0.857734
    outer loop
      vertex 128 -66.9383 394.767
      vertex 150 -78.891 401.931
      vertex 150 -66.9383 394.767
    endloop
  endfacet
  facet normal 0 0.514094 0.857734
    outer loop
      vertex 150 -78.891 401.931
      vertex 128 -66.9383 394.767
      vertex 128 -78.891 401.931
    endloop
  endfacet
  facet normal 0 0.970028 0.242992
    outer loop
      vertex 150 -135.886 478.78
      vertex 128 -139.272 492.297
      vertex 150 -139.272 492.297
    endloop
  endfacet
  facet normal 0 0.970028 0.242992
    outer loop
      vertex 128 -139.272 492.297
      vertex 150 -135.886 478.78
      vertex 128 -135.886 478.78
    endloop
  endfacet
  facet normal 0 -0.740952 0.671558
    outer loop
      vertex 128 100.409 419.591
      vertex 150 109.767 429.916
      vertex 128 109.767 429.916
    endloop
  endfacet
  facet normal 0 -0.740952 0.671558
    outer loop
      vertex 150 109.767 429.916
      vertex 128 100.409 419.591
      vertex 150 100.409 419.591
    endloop
  endfacet
  facet normal 0 -0.514094 -0.857734
    outer loop
      vertex 128 66.9383 645.233
      vertex 150 78.891 638.069
      vertex 150 66.9383 645.233
    endloop
  endfacet
  facet normal -0 -0.514094 -0.857734
    outer loop
      vertex 150 78.891 638.069
      vertex 128 66.9383 645.233
      vertex 128 78.891 638.069
    endloop
  endfacet
  facet normal 0 -0.85774 0.514084
    outer loop
      vertex 128 118.069 441.109
      vertex 150 125.233 453.062
      vertex 128 125.233 453.062
    endloop
  endfacet
  facet normal 0 -0.85774 0.514084
    outer loop
      vertex 150 125.233 453.062
      vertex 128 118.069 441.109
      vertex 150 118.069 441.109
    endloop
  endfacet
  facet normal -0 0.14668 0.989184
    outer loop
      vertex 128 -13.9184 378.684
      vertex 150 -27.7028 380.728
      vertex 150 -13.9184 378.684
    endloop
  endfacet
  facet normal 0 0.14668 0.989184
    outer loop
      vertex 150 -27.7028 380.728
      vertex 128 -13.9184 378.684
      vertex 128 -27.7028 380.728
    endloop
  endfacet
  facet normal 0 -0.941539 0.336905
    outer loop
      vertex 128 131.191 465.659
      vertex 150 135.886 478.78
      vertex 128 135.886 478.78
    endloop
  endfacet
  facet normal 0 -0.941539 0.336905
    outer loop
      vertex 150 135.886 478.78
      vertex 128 131.191 465.659
      vertex 150 131.191 465.659
    endloop
  endfacet
  facet normal 0 0.242981 -0.970031
    outer loop
      vertex 128 -41.2204 655.885
      vertex 150 -27.7028 659.271
      vertex 150 -41.2204 655.885
    endloop
  endfacet
  facet normal 0 0.242981 -0.970031
    outer loop
      vertex 150 -27.7028 659.271
      vertex 128 -41.2204 655.885
      vertex 128 -27.7028 659.271
    endloop
  endfacet
  facet normal 0 -0.242981 -0.970031
    outer loop
      vertex 128 27.7028 659.271
      vertex 150 41.2204 655.885
      vertex 150 27.7028 659.271
    endloop
  endfacet
  facet normal -0 -0.242981 -0.970031
    outer loop
      vertex 150 41.2204 655.885
      vertex 128 27.7028 659.271
      vertex 128 41.2204 655.885
    endloop
  endfacet
  facet normal 0 -0.42755 0.903991
    outer loop
      vertex 128 66.9383 394.767
      vertex 150 54.341 388.809
      vertex 150 66.9383 394.767
    endloop
  endfacet
  facet normal 0 -0.42755 0.903991
    outer loop
      vertex 150 54.341 388.809
      vertex 128 66.9383 394.767
      vertex 128 54.341 388.809
    endloop
  endfacet
  facet normal -0 0.0490843 0.998795
    outer loop
      vertex 128 0 378
      vertex 150 -13.9184 378.684
      vertex 150 0 378
    endloop
  endfacet
  facet normal 0 0.0490843 0.998795
    outer loop
      vertex 150 -13.9184 378.684
      vertex 128 0 378
      vertex 128 -13.9184 378.684
    endloop
  endfacet
  facet normal 0 -0.903988 0.427559
    outer loop
      vertex 128 125.233 453.062
      vertex 150 131.191 465.659
      vertex 128 131.191 465.659
    endloop
  endfacet
  facet normal 0 -0.903988 0.427559
    outer loop
      vertex 150 131.191 465.659
      vertex 128 125.233 453.062
      vertex 150 125.233 453.062
    endloop
  endfacet
  facet normal 0 -0.998795 -0.0490858
    outer loop
      vertex 128 142 520
      vertex 150 141.316 533.918
      vertex 128 141.316 533.918
    endloop
  endfacet
  facet normal 0 -0.998795 -0.0490858
    outer loop
      vertex 150 141.316 533.918
      vertex 128 142 520
      vertex 150 142 520
    endloop
  endfacet
  facet normal 0 0.903988 -0.427559
    outer loop
      vertex 150 -131.191 574.341
      vertex 128 -125.233 586.938
      vertex 150 -125.233 586.938
    endloop
  endfacet
  facet normal 0 0.903988 -0.427559
    outer loop
      vertex 128 -125.233 586.938
      vertex 150 -131.191 574.341
      vertex 128 -131.191 574.341
    endloop
  endfacet
  facet normal 0 0.970028 -0.242992
    outer loop
      vertex 150 -139.272 547.703
      vertex 128 -135.886 561.22
      vertex 150 -135.886 561.22
    endloop
  endfacet
  facet normal 0 0.970028 -0.242992
    outer loop
      vertex 128 -135.886 561.22
      vertex 150 -139.272 547.703
      vertex 128 -139.272 547.703
    endloop
  endfacet
  facet normal 0 -0.14675 -0.989174
    outer loop
      vertex 128 13.9184 661.316
      vertex 150 27.7028 659.271
      vertex 150 13.9184 661.316
    endloop
  endfacet
  facet normal -0 -0.14675 -0.989174
    outer loop
      vertex 150 27.7028 659.271
      vertex 128 13.9184 661.316
      vertex 128 27.7028 659.271
    endloop
  endfacet
  facet normal 0 -0.14668 0.989184
    outer loop
      vertex 128 27.7028 380.728
      vertex 150 13.9184 378.684
      vertex 150 27.7028 380.728
    endloop
  endfacet
  facet normal 0 -0.14668 0.989184
    outer loop
      vertex 150 13.9184 378.684
      vertex 128 27.7028 380.728
      vertex 128 13.9184 378.684
    endloop
  endfacet
  facet normal 0 -0.803183 -0.595732
    outer loop
      vertex 128 118.069 598.891
      vertex 150 109.767 610.084
      vertex 128 109.767 610.084
    endloop
  endfacet
  facet normal 0 -0.803183 -0.595732
    outer loop
      vertex 150 109.767 610.084
      vertex 128 118.069 598.891
      vertex 150 118.069 598.891
    endloop
  endfacet
  facet normal 0 0.903988 0.427559
    outer loop
      vertex 150 -125.233 453.062
      vertex 128 -131.191 465.659
      vertex 150 -131.191 465.659
    endloop
  endfacet
  facet normal 0 0.903988 0.427559
    outer loop
      vertex 128 -131.191 465.659
      vertex 150 -125.233 453.062
      vertex 128 -125.233 453.062
    endloop
  endfacet
  facet normal 0 -0.970028 -0.242992
    outer loop
      vertex 128 139.272 547.703
      vertex 150 135.886 561.22
      vertex 128 135.886 561.22
    endloop
  endfacet
  facet normal 0 -0.970028 -0.242992
    outer loop
      vertex 150 135.886 561.22
      vertex 128 139.272 547.703
      vertex 150 139.272 547.703
    endloop
  endfacet
  facet normal 0 -0.67155 -0.740959
    outer loop
      vertex 128 90.0838 629.767
      vertex 150 100.409 620.409
      vertex 150 90.0838 629.767
    endloop
  endfacet
  facet normal -0 -0.67155 -0.740959
    outer loop
      vertex 150 100.409 620.409
      vertex 128 90.0838 629.767
      vertex 128 100.409 620.409
    endloop
  endfacet
  facet normal 0 -0.903988 -0.427559
    outer loop
      vertex 128 131.191 574.341
      vertex 150 125.233 586.938
      vertex 128 125.233 586.938
    endloop
  endfacet
  facet normal 0 -0.903988 -0.427559
    outer loop
      vertex 150 125.233 586.938
      vertex 128 131.191 574.341
      vertex 150 131.191 574.341
    endloop
  endfacet
  facet normal 0 -0.803183 0.595732
    outer loop
      vertex 128 109.767 429.916
      vertex 150 118.069 441.109
      vertex 128 118.069 441.109
    endloop
  endfacet
  facet normal 0 -0.803183 0.595732
    outer loop
      vertex 150 118.069 441.109
      vertex 128 109.767 429.916
      vertex 150 109.767 429.916
    endloop
  endfacet
  facet normal 0 -0.740952 -0.671558
    outer loop
      vertex 128 109.767 610.084
      vertex 150 100.409 620.409
      vertex 128 100.409 620.409
    endloop
  endfacet
  facet normal 0 -0.740952 -0.671558
    outer loop
      vertex 150 100.409 620.409
      vertex 128 109.767 610.084
      vertex 150 109.767 610.084
    endloop
  endfacet
  facet normal 0 0.989185 0.146673
    outer loop
      vertex 150 -139.272 492.297
      vertex 128 -141.316 506.082
      vertex 150 -141.316 506.082
    endloop
  endfacet
  facet normal 0 0.989185 0.146673
    outer loop
      vertex 128 -141.316 506.082
      vertex 150 -139.272 492.297
      vertex 128 -139.272 492.297
    endloop
  endfacet
  facet normal 0 -0.989185 -0.146673
    outer loop
      vertex 128 141.316 533.918
      vertex 150 139.272 547.703
      vertex 128 139.272 547.703
    endloop
  endfacet
  facet normal 0 -0.989185 -0.146673
    outer loop
      vertex 150 139.272 547.703
      vertex 128 141.316 533.918
      vertex 150 141.316 533.918
    endloop
  endfacet
  facet normal -0 0.67155 0.740959
    outer loop
      vertex 128 -90.0838 410.233
      vertex 150 -100.409 419.591
      vertex 150 -90.0838 410.233
    endloop
  endfacet
  facet normal 0 0.67155 0.740959
    outer loop
      vertex 150 -100.409 419.591
      vertex 128 -90.0838 410.233
      vertex 128 -100.409 419.591
    endloop
  endfacet
  facet normal -0 0.595739 0.803178
    outer loop
      vertex 128 -78.891 401.931
      vertex 150 -90.0838 410.233
      vertex 150 -78.891 401.931
    endloop
  endfacet
  facet normal 0 0.595739 0.803178
    outer loop
      vertex 150 -90.0838 410.233
      vertex 128 -78.891 401.931
      vertex 128 -90.0838 410.233
    endloop
  endfacet
  facet normal -0 0.336914 0.941536
    outer loop
      vertex 128 -41.2204 384.114
      vertex 150 -54.341 388.809
      vertex 150 -41.2204 384.114
    endloop
  endfacet
  facet normal 0 0.336914 0.941536
    outer loop
      vertex 150 -54.341 388.809
      vertex 128 -41.2204 384.114
      vertex 128 -54.341 388.809
    endloop
  endfacet
  facet normal 0 -0.514094 0.857734
    outer loop
      vertex 128 78.891 401.931
      vertex 150 66.9383 394.767
      vertex 150 78.891 401.931
    endloop
  endfacet
  facet normal 0 -0.514094 0.857734
    outer loop
      vertex 150 66.9383 394.767
      vertex 128 78.891 401.931
      vertex 128 66.9383 394.767
    endloop
  endfacet
  facet normal 0 -0.989185 0.146673
    outer loop
      vertex 128 139.272 492.297
      vertex 150 141.316 506.082
      vertex 128 141.316 506.082
    endloop
  endfacet
  facet normal 0 -0.989185 0.146673
    outer loop
      vertex 150 141.316 506.082
      vertex 128 139.272 492.297
      vertex 150 139.272 492.297
    endloop
  endfacet
  facet normal 0 0.42755 -0.903991
    outer loop
      vertex 128 -66.9383 645.233
      vertex 150 -54.341 651.191
      vertex 150 -66.9383 645.233
    endloop
  endfacet
  facet normal 0 0.42755 -0.903991
    outer loop
      vertex 150 -54.341 651.191
      vertex 128 -66.9383 645.233
      vertex 128 -54.341 651.191
    endloop
  endfacet
  facet normal 0 0.514094 -0.857734
    outer loop
      vertex 128 -78.891 638.069
      vertex 150 -66.9383 645.233
      vertex 150 -78.891 638.069
    endloop
  endfacet
  facet normal 0 0.514094 -0.857734
    outer loop
      vertex 150 -66.9383 645.233
      vertex 128 -78.891 638.069
      vertex 128 -66.9383 645.233
    endloop
  endfacet
  facet normal 0 -0.941539 -0.336905
    outer loop
      vertex 128 135.886 561.22
      vertex 150 131.191 574.341
      vertex 128 131.191 574.341
    endloop
  endfacet
  facet normal 0 -0.941539 -0.336905
    outer loop
      vertex 150 131.191 574.341
      vertex 128 135.886 561.22
      vertex 150 135.886 561.22
    endloop
  endfacet
  facet normal 0 -0.33685 -0.941558
    outer loop
      vertex 128 41.2204 655.885
      vertex 150 54.341 651.191
      vertex 150 41.2204 655.885
    endloop
  endfacet
  facet normal -0 -0.33685 -0.941558
    outer loop
      vertex 150 54.341 651.191
      vertex 128 41.2204 655.885
      vertex 128 54.341 651.191
    endloop
  endfacet
  facet normal 0 0.803183 0.595732
    outer loop
      vertex 150 -109.767 429.916
      vertex 128 -118.069 441.109
      vertex 150 -118.069 441.109
    endloop
  endfacet
  facet normal 0 0.803183 0.595732
    outer loop
      vertex 128 -118.069 441.109
      vertex 150 -109.767 429.916
      vertex 128 -109.767 429.916
    endloop
  endfacet
  facet normal 0 -0.67155 0.740959
    outer loop
      vertex 128 100.409 419.591
      vertex 150 90.0838 410.233
      vertex 150 100.409 419.591
    endloop
  endfacet
  facet normal 0 -0.67155 0.740959
    outer loop
      vertex 150 90.0838 410.233
      vertex 128 100.409 419.591
      vertex 128 90.0838 410.233
    endloop
  endfacet
  facet normal 0 0.14675 -0.989174
    outer loop
      vertex 128 -27.7028 659.271
      vertex 150 -13.9184 661.316
      vertex 150 -27.7028 659.271
    endloop
  endfacet
  facet normal 0 0.14675 -0.989174
    outer loop
      vertex 150 -13.9184 661.316
      vertex 128 -27.7028 659.271
      vertex 128 -13.9184 661.316
    endloop
  endfacet
  facet normal 0 0.67155 -0.740959
    outer loop
      vertex 128 -100.409 620.409
      vertex 150 -90.0838 629.767
      vertex 150 -100.409 620.409
    endloop
  endfacet
  facet normal 0 0.67155 -0.740959
    outer loop
      vertex 150 -90.0838 629.767
      vertex 128 -100.409 620.409
      vertex 128 -90.0838 629.767
    endloop
  endfacet
  facet normal 0 0.595739 -0.803178
    outer loop
      vertex 128 -90.0838 629.767
      vertex 150 -78.891 638.069
      vertex 150 -90.0838 629.767
    endloop
  endfacet
  facet normal 0 0.595739 -0.803178
    outer loop
      vertex 150 -78.891 638.069
      vertex 128 -90.0838 629.767
      vertex 128 -78.891 638.069
    endloop
  endfacet
  facet normal 0 -0.85774 -0.514084
    outer loop
      vertex 128 125.233 586.938
      vertex 150 118.069 598.891
      vertex 128 118.069 598.891
    endloop
  endfacet
  facet normal 0 -0.85774 -0.514084
    outer loop
      vertex 150 118.069 598.891
      vertex 128 125.233 586.938
      vertex 150 125.233 586.938
    endloop
  endfacet
  facet normal 0 0.0490843 -0.998795
    outer loop
      vertex 128 -13.9184 661.316
      vertex 150 0 662
      vertex 150 -13.9184 661.316
    endloop
  endfacet
  facet normal 0 0.0490843 -0.998795
    outer loop
      vertex 150 0 662
      vertex 128 -13.9184 661.316
      vertex 128 0 662
    endloop
  endfacet
  facet normal 0 -0.42755 -0.903991
    outer loop
      vertex 128 54.341 651.191
      vertex 150 66.9383 645.233
      vertex 150 54.341 651.191
    endloop
  endfacet
  facet normal -0 -0.42755 -0.903991
    outer loop
      vertex 150 66.9383 645.233
      vertex 128 54.341 651.191
      vertex 128 66.9383 645.233
    endloop
  endfacet
  facet normal 0 -0.970028 0.242992
    outer loop
      vertex 128 135.886 478.78
      vertex 150 139.272 492.297
      vertex 128 139.272 492.297
    endloop
  endfacet
  facet normal 0 -0.970028 0.242992
    outer loop
      vertex 150 139.272 492.297
      vertex 128 135.886 478.78
      vertex 150 135.886 478.78
    endloop
  endfacet
  facet normal 0 0.803183 -0.595732
    outer loop
      vertex 150 -118.069 598.891
      vertex 128 -109.767 610.084
      vertex 150 -109.767 610.084
    endloop
  endfacet
  facet normal 0 0.803183 -0.595732
    outer loop
      vertex 128 -109.767 610.084
      vertex 150 -118.069 598.891
      vertex 128 -118.069 598.891
    endloop
  endfacet
  facet normal 0 0.740952 -0.671558
    outer loop
      vertex 150 -109.767 610.084
      vertex 128 -100.409 620.409
      vertex 150 -100.409 620.409
    endloop
  endfacet
  facet normal 0 0.740952 -0.671558
    outer loop
      vertex 128 -100.409 620.409
      vertex 150 -109.767 610.084
      vertex 128 -109.767 610.084
    endloop
  endfacet
  facet normal 0 -0.595739 -0.803178
    outer loop
      vertex 128 78.891 638.069
      vertex 150 90.0838 629.767
      vertex 150 78.891 638.069
    endloop
  endfacet
  facet normal -0 -0.595739 -0.803178
    outer loop
      vertex 150 90.0838 629.767
      vertex 128 78.891 638.069
      vertex 128 90.0838 629.767
    endloop
  endfacet
  facet normal 0 0.998795 -0.0490858
    outer loop
      vertex 150 -142 520
      vertex 128 -141.316 533.918
      vertex 150 -141.316 533.918
    endloop
  endfacet
  facet normal 0 0.998795 -0.0490858
    outer loop
      vertex 128 -141.316 533.918
      vertex 150 -142 520
      vertex 128 -142 520
    endloop
  endfacet
  facet normal 0 0.989185 -0.146673
    outer loop
      vertex 150 -141.316 533.918
      vertex 128 -139.272 547.703
      vertex 150 -139.272 547.703
    endloop
  endfacet
  facet normal 0 0.989185 -0.146673
    outer loop
      vertex 128 -139.272 547.703
      vertex 150 -141.316 533.918
      vertex 128 -141.316 533.918
    endloop
  endfacet
  facet normal 0 -0.0490843 -0.998795
    outer loop
      vertex 128 0 662
      vertex 150 13.9184 661.316
      vertex 150 0 662
    endloop
  endfacet
  facet normal -0 -0.0490843 -0.998795
    outer loop
      vertex 150 13.9184 661.316
      vertex 128 0 662
      vertex 128 13.9184 661.316
    endloop
  endfacet
  facet normal 0 0.941539 -0.336905
    outer loop
      vertex 150 -135.886 561.22
      vertex 128 -131.191 574.341
      vertex 150 -131.191 574.341
    endloop
  endfacet
  facet normal 0 0.941539 -0.336905
    outer loop
      vertex 128 -131.191 574.341
      vertex 150 -135.886 561.22
      vertex 128 -135.886 561.22
    endloop
  endfacet
  facet normal 0 0.740952 0.671558
    outer loop
      vertex 150 -100.409 419.591
      vertex 128 -109.767 429.916
      vertex 150 -109.767 429.916
    endloop
  endfacet
  facet normal 0 0.740952 0.671558
    outer loop
      vertex 128 -109.767 429.916
      vertex 150 -100.409 419.591
      vertex 128 -100.409 419.591
    endloop
  endfacet
  facet normal 0 -0.242981 -0.970031
    outer loop
      vertex -150 27.7028 659.271
      vertex -128 41.2204 655.885
      vertex -128 27.7028 659.271
    endloop
  endfacet
  facet normal -0 -0.242981 -0.970031
    outer loop
      vertex -128 41.2204 655.885
      vertex -150 27.7028 659.271
      vertex -150 41.2204 655.885
    endloop
  endfacet
  facet normal 0 0.803183 -0.595732
    outer loop
      vertex -128 -118.069 598.891
      vertex -150 -109.767 610.084
      vertex -128 -109.767 610.084
    endloop
  endfacet
  facet normal 0 0.803183 -0.595732
    outer loop
      vertex -150 -109.767 610.084
      vertex -128 -118.069 598.891
      vertex -150 -118.069 598.891
    endloop
  endfacet
  facet normal 0 -0.970028 0.242992
    outer loop
      vertex -150 135.886 478.78
      vertex -128 139.272 492.297
      vertex -150 139.272 492.297
    endloop
  endfacet
  facet normal 0 -0.970028 0.242992
    outer loop
      vertex -128 139.272 492.297
      vertex -150 135.886 478.78
      vertex -128 135.886 478.78
    endloop
  endfacet
  facet normal 0 -0.970028 -0.242992
    outer loop
      vertex -150 139.272 547.703
      vertex -128 135.886 561.22
      vertex -150 135.886 561.22
    endloop
  endfacet
  facet normal 0 -0.970028 -0.242992
    outer loop
      vertex -128 135.886 561.22
      vertex -150 139.272 547.703
      vertex -128 139.272 547.703
    endloop
  endfacet
  facet normal 0 -0.803183 -0.595732
    outer loop
      vertex -150 118.069 598.891
      vertex -128 109.767 610.084
      vertex -150 109.767 610.084
    endloop
  endfacet
  facet normal 0 -0.803183 -0.595732
    outer loop
      vertex -128 109.767 610.084
      vertex -150 118.069 598.891
      vertex -128 118.069 598.891
    endloop
  endfacet
  facet normal 0 0.33685 -0.941558
    outer loop
      vertex -150 -54.341 651.191
      vertex -128 -41.2204 655.885
      vertex -128 -54.341 651.191
    endloop
  endfacet
  facet normal 0 0.33685 -0.941558
    outer loop
      vertex -128 -41.2204 655.885
      vertex -150 -54.341 651.191
      vertex -150 -41.2204 655.885
    endloop
  endfacet
  facet normal 0 -0.998795 0.0490858
    outer loop
      vertex -150 141.316 506.082
      vertex -128 142 520
      vertex -150 142 520
    endloop
  endfacet
  facet normal 0 -0.998795 0.0490858
    outer loop
      vertex -128 142 520
      vertex -150 141.316 506.082
      vertex -128 141.316 506.082
    endloop
  endfacet
  facet normal 0 0.989185 -0.146673
    outer loop
      vertex -128 -141.316 533.918
      vertex -150 -139.272 547.703
      vertex -128 -139.272 547.703
    endloop
  endfacet
  facet normal 0 0.989185 -0.146673
    outer loop
      vertex -150 -139.272 547.703
      vertex -128 -141.316 533.918
      vertex -150 -141.316 533.918
    endloop
  endfacet
  facet normal 0 0.514094 -0.857734
    outer loop
      vertex -150 -78.891 638.069
      vertex -128 -66.9383 645.233
      vertex -128 -78.891 638.069
    endloop
  endfacet
  facet normal 0 0.514094 -0.857734
    outer loop
      vertex -128 -66.9383 645.233
      vertex -150 -78.891 638.069
      vertex -150 -66.9383 645.233
    endloop
  endfacet
  facet normal 0 -0.0490843 -0.998795
    outer loop
      vertex -150 0 662
      vertex -128 13.9184 661.316
      vertex -128 0 662
    endloop
  endfacet
  facet normal -0 -0.0490843 -0.998795
    outer loop
      vertex -128 13.9184 661.316
      vertex -150 0 662
      vertex -150 13.9184 661.316
    endloop
  endfacet
  facet normal 0 -0.903988 -0.427559
    outer loop
      vertex -150 131.191 574.341
      vertex -128 125.233 586.938
      vertex -150 125.233 586.938
    endloop
  endfacet
  facet normal 0 -0.903988 -0.427559
    outer loop
      vertex -128 125.233 586.938
      vertex -150 131.191 574.341
      vertex -128 131.191 574.341
    endloop
  endfacet
  facet normal 0 -0.941539 -0.336905
    outer loop
      vertex -150 135.886 561.22
      vertex -128 131.191 574.341
      vertex -150 131.191 574.341
    endloop
  endfacet
  facet normal 0 -0.941539 -0.336905
    outer loop
      vertex -128 131.191 574.341
      vertex -150 135.886 561.22
      vertex -128 135.886 561.22
    endloop
  endfacet
  facet normal 0 -0.14668 0.989184
    outer loop
      vertex -150 27.7028 380.728
      vertex -128 13.9184 378.684
      vertex -128 27.7028 380.728
    endloop
  endfacet
  facet normal 0 -0.14668 0.989184
    outer loop
      vertex -128 13.9184 378.684
      vertex -150 27.7028 380.728
      vertex -150 13.9184 378.684
    endloop
  endfacet
  facet normal 0 0.740952 0.671558
    outer loop
      vertex -128 -100.409 419.591
      vertex -150 -109.767 429.916
      vertex -128 -109.767 429.916
    endloop
  endfacet
  facet normal 0 0.740952 0.671558
    outer loop
      vertex -150 -109.767 429.916
      vertex -128 -100.409 419.591
      vertex -150 -100.409 419.591
    endloop
  endfacet
  facet normal 0 -0.33685 -0.941558
    outer loop
      vertex -150 41.2204 655.885
      vertex -128 54.341 651.191
      vertex -128 41.2204 655.885
    endloop
  endfacet
  facet normal -0 -0.33685 -0.941558
    outer loop
      vertex -128 54.341 651.191
      vertex -150 41.2204 655.885
      vertex -150 54.341 651.191
    endloop
  endfacet
  facet normal 0 0.941539 -0.336905
    outer loop
      vertex -128 -135.886 561.22
      vertex -150 -131.191 574.341
      vertex -128 -131.191 574.341
    endloop
  endfacet
  facet normal 0 0.941539 -0.336905
    outer loop
      vertex -150 -131.191 574.341
      vertex -128 -135.886 561.22
      vertex -150 -135.886 561.22
    endloop
  endfacet
  facet normal 0 -0.595739 -0.803178
    outer loop
      vertex -150 78.891 638.069
      vertex -128 90.0838 629.767
      vertex -128 78.891 638.069
    endloop
  endfacet
  facet normal -0 -0.595739 -0.803178
    outer loop
      vertex -128 90.0838 629.767
      vertex -150 78.891 638.069
      vertex -150 90.0838 629.767
    endloop
  endfacet
  facet normal 0 -0.740952 0.671558
    outer loop
      vertex -150 100.409 419.591
      vertex -128 109.767 429.916
      vertex -150 109.767 429.916
    endloop
  endfacet
  facet normal 0 -0.740952 0.671558
    outer loop
      vertex -128 109.767 429.916
      vertex -150 100.409 419.591
      vertex -128 100.409 419.591
    endloop
  endfacet
  facet normal 0 0.85774 -0.514084
    outer loop
      vertex -128 -125.233 586.938
      vertex -150 -118.069 598.891
      vertex -128 -118.069 598.891
    endloop
  endfacet
  facet normal 0 0.85774 -0.514084
    outer loop
      vertex -150 -118.069 598.891
      vertex -128 -125.233 586.938
      vertex -150 -125.233 586.938
    endloop
  endfacet
  facet normal -0 0.336914 0.941536
    outer loop
      vertex -150 -41.2204 384.114
      vertex -128 -54.341 388.809
      vertex -128 -41.2204 384.114
    endloop
  endfacet
  facet normal 0 0.336914 0.941536
    outer loop
      vertex -128 -54.341 388.809
      vertex -150 -41.2204 384.114
      vertex -150 -54.341 388.809
    endloop
  endfacet
  facet normal 0 0.595739 -0.803178
    outer loop
      vertex -150 -90.0838 629.767
      vertex -128 -78.891 638.069
      vertex -128 -90.0838 629.767
    endloop
  endfacet
  facet normal 0 0.595739 -0.803178
    outer loop
      vertex -128 -78.891 638.069
      vertex -150 -90.0838 629.767
      vertex -150 -78.891 638.069
    endloop
  endfacet
  facet normal 0 -0.903988 0.427559
    outer loop
      vertex -150 125.233 453.062
      vertex -128 131.191 465.659
      vertex -150 131.191 465.659
    endloop
  endfacet
  facet normal 0 -0.903988 0.427559
    outer loop
      vertex -128 131.191 465.659
      vertex -150 125.233 453.062
      vertex -128 125.233 453.062
    endloop
  endfacet
  facet normal 0 0.67155 -0.740959
    outer loop
      vertex -150 -100.409 620.409
      vertex -128 -90.0838 629.767
      vertex -128 -100.409 620.409
    endloop
  endfacet
  facet normal 0 0.67155 -0.740959
    outer loop
      vertex -128 -90.0838 629.767
      vertex -150 -100.409 620.409
      vertex -150 -90.0838 629.767
    endloop
  endfacet
  facet normal 0 -0.67155 -0.740959
    outer loop
      vertex -150 90.0838 629.767
      vertex -128 100.409 620.409
      vertex -128 90.0838 629.767
    endloop
  endfacet
  facet normal -0 -0.67155 -0.740959
    outer loop
      vertex -128 100.409 620.409
      vertex -150 90.0838 629.767
      vertex -150 100.409 620.409
    endloop
  endfacet
  facet normal 0 0.0490843 -0.998795
    outer loop
      vertex -150 -13.9184 661.316
      vertex -128 0 662
      vertex -128 -13.9184 661.316
    endloop
  endfacet
  facet normal 0 0.0490843 -0.998795
    outer loop
      vertex -128 0 662
      vertex -150 -13.9184 661.316
      vertex -150 0 662
    endloop
  endfacet
  facet normal 0 0.903988 -0.427559
    outer loop
      vertex -128 -131.191 574.341
      vertex -150 -125.233 586.938
      vertex -128 -125.233 586.938
    endloop
  endfacet
  facet normal 0 0.903988 -0.427559
    outer loop
      vertex -150 -125.233 586.938
      vertex -128 -131.191 574.341
      vertex -150 -131.191 574.341
    endloop
  endfacet
  facet normal 0 -0.740952 -0.671558
    outer loop
      vertex -150 109.767 610.084
      vertex -128 100.409 620.409
      vertex -150 100.409 620.409
    endloop
  endfacet
  facet normal 0 -0.740952 -0.671558
    outer loop
      vertex -128 100.409 620.409
      vertex -150 109.767 610.084
      vertex -128 109.767 610.084
    endloop
  endfacet
  facet normal 0 -0.42755 0.903991
    outer loop
      vertex -150 66.9383 394.767
      vertex -128 54.341 388.809
      vertex -128 66.9383 394.767
    endloop
  endfacet
  facet normal 0 -0.42755 0.903991
    outer loop
      vertex -128 54.341 388.809
      vertex -150 66.9383 394.767
      vertex -150 54.341 388.809
    endloop
  endfacet
  facet normal 0 0.998795 -0.0490858
    outer loop
      vertex -128 -142 520
      vertex -150 -141.316 533.918
      vertex -128 -141.316 533.918
    endloop
  endfacet
  facet normal 0 0.998795 -0.0490858
    outer loop
      vertex -150 -141.316 533.918
      vertex -128 -142 520
      vertex -150 -142 520
    endloop
  endfacet
  facet normal 0 -0.14675 -0.989174
    outer loop
      vertex -150 13.9184 661.316
      vertex -128 27.7028 659.271
      vertex -128 13.9184 661.316
    endloop
  endfacet
  facet normal -0 -0.14675 -0.989174
    outer loop
      vertex -128 27.7028 659.271
      vertex -150 13.9184 661.316
      vertex -150 27.7028 659.271
    endloop
  endfacet
  facet normal 0 -0.242981 0.970031
    outer loop
      vertex -150 41.2204 384.114
      vertex -128 27.7028 380.728
      vertex -128 41.2204 384.114
    endloop
  endfacet
  facet normal 0 -0.242981 0.970031
    outer loop
      vertex -128 27.7028 380.728
      vertex -150 41.2204 384.114
      vertex -150 27.7028 380.728
    endloop
  endfacet
  facet normal 0 -0.0490843 0.998795
    outer loop
      vertex -150 13.9184 378.684
      vertex -128 0 378
      vertex -128 13.9184 378.684
    endloop
  endfacet
  facet normal 0 -0.0490843 0.998795
    outer loop
      vertex -128 0 378
      vertex -150 13.9184 378.684
      vertex -150 0 378
    endloop
  endfacet
  facet normal -0 0.67155 0.740959
    outer loop
      vertex -150 -90.0838 410.233
      vertex -128 -100.409 419.591
      vertex -128 -90.0838 410.233
    endloop
  endfacet
  facet normal 0 0.67155 0.740959
    outer loop
      vertex -128 -100.409 419.591
      vertex -150 -90.0838 410.233
      vertex -150 -100.409 419.591
    endloop
  endfacet
  facet normal 0 0.242981 -0.970031
    outer loop
      vertex -150 -41.2204 655.885
      vertex -128 -27.7028 659.271
      vertex -128 -41.2204 655.885
    endloop
  endfacet
  facet normal 0 0.242981 -0.970031
    outer loop
      vertex -128 -27.7028 659.271
      vertex -150 -41.2204 655.885
      vertex -150 -27.7028 659.271
    endloop
  endfacet
  facet normal 0 -0.42755 -0.903991
    outer loop
      vertex -150 54.341 651.191
      vertex -128 66.9383 645.233
      vertex -128 54.341 651.191
    endloop
  endfacet
  facet normal -0 -0.42755 -0.903991
    outer loop
      vertex -128 66.9383 645.233
      vertex -150 54.341 651.191
      vertex -150 66.9383 645.233
    endloop
  endfacet
  facet normal 0 -0.595739 0.803178
    outer loop
      vertex -150 90.0838 410.233
      vertex -128 78.891 401.931
      vertex -128 90.0838 410.233
    endloop
  endfacet
  facet normal 0 -0.595739 0.803178
    outer loop
      vertex -128 78.891 401.931
      vertex -150 90.0838 410.233
      vertex -150 78.891 401.931
    endloop
  endfacet
  facet normal 0 -0.85774 -0.514084
    outer loop
      vertex -150 125.233 586.938
      vertex -128 118.069 598.891
      vertex -150 118.069 598.891
    endloop
  endfacet
  facet normal 0 -0.85774 -0.514084
    outer loop
      vertex -128 118.069 598.891
      vertex -150 125.233 586.938
      vertex -128 125.233 586.938
    endloop
  endfacet
  facet normal 0 -0.514094 -0.857734
    outer loop
      vertex -150 66.9383 645.233
      vertex -128 78.891 638.069
      vertex -128 66.9383 645.233
    endloop
  endfacet
  facet normal -0 -0.514094 -0.857734
    outer loop
      vertex -128 78.891 638.069
      vertex -150 66.9383 645.233
      vertex -150 78.891 638.069
    endloop
  endfacet
  facet normal 0 -0.336914 0.941536
    outer loop
      vertex -150 54.341 388.809
      vertex -128 41.2204 384.114
      vertex -128 54.341 388.809
    endloop
  endfacet
  facet normal 0 -0.336914 0.941536
    outer loop
      vertex -128 41.2204 384.114
      vertex -150 54.341 388.809
      vertex -150 41.2204 384.114
    endloop
  endfacet
  facet normal 0 -0.941539 0.336905
    outer loop
      vertex -150 131.191 465.659
      vertex -128 135.886 478.78
      vertex -150 135.886 478.78
    endloop
  endfacet
  facet normal 0 -0.941539 0.336905
    outer loop
      vertex -128 135.886 478.78
      vertex -150 131.191 465.659
      vertex -128 131.191 465.659
    endloop
  endfacet
  facet normal 0 0.14675 -0.989174
    outer loop
      vertex -150 -27.7028 659.271
      vertex -128 -13.9184 661.316
      vertex -128 -27.7028 659.271
    endloop
  endfacet
  facet normal 0 0.14675 -0.989174
    outer loop
      vertex -128 -13.9184 661.316
      vertex -150 -27.7028 659.271
      vertex -150 -13.9184 661.316
    endloop
  endfacet
  facet normal 0 0.970028 -0.242992
    outer loop
      vertex -128 -139.272 547.703
      vertex -150 -135.886 561.22
      vertex -128 -135.886 561.22
    endloop
  endfacet
  facet normal 0 0.970028 -0.242992
    outer loop
      vertex -150 -135.886 561.22
      vertex -128 -139.272 547.703
      vertex -150 -139.272 547.703
    endloop
  endfacet
  facet normal 0 -0.989185 0.146673
    outer loop
      vertex -150 139.272 492.297
      vertex -128 141.316 506.082
      vertex -150 141.316 506.082
    endloop
  endfacet
  facet normal 0 -0.989185 0.146673
    outer loop
      vertex -128 141.316 506.082
      vertex -150 139.272 492.297
      vertex -128 139.272 492.297
    endloop
  endfacet
  facet normal 0 -0.998795 -0.0490858
    outer loop
      vertex -150 142 520
      vertex -128 141.316 533.918
      vertex -150 141.316 533.918
    endloop
  endfacet
  facet normal 0 -0.998795 -0.0490858
    outer loop
      vertex -128 141.316 533.918
      vertex -150 142 520
      vertex -128 142 520
    endloop
  endfacet
  facet normal -0 0.595739 0.803178
    outer loop
      vertex -150 -78.891 401.931
      vertex -128 -90.0838 410.233
      vertex -128 -78.891 401.931
    endloop
  endfacet
  facet normal 0 0.595739 0.803178
    outer loop
      vertex -128 -90.0838 410.233
      vertex -150 -78.891 401.931
      vertex -150 -90.0838 410.233
    endloop
  endfacet
  facet normal -0 0.0490843 0.998795
    outer loop
      vertex -150 0 378
      vertex -128 -13.9184 378.684
      vertex -128 0 378
    endloop
  endfacet
  facet normal 0 0.0490843 0.998795
    outer loop
      vertex -128 -13.9184 378.684
      vertex -150 0 378
      vertex -150 -13.9184 378.684
    endloop
  endfacet
  facet normal 0 -0.67155 0.740959
    outer loop
      vertex -150 100.409 419.591
      vertex -128 90.0838 410.233
      vertex -128 100.409 419.591
    endloop
  endfacet
  facet normal 0 -0.67155 0.740959
    outer loop
      vertex -128 90.0838 410.233
      vertex -150 100.409 419.591
      vertex -150 90.0838 410.233
    endloop
  endfacet
  facet normal -0 0.14668 0.989184
    outer loop
      vertex -150 -13.9184 378.684
      vertex -128 -27.7028 380.728
      vertex -128 -13.9184 378.684
    endloop
  endfacet
  facet normal 0 0.14668 0.989184
    outer loop
      vertex -128 -27.7028 380.728
      vertex -150 -13.9184 378.684
      vertex -150 -27.7028 380.728
    endloop
  endfacet
  facet normal -0 0.242981 0.970031
    outer loop
      vertex -150 -27.7028 380.728
      vertex -128 -41.2204 384.114
      vertex -128 -27.7028 380.728
    endloop
  endfacet
  facet normal 0 0.242981 0.970031
    outer loop
      vertex -128 -41.2204 384.114
      vertex -150 -27.7028 380.728
      vertex -150 -41.2204 384.114
    endloop
  endfacet
  facet normal 0 -0.803183 0.595732
    outer loop
      vertex -150 109.767 429.916
      vertex -128 118.069 441.109
      vertex -150 118.069 441.109
    endloop
  endfacet
  facet normal 0 -0.803183 0.595732
    outer loop
      vertex -128 118.069 441.109
      vertex -150 109.767 429.916
      vertex -128 109.767 429.916
    endloop
  endfacet
  facet normal 0 -0.85774 0.514084
    outer loop
      vertex -150 118.069 441.109
      vertex -128 125.233 453.062
      vertex -150 125.233 453.062
    endloop
  endfacet
  facet normal 0 -0.85774 0.514084
    outer loop
      vertex -128 125.233 453.062
      vertex -150 118.069 441.109
      vertex -128 118.069 441.109
    endloop
  endfacet
  facet normal -0 0.42755 0.903991
    outer loop
      vertex -150 -54.341 388.809
      vertex -128 -66.9383 394.767
      vertex -128 -54.341 388.809
    endloop
  endfacet
  facet normal 0 0.42755 0.903991
    outer loop
      vertex -128 -66.9383 394.767
      vertex -150 -54.341 388.809
      vertex -150 -66.9383 394.767
    endloop
  endfacet
  facet normal 0 0.998795 0.0490858
    outer loop
      vertex -128 -141.316 506.082
      vertex -150 -142 520
      vertex -128 -142 520
    endloop
  endfacet
  facet normal 0 0.998795 0.0490858
    outer loop
      vertex -150 -142 520
      vertex -128 -141.316 506.082
      vertex -150 -141.316 506.082
    endloop
  endfacet
  facet normal 0 0.42755 -0.903991
    outer loop
      vertex -150 -66.9383 645.233
      vertex -128 -54.341 651.191
      vertex -128 -66.9383 645.233
    endloop
  endfacet
  facet normal 0 0.42755 -0.903991
    outer loop
      vertex -128 -54.341 651.191
      vertex -150 -66.9383 645.233
      vertex -150 -54.341 651.191
    endloop
  endfacet
  facet normal 0 0.85774 0.514084
    outer loop
      vertex -128 -118.069 441.109
      vertex -150 -125.233 453.062
      vertex -128 -125.233 453.062
    endloop
  endfacet
  facet normal 0 0.85774 0.514084
    outer loop
      vertex -150 -125.233 453.062
      vertex -128 -118.069 441.109
      vertex -150 -118.069 441.109
    endloop
  endfacet
  facet normal 0 0.803183 0.595732
    outer loop
      vertex -128 -109.767 429.916
      vertex -150 -118.069 441.109
      vertex -128 -118.069 441.109
    endloop
  endfacet
  facet normal 0 0.803183 0.595732
    outer loop
      vertex -150 -118.069 441.109
      vertex -128 -109.767 429.916
      vertex -150 -109.767 429.916
    endloop
  endfacet
  facet normal 0 0.903988 0.427559
    outer loop
      vertex -128 -125.233 453.062
      vertex -150 -131.191 465.659
      vertex -128 -131.191 465.659
    endloop
  endfacet
  facet normal 0 0.903988 0.427559
    outer loop
      vertex -150 -131.191 465.659
      vertex -128 -125.233 453.062
      vertex -150 -125.233 453.062
    endloop
  endfacet
  facet normal 0 0.740952 -0.671558
    outer loop
      vertex -128 -109.767 610.084
      vertex -150 -100.409 620.409
      vertex -128 -100.409 620.409
    endloop
  endfacet
  facet normal 0 0.740952 -0.671558
    outer loop
      vertex -150 -100.409 620.409
      vertex -128 -109.767 610.084
      vertex -150 -109.767 610.084
    endloop
  endfacet
  facet normal 0 0.941539 0.336905
    outer loop
      vertex -128 -131.191 465.659
      vertex -150 -135.886 478.78
      vertex -128 -135.886 478.78
    endloop
  endfacet
  facet normal 0 0.941539 0.336905
    outer loop
      vertex -150 -135.886 478.78
      vertex -128 -131.191 465.659
      vertex -150 -131.191 465.659
    endloop
  endfacet
  facet normal 0 -0.514094 0.857734
    outer loop
      vertex -150 78.891 401.931
      vertex -128 66.9383 394.767
      vertex -128 78.891 401.931
    endloop
  endfacet
  facet normal 0 -0.514094 0.857734
    outer loop
      vertex -128 66.9383 394.767
      vertex -150 78.891 401.931
      vertex -150 66.9383 394.767
    endloop
  endfacet
  facet normal 0 -0.989185 -0.146673
    outer loop
      vertex -150 141.316 533.918
      vertex -128 139.272 547.703
      vertex -150 139.272 547.703
    endloop
  endfacet
  facet normal 0 -0.989185 -0.146673
    outer loop
      vertex -128 139.272 547.703
      vertex -150 141.316 533.918
      vertex -128 141.316 533.918
    endloop
  endfacet
  facet normal -0 0.514094 0.857734
    outer loop
      vertex -150 -66.9383 394.767
      vertex -128 -78.891 401.931
      vertex -128 -66.9383 394.767
    endloop
  endfacet
  facet normal 0 0.514094 0.857734
    outer loop
      vertex -128 -78.891 401.931
      vertex -150 -66.9383 394.767
      vertex -150 -78.891 401.931
    endloop
  endfacet
  facet normal 0 0.989185 0.146673
    outer loop
      vertex -128 -139.272 492.297
      vertex -150 -141.316 506.082
      vertex -128 -141.316 506.082
    endloop
  endfacet
  facet normal 0 0.989185 0.146673
    outer loop
      vertex -150 -141.316 506.082
      vertex -128 -139.272 492.297
      vertex -150 -139.272 492.297
    endloop
  endfacet
  facet normal 0 0.970028 0.242992
    outer loop
      vertex -128 -135.886 478.78
      vertex -150 -139.272 492.297
      vertex -128 -139.272 492.297
    endloop
  endfacet
  facet normal 0 0.970028 0.242992
    outer loop
      vertex -150 -139.272 492.297
      vertex -128 -135.886 478.78
      vertex -150 -135.886 478.78
    endloop
  endfacet
endsolid OpenSCAD_Model
