freq_Hz,anechoic_dB,inroom_dB,level_corr_dB,post_dsp_dB,room_gain_dB,room_hf_abs_dB,room_tf_dB,harman_target_dB,dsp_correction_dB,dsp_correction_smoothed_dB,woofer_dB,mid_dB,tweeter_dB
20.00,-19.5782,-10.5782,-10.5782,3.0129,9.0000,-0.0000,9.0000,3.3654,13.9436,13.5911,-19.5790,-101.1624,-198.2898
20.07,-19.4925,-10.4925,-10.4925,3.0549,9.0000,-0.0000,9.0000,3.3645,13.8570,13.5474,-19.4933,-101.0404,-198.1681
20.14,-19.4071,-10.4071,-10.4071,3.0941,9.0000,-0.0000,9.0000,3.3636,13.7706,13.5012,-19.4078,-100.9184,-198.0463
20.21,-19.3218,-10.3218,-10.3218,3.1306,9.0000,-0.0000,9.0000,3.3626,13.6844,13.4524,-19.3225,-100.7964,-197.9246
20.28,-19.2368,-10.2368,-10.2368,3.1644,9.0000,-0.0000,9.0000,3.3617,13.5985,13.4012,-19.2375,-100.6744,-197.8029
20.35,-19.1519,-10.1519,-10.1519,3.1955,9.0000,-0.0000,9.0000,3.3608,13.5127,13.3474,-19.1527,-100.5524,-197.6812
20.42,-19.0674,-10.0674,-10.0674,3.2238,9.0000,-0.0000,9.0000,3.3598,13.4272,13.2912,-19.0681,-100.4304,-197.5595
20.50,-18.9830,-9.9830,-9.9830,3.2495,9.0000,-0.0000,9.0000,3.3589,13.3419,13.2325,-18.9837,-100.3084,-197.4378
20.57,-18.8988,-9.8988,-9.8988,3.2724,9.0000,-0.0000,9.0000,3.3579,13.2568,13.1713,-18.8996,-100.1864,-197.3161
20.64,-18.8149,-9.8149,-9.8149,3.2927,9.0000,-0.0000,9.0000,3.3570,13.1719,13.1076,-18.8157,-100.0644,-197.1943
20.71,-18.7312,-9.7312,-9.7312,3.3103,9.0000,-0.0000,9.0000,3.3560,13.0872,13.0415,-18.7320,-99.9424,-197.0726
20.79,-18.6477,-9.6477,-9.6477,3.3252,9.0000,-0.0000,9.0000,3.3550,13.0028,12.9729,-18.6485,-99.8204,-196.9509
20.86,-18.5645,-9.5645,-9.5645,3.3374,9.0000,-0.0000,9.0000,3.3541,12.9186,12.9019,-18.5653,-99.6984,-196.8292
20.93,-18.4815,-9.4815,-9.4815,3.3470,9.0000,-0.0000,9.0000,3.3531,12.8345,12.8285,-18.4822,-99.5764,-196.7075
21.01,-18.3986,-9.3986,-9.3986,3.3539,9.0000,-0.0000,9.0000,3.3521,12.7507,12.7526,-18.3994,-99.4544,-196.5858
21.08,-18.3161,-9.3161,-9.3161,3.3582,9.0000,-0.0000,9.0000,3.3511,12.6672,12.6742,-18.3168,-99.3323,-196.4640
21.15,-18.2337,-9.2337,-9.2337,3.3598,9.0000,-0.0000,9.0000,3.3501,12.5838,12.5935,-18.2345,-99.2103,-196.3423
21.23,-18.1515,-9.1515,-9.1515,3.3588,9.0000,-0.0000,9.0000,3.3491,12.5006,12.5103,-18.1523,-99.0439,-196.2206
21.30,-18.0696,-9.0696,-9.0696,3.3577,9.0000,-0.0000,9.0000,3.3481,12.4177,12.4273,-18.0704,-98.8332,-196.0989
21.38,-17.9879,-8.9879,-8.9879,3.3567,9.0000,-0.0000,9.0000,3.3471,12.3349,12.3446,-17.9887,-98.6222,-195.9772
21.45,-17.9064,-8.9064,-8.9064,3.3557,9.0000,-0.0000,9.0000,3.3460,12.2524,12.2621,-17.9072,-98.4108,-195.8555
21.53,-17.8251,-8.8251,-8.8251,3.3546,9.0000,-0.0000,9.0000,3.3450,12.1701,12.1797,-17.8259,-98.1992,-195.7338
21.60,-17.7441,-8.7441,-8.7441,3.3536,9.0000,-0.0000,9.0000,3.3439,12.0880,12.0976,-17.7449,-97.9872,-195.6120
21.68,-17.6632,-8.6632,-8.6632,3.3525,9.0000,-0.0000,9.0000,3.3429,12.0061,12.0157,-17.6641,-97.7749,-195.4903
21.75,-17.5826,-8.5826,-8.5826,3.3515,9.0000,-0.0000,9.0000,3.3418,11.9244,11.9341,-17.5835,-97.5623,-195.3686
21.83,-17.5022,-8.5022,-8.5022,3.3504,9.0000,-0.0000,9.0000,3.3408,11.8430,11.8526,-17.5031,-97.3494,-195.2469
21.91,-17.4220,-8.4220,-8.4220,3.3493,9.0000,-0.0000,9.0000,3.3397,11.7617,11.7713,-17.4229,-97.1362,-195.1252
21.98,-17.3421,-8.3421,-8.3421,3.3482,9.0000,-0.0000,9.0000,3.3386,11.6807,11.6903,-17.3430,-96.9226,-195.0035
22.06,-17.2623,-8.2623,-8.2623,3.3471,9.0000,-0.0000,9.0000,3.3376,11.5999,11.6095,-17.2632,-96.7087,-194.8817
22.14,-17.1828,-8.1828,-8.1828,3.3460,9.0000,-0.0000,9.0000,3.3365,11.5193,11.5288,-17.1837,-96.4945,-194.7600
22.22,-17.1035,-8.1035,-8.1035,3.3449,9.0000,-0.0000,9.0000,3.3354,11.4389,11.4484,-17.1044,-96.2799,-194.6383
22.29,-17.0244,-8.0244,-8.0244,3.3438,9.0000,-0.0000,9.0000,3.3343,11.3587,11.3682,-17.0254,-96.0651,-194.5166
22.37,-16.9455,-7.9455,-7.9455,3.3427,9.0000,-0.0000,9.0000,3.3332,11.2787,11.2882,-16.9465,-95.8499,-194.3949
22.45,-16.8669,-7.8669,-7.8669,3.3416,9.0000,-0.0000,9.0000,3.3320,11.1989,11.2085,-16.8679,-95.6345,-194.2732
22.53,-16.7884,-7.7884,-7.7884,3.3404,9.0000,-0.0000,9.0000,3.3309,11.1194,11.1289,-16.7895,-95.4295,-194.1514
22.61,-16.7102,-7.7102,-7.7102,3.3393,9.0000,-0.0000,9.0000,3.3298,11.0400,11.0495,-16.7113,-95.2242,-194.0297
22.69,-16.6322,-7.6322,-7.6322,3.3382,9.0000,-0.0000,9.0000,3.3287,10.9609,10.9704,-16.6333,-95.0186,-193.9080
22.77,-16.5544,-7.5544,-7.5544,3.3370,9.0000,-0.0000,9.0000,3.3275,10.8820,10.8914,-16.5555,-94.8127,-193.7863
22.85,-16.4769,-7.4769,-7.4769,3.3358,9.0000,-0.0000,9.0000,3.3264,10.8032,10.8127,-16.4780,-94.6066,-193.6646
22.93,-16.3995,-7.3995,-7.3995,3.3347,9.0000,-0.0000,9.0000,3.3252,10.7247,10.7342,-16.4006,-94.4001,-193.5429
23.01,-16.3224,-7.3224,-7.3224,3.3335,9.0000,-0.0000,9.0000,3.3240,10.6464,10.6559,-16.3235,-94.1933,-193.4212
23.09,-16.2455,-7.2455,-7.2455,3.3323,9.0000,-0.0000,9.0000,3.3229,10.5683,10.5778,-16.2466,-93.9863,-193.2994
23.17,-16.1688,-7.1688,-7.1688,3.3311,9.0000,-0.0000,9.0000,3.3217,10.4904,10.4999,-16.1699,-93.7789,-193.1777
23.25,-16.0923,-7.0923,-7.0923,3.3299,9.0000,-0.0000,9.0000,3.3205,10.4128,10.4222,-16.0934,-93.5712,-193.0560
23.33,-16.0160,-7.0160,-7.0160,3.3287,9.0000,-0.0000,9.0000,3.3193,10.3353,10.3447,-16.0172,-93.3632,-192.9343
23.42,-15.9400,-6.9400,-6.9400,3.3275,9.0000,-0.0000,9.0000,3.3181,10.2580,10.2675,-15.9411,-93.1549,-192.8126
23.50,-15.8641,-6.8641,-6.8641,3.3263,9.0000,-0.0000,9.0000,3.3169,10.1810,10.1904,-15.8653,-92.9464,-192.6909
23.58,-15.7885,-6.7885,-6.7885,3.3251,9.0000,-0.0000,9.0000,3.3156,10.1041,10.1136,-15.7897,-92.7375,-192.5691
23.66,-15.7131,-6.7131,-6.7131,3.3238,9.0000,-0.0000,9.0000,3.3144,10.0275,10.0369,-15.7143,-92.5283,-192.4474
23.75,-15.6379,-6.6379,-6.6379,3.3226,9.0000,-0.0000,9.0000,3.3132,9.9511,9.9605,-15.6391,-92.3188,-192.3257
23.83,-15.5629,-6.5629,-6.5629,3.3214,9.0000,-0.0000,9.0000,3.3119,9.8748,9.8842,-15.5642,-92.1328,-192.2040
23.91,-15.4881,-6.4881,-6.4881,3.3201,9.0000,-0.0000,9.0000,3.3107,9.7988,9.8082,-15.4894,-91.9636,-192.0823
24.00,-15.4136,-6.4136,-6.4136,3.3188,9.0000,-0.0000,9.0000,3.3094,9.7230,9.7324,-15.4149,-91.7942,-191.9606
24.08,-15.3393,-6.3393,-6.3393,3.3176,9.0000,-0.0000,9.0000,3.3082,9.6474,9.6568,-15.3406,-91.6247,-191.8388
24.17,-15.2651,-6.2651,-6.2651,3.3163,9.0000,-0.0000,9.0000,3.3069,9.5720,9.5814,-15.2665,-91.4550,-191.7171
24.25,-15.1912,-6.1912,-6.1912,3.3150,9.0000,-0.0000,9.0000,3.3056,9.4968,9.5062,-15.1926,-91.2851,-191.5954
24.34,-15.1175,-6.1175,-6.1175,3.3137,9.0000,-0.0000,9.0000,3.3043,9.4219,9.4312,-15.1189,-91.1150,-191.4737
24.42,-15.0441,-6.0441,-6.0441,3.3124,9.0000,-0.0000,9.0000,3.3030,9.3471,9.3565,-15.0455,-90.9448,-191.3520
24.51,-14.9708,-5.9708,-5.9708,3.3111,9.0000,-0.0000,9.0000,3.3017,9.2725,9.2819,-14.9722,-90.7744,-191.2303
24.59,-14.8978,-5.8978,-5.8978,3.3098,9.0000,-0.0000,9.0000,3.3004,9.1982,9.2075,-14.8992,-90.6038,-191.1085
24.68,-14.8249,-5.8249,-5.8249,3.3085,9.0000,-0.0000,9.0000,3.2991,9.1240,9.1334,-14.8264,-90.4331,-190.9868
24.77,-14.7523,-5.7523,-5.7523,3.3071,9.0000,-0.0000,9.0000,3.2977,9.0501,9.0594,-14.7538,-90.2621,-190.8651
24.85,-14.6799,-5.6799,-5.6799,3.3058,9.0000,-0.0000,9.0000,3.2964,8.9763,8.9857,-14.6814,-90.0910,-190.7434
24.94,-14.6077,-5.6077,-5.6077,3.3045,9.0000,-0.0000,9.0000,3.2951,8.9028,8.9122,-14.6092,-89.9198,-190.6217
25.03,-14.5357,-5.5357,-5.5357,3.3031,9.0000,-0.0000,9.0000,3.2937,8.8295,8.8389,-14.5373,-89.7483,-190.5000
25.11,-14.4640,-5.4640,-5.4640,3.3018,9.0000,-0.0000,9.0000,3.2923,8.7563,8.7657,-14.4655,-89.5767,-190.3783
25.20,-14.3924,-5.3924,-5.3924,3.3004,9.0000,-0.0000,9.0000,3.2910,8.6834,8.6928,-14.3940,-89.4073,-190.2565
25.29,-14.3211,-5.3211,-5.3211,3.2990,9.0000,-0.0000,9.0000,3.2896,8.6107,8.6201,-14.3227,-89.3146,-190.1348
25.38,-14.2500,-5.2500,-5.2500,3.2976,9.0000,-0.0000,9.0000,3.2882,8.5382,8.5477,-14.2516,-89.2221,-190.0131
25.47,-14.1792,-5.1792,-5.1792,3.2962,9.0000,-0.0000,9.0000,3.2868,8.4659,8.4754,-14.1807,-89.1296,-189.8914
25.56,-14.1085,-5.1085,-5.1085,3.2948,9.0000,-0.0000,9.0000,3.2854,8.3939,8.4033,-14.1100,-89.0372,-189.7697
25.65,-14.0380,-5.0380,-5.0380,3.2934,9.0000,-0.0000,9.0000,3.2840,8.3220,8.3314,-14.0396,-88.9450,-189.6480
25.74,-13.9678,-4.9678,-4.9678,3.2920,9.0000,-0.0000,9.0000,3.2825,8.2503,8.2598,-13.9694,-88.8528,-189.5262
25.83,-13.8978,-4.8978,-4.8978,3.2906,9.0000,-0.0000,9.0000,3.2811,8.1789,8.1883,-13.8993,-88.7608,-189.4045
25.92,-13.8280,-4.8280,-4.8280,3.2891,9.0000,-0.0000,9.0000,3.2797,8.1076,8.1171,-13.8295,-88.6688,-189.2828
26.01,-13.7584,-4.7584,-4.7584,3.2877,9.0000,-0.0000,9.0000,3.2782,8.0366,8.0461,-13.7600,-88.5770,-189.1611
26.10,-13.6890,-4.6890,-4.6890,3.2862,9.0000,-0.0000,9.0000,3.2768,7.9658,7.9752,-13.6906,-88.4852,-189.0394
26.19,-13.6199,-4.6199,-4.6199,3.2848,9.0000,-0.0000,9.0000,3.2753,7.8952,7.9046,-13.6214,-88.3936,-188.9177
26.28,-13.5509,-4.5509,-4.5509,3.2833,9.0000,-0.0000,9.0000,3.2738,7.8247,7.8342,-13.5525,-88.3020,-188.7959
26.38,-13.4822,-4.4822,-4.4822,3.2818,9.0000,-0.0000,9.0000,3.2723,7.7545,7.7640,-13.4838,-88.2106,-188.6742
26.47,-13.4137,-4.4137,-4.4137,3.2803,9.0000,-0.0000,9.0000,3.2708,7.6845,7.6940,-13.4153,-88.1193,-188.5525
26.56,-13.3454,-4.3454,-4.3454,3.2788,9.0000,-0.0000,9.0000,3.2693,7.6148,7.6243,-13.3470,-88.0281,-188.4308
26.66,-13.2774,-4.2774,-4.2774,3.2774,9.0000,-0.0000,9.0000,3.2678,7.5452,7.5547,-13.2790,-87.9369,-188.3091
26.75,-13.2095,-4.2095,-4.2095,3.2758,9.0000,-0.0000,9.0000,3.2663,7.4758,7.4854,-13.2111,-87.8544,-188.1874
26.84,-13.1419,-4.1419,-4.1419,3.2743,9.0000,-0.0000,9.0000,3.2648,7.4067,7.4162,-13.1435,-87.7798,-188.0656
26.94,-13.0745,-4.0745,-4.0745,3.2728,9.0000,-0.0000,9.0000,3.2632,7.3377,7.3473,-13.0761,-87.7053,-187.9439
27.03,-13.0073,-4.0073,-4.0073,3.2713,9.0000,-0.0000,9.0000,3.2617,7.2690,7.2786,-13.0089,-87.6309,-187.8222
27.13,-12.9404,-3.9404,-3.9404,3.2697,9.0000,-0.0000,9.0000,3.2601,7.2005,7.2101,-12.9420,-87.5567,-187.7005
27.22,-12.8736,-3.8736,-3.8736,3.2682,9.0000,-0.0000,9.0000,3.2585,7.1321,7.1418,-12.8752,-87.4827,-187.5788
27.32,-12.8071,-3.8071,-3.8071,3.2666,9.0000,-0.0000,9.0000,3.2570,7.0640,7.0737,-12.8087,-87.4089,-187.4571
27.41,-12.7408,-3.7408,-3.7408,3.2650,9.0000,-0.0000,9.0000,3.2554,6.9962,7.0058,-12.7424,-87.3352,-187.3353
27.51,-12.6747,-3.6747,-3.6747,3.2634,9.0000,-0.0000,9.0000,3.2538,6.9285,6.9382,-12.6763,-87.2617,-187.2136
27.61,-12.6089,-3.6089,-3.6089,3.2618,9.0000,-0.0000,9.0000,3.2522,6.8610,6.8707,-12.6105,-87.1884,-187.0919
27.70,-12.5433,-3.5433,-3.5433,3.2602,9.0000,-0.0000,9.0000,3.2505,6.7938,6.8035,-12.5449,-87.1152,-186.9702
27.80,-12.4779,-3.4779,-3.4779,3.2586,9.0000,-0.0000,9.0000,3.2489,6.7268,6.7365,-12.4795,-87.0422,-186.8485
27.90,-12.4127,-3.4127,-3.4127,3.2570,9.0000,-0.0000,9.0000,3.2473,6.6599,6.6697,-12.4143,-86.9693,-186.7268
28.00,-12.3477,-3.3477,-3.3477,3.2554,9.0000,-0.0000,9.0000,3.2456,6.5933,6.6031,-12.3494,-86.8967,-186.6051
28.09,-12.2830,-3.2830,-3.2830,3.2537,9.0000,-0.0000,9.0000,3.2440,6.5270,6.5367,-12.2846,-86.8242,-186.4833
28.19,-12.2185,-3.2185,-3.2185,3.2521,9.0000,-0.0000,9.0000,3.2423,6.4608,6.4706,-12.2201,-86.7519,-186.3616
28.29,-12.1542,-3.1542,-3.1542,3.2504,9.0000,-0.0000,9.0000,3.2406,6.3948,6.4046,-12.1559,-86.6658,-186.2399
28.39,-12.0902,-3.0902,-3.0902,3.2488,9.0000,-0.0000,9.0000,3.2389,6.3291,6.3389,-12.0918,-86.4731,-186.1182
28.49,-12.0263,-3.0263,-3.0263,3.2471,9.0000,-0.0000,9.0000,3.2372,6.2636,6.2734,-12.0280,-86.2801,-185.9965
28.59,-11.9627,-2.9627,-2.9627,3.2454,9.0000,-0.0000,9.0000,3.2355,6.1982,6.2081,-11.9644,-86.0868,-185.8748
28.69,-11.8993,-2.8993,-2.8993,3.2438,9.0000,-0.0000,9.0000,3.2338,6.1331,6.1431,-11.9011,-85.8933,-185.7530
28.79,-11.8362,-2.8362,-2.8362,3.2421,9.0000,-0.0000,9.0000,3.2321,6.0683,6.0783,-11.8380,-85.6996,-185.6313
28.89,-11.7733,-2.7733,-2.7733,3.2404,9.0000,-0.0000,9.0000,3.2303,6.0036,6.0136,-11.7751,-85.5055,-185.5096
28.99,-11.7106,-2.7106,-2.7106,3.2386,9.0000,-0.0000,9.0000,3.2286,5.9392,5.9492,-11.7124,-85.3113,-185.3879
29.10,-11.6481,-2.6481,-2.6481,3.2369,9.0000,-0.0000,9.0000,3.2268,5.8750,5.8851,-11.6500,-85.1167,-185.2662
29.20,-11.5859,-2.5859,-2.5859,3.2352,9.0000,-0.0000,9.0000,3.2251,5.8110,5.8211,-11.5878,-84.9220,-185.1445
29.30,-11.5239,-2.5239,-2.5239,3.2335,9.0000,-0.0000,9.0000,3.2233,5.7472,5.7574,-11.5258,-84.7269,-185.0227
29.40,-11.4622,-2.4622,-2.4622,3.2317,9.0000,-0.0000,9.0000,3.2215,5.6837,5.6939,-11.4641,-84.5316,-184.9010
29.51,-11.4007,-2.4007,-2.4007,3.2299,9.0000,-0.0000,9.0000,3.2197,5.6204,5.6306,-11.4026,-84.3360,-184.7793
29.61,-11.3394,-2.3394,-2.3394,3.2282,9.0000,-0.0000,9.0000,3.2179,5.5573,5.5676,-11.3414,-84.1402,-184.6576
29.71,-11.2784,-2.2784,-2.2784,3.2264,9.0000,-0.0000,9.0000,3.2161,5.4944,5.5047,-11.2804,-83.9441,-184.5359
29.82,-11.2176,-2.2176,-2.2176,3.2246,9.0000,-0.0000,9.0000,3.2142,5.4318,5.4421,-11.2196,-83.7478,-184.4142
29.92,-11.1570,-2.1570,-2.1570,3.2228,9.0000,-0.0000,9.0000,3.2124,5.3694,5.3798,-11.1591,-83.5512,-184.2924
30.03,-11.0967,-2.0967,-2.0967,3.2209,9.0000,-0.0000,9.0000,3.2105,5.3072,5.3176,-11.0988,-83.3434,-184.1707
30.13,-11.0366,-2.0366,-2.0366,3.2191,9.0000,-0.0000,9.0000,3.2087,5.2452,5.2557,-11.0387,-83.1264,-184.0490
30.24,-10.9767,-1.9767,-1.9767,3.2173,9.0000,-0.0000,9.0000,3.2068,5.1835,5.1940,-10.9789,-82.9090,-183.9273
30.34,-10.9171,-1.9171,-1.9171,3.2154,9.0000,-0.0000,9.0000,3.2049,5.1220,5.1326,-10.9194,-82.6913,-183.8056
30.45,-10.8578,-1.8578,-1.8578,3.2136,9.0000,-0.0000,9.0000,3.2030,5.0608,5.0714,-10.8601,-82.4732,-183.6839
30.56,-10.7987,-1.7987,-1.7987,3.2117,9.0000,-0.0000,9.0000,3.2011,4.9998,5.0104,-10.8010,-82.2548,-183.5621
30.67,-10.7398,-1.7398,-1.7398,3.2098,9.0000,-0.0000,9.0000,3.1992,4.9390,4.9497,-10.7422,-82.0361,-183.4404
30.77,-10.6812,-1.6812,-1.6812,3.2080,9.0000,-0.0000,9.0000,3.1972,4.8784,4.8892,-10.6836,-81.8170,-183.3187
30.88,-10.6228,-1.6228,-1.6228,3.2061,9.0000,-0.0000,9.0000,3.1953,4.8181,4.8289,-10.6253,-81.5976,-183.1970
30.99,-10.5647,-1.5647,-1.5647,3.2041,9.0000,-0.0000,9.0000,3.1933,4.7580,4.7689,-10.5672,-81.3778,-183.0753
31.10,-10.5068,-1.5068,-1.5068,3.2022,9.0000,-0.0000,9.0000,3.1914,4.6982,4.7091,-10.5094,-81.1577,-182.9536
31.21,-10.4492,-1.4492,-1.4492,3.2003,9.0000,-0.0000,9.0000,3.1894,4.6386,4.6495,-10.4518,-80.9373,-182.8318
31.32,-10.3918,-1.3918,-1.3918,3.1983,9.0000,-0.0000,9.0000,3.1874,4.5792,4.5902,-10.3945,-80.7164,-182.7101
31.43,-10.3347,-1.3347,-1.3347,3.1964,9.0000,-0.0000,9.0000,3.1854,4.5201,4.5311,-10.3374,-80.4953,-182.5884
31.54,-10.2779,-1.2779,-1.2779,3.1944,9.0000,-0.0000,9.0000,3.1834,4.4612,4.4723,-10.2806,-80.2738,-182.4667
31.65,-10.2213,-1.2213,-1.2213,3.1925,9.0000,-0.0000,9.0000,3.1814,4.4026,4.4137,-10.2241,-80.0519,-182.3450
31.76,-10.1649,-1.1649,-1.1649,3.1905,9.0000,-0.0000,9.0000,3.1793,4.3442,4.3554,-10.1678,-79.8306,-182.2233
31.87,-10.1088,-1.1088,-1.1088,3.1885,9.0000,-0.0000,9.0000,3.1773,4.2861,4.2973,-10.1117,-79.6198,-182.1015
31.98,-10.0530,-1.0530,-1.0530,3.1864,9.0000,-0.0000,9.0000,3.1752,4.2282,4.2394,-10.0559,-79.4086,-181.9798
32.09,-9.9974,-0.9974,-0.9974,3.1844,9.0000,-0.0000,9.0000,3.1732,4.1706,4.1818,-10.0004,-79.1971,-181.8581
32.21,-9.9421,-0.9421,-0.9421,3.1824,9.0000,-0.0000,9.0000,3.1711,4.1132,4.1245,-9.9452,-78.9853,-181.7364
32.32,-9.8870,-0.8870,-0.8870,3.1803,9.0000,-0.0000,9.0000,3.1690,4.0560,4.0674,-9.8902,-78.7732,-181.6147
32.43,-9.8322,-0.8322,-0.8322,3.1783,9.0000,-0.0000,9.0000,3.1669,3.9991,4.0105,-9.8354,-78.5608,-181.4930
32.55,-9.7777,-0.7777,-0.7777,3.1762,9.0000,-0.0000,9.0000,3.1648,3.9425,3.9539,-9.7809,-78.3480,-181.3713
32.66,-9.7234,-0.7234,-0.7234,3.1741,9.0000,-0.0000,9.0000,3.1626,3.8861,3.8976,-9.7267,-78.1350,-181.2495
32.78,-9.6694,-0.6694,-0.6694,3.1721,9.0000,-0.0000,9.0000,3.1605,3.8299,3.8415,-9.6728,-77.9216,-181.1278
32.89,-9.6157,-0.6157,-0.6157,3.1700,9.0000,-0.0000,9.0000,3.1583,3.7740,3.7857,-9.6191,-77.7079,-181.0061
33.01,-9.5622,-0.5622,-0.5622,3.1678,9.0000,-0.0000,9.0000,3.1562,3.7184,3.7301,-9.5657,-77.4938,-180.8844
33.12,-9.5091,-0.5091,-0.5091,3.1657,9.0000,-0.0000,9.0000,3.1540,3.6630,3.6748,-9.5126,-77.2794,-180.7627
33.24,-9.4561,-0.4561,-0.4561,3.1636,9.0000,-0.0000,9.0000,3.1518,3.6079,3.6197,-9.4597,-77.0647,-180.6410
33.36,-9.4035,-0.4035,-0.4035,3.1614,9.0000,-0.0000,9.0000,3.1496,3.5531,3.5649,-9.4072,-76.8497,-180.5192
33.47,-9.3511,-0.3511,-0.3511,3.1593,9.0000,-0.0000,9.0000,3.1474,3.4985,3.5104,-9.3548,-76.6344,-180.3975
33.59,-9.2990,-0.2990,-0.2990,3.1571,9.0000,-0.0000,9.0000,3.1451,3.4441,3.4561,-9.3028,-76.4187,-180.2758
33.71,-9.2472,-0.2472,-0.2472,3.1549,9.0000,-0.0000,9.0000,3.1429,3.3901,3.4021,-9.2510,-76.2427,-180.1541
33.83,-9.1956,-0.1956,-0.1956,3.1527,9.0000,-0.0000,9.0000,3.1407,3.3363,3.3483,-9.1995,-76.0966,-180.0324
33.94,-9.1444,-0.1444,-0.1444,3.1505,9.0000,-0.0000,9.0000,3.1384,3.2828,3.2949,-9.1483,-75.9504,-179.9107
34.06,-9.0934,-0.0934,-0.0934,3.1482,9.0000,-0.0000,9.0000,3.1361,3.2295,3.2416,-9.0974,-75.8041,-179.7889
34.18,-9.0427,-0.0427,-0.0427,3.1460,9.0000,-0.0000,9.0000,3.1338,3.1765,3.1887,-9.0468,-75.6577,-179.6672
34.30,-8.9923,0.0077,0.0077,3.1437,9.0000,-0.0000,9.0000,3.1315,3.1238,3.1360,-8.9964,-75.5112,-179.5455
34.42,-8.9421,0.0579,0.0579,3.1414,9.0000,-0.0000,9.0000,3.1292,3.0713,3.0836,-8.9463,-75.3646,-179.4238
34.54,-8.8923,0.1077,0.1077,3.1391,9.0000,-0.0000,9.0000,3.1269,3.0192,3.0314,-8.8965,-75.2180,-179.3021
34.67,-8.8427,0.1573,0.1573,3.1368,9.0000,-0.0000,9.0000,3.1245,2.9672,2.9795,-8.8470,-75.0712,-179.1804
34.79,-8.7934,0.2066,0.2066,3.1345,9.0000,-0.0000,9.0000,3.1222,2.9156,2.9279,-8.7977,-74.9244,-179.0586
34.91,-8.7444,0.2556,0.2556,3.1322,9.0000,-0.0000,9.0000,3.1198,2.8642,2.8766,-8.7488,-74.7775,-178.9369
35.03,-8.6957,0.3043,0.3043,3.1298,9.0000,-0.0000,9.0000,3.1174,2.8131,2.8255,-8.7001,-74.6304,-178.8152
35.15,-8.6473,0.3527,0.3527,3.1274,9.0000,-0.0000,9.0000,3.1150,2.7623,2.7747,-8.6517,-74.4833,-178.6935
35.28,-8.5991,0.4009,0.4009,3.1251,9.0000,-0.0000,9.0000,3.1126,2.7118,2.7242,-8.6036,-74.3361,-178.5718
35.40,-8.5513,0.4487,0.4487,3.1227,9.0000,-0.0000,9.0000,3.1102,2.6615,2.6739,-8.5558,-74.1888,-178.4501
35.53,-8.5037,0.4963,0.4963,3.1203,9.0000,-0.0000,9.0000,3.1078,2.6115,2.6240,-8.5083,-74.0414,-178.3283
35.65,-8.4564,0.5436,0.5436,3.1178,9.0000,-0.0000,9.0000,3.1053,2.5618,2.5743,-8.4611,-73.8920,-178.2066
35.78,-8.4094,0.5906,0.5906,3.1154,9.0000,-0.0000,9.0000,3.1029,2.5123,2.5249,-8.4142,-73.7220,-178.0849
35.90,-8.3627,0.6373,0.6373,3.1130,9.0000,-0.0000,9.0000,3.1004,2.4631,2.4757,-8.3675,-73.5518,-177.9632
36.03,-8.3163,0.6837,0.6837,3.1105,9.0000,-0.0000,9.0000,3.0979,2.4142,2.4269,-8.3212,-73.3815,-177.8415
36.15,-8.2702,0.7298,0.7298,3.1081,9.0000,-0.0000,9.0000,3.0954,2.3656,2.3783,-8.2751,-73.2110,-177.7198
36.28,-8.2244,0.7756,0.7756,3.1056,9.0000,-0.0000,9.0000,3.0929,2.3173,2.3300,-8.2294,-73.0403,-177.5980
36.41,-8.1789,0.8211,0.8211,3.1031,9.0000,-0.0000,9.0000,3.0904,2.2692,2.2820,-8.1839,-72.8694,-177.4763
36.54,-8.1336,0.8664,0.8664,3.1006,9.0000,-0.0000,9.0000,3.0878,2.2214,2.2342,-8.1388,-72.6984,-177.3546
36.66,-8.0887,0.9113,0.9113,3.0981,9.0000,-0.0000,9.0000,3.0853,2.1739,2.1867,-8.0939,-72.5272,-177.2329
36.79,-8.0440,0.9560,0.9560,3.0955,9.0000,-0.0000,9.0000,3.0827,2.1267,2.1396,-8.0493,-72.3558,-177.1112
36.92,-7.9997,1.0003,1.0003,3.0930,9.0000,-0.0000,9.0000,3.0801,2.0798,2.0927,-8.0051,-72.1842,-176.9895
37.05,-7.9557,1.0443,1.0443,3.0904,9.0000,-0.0000,9.0000,3.0775,2.0332,2.0461,-7.9611,-72.0125,-176.8677
37.18,-7.9119,1.0881,1.0881,3.0878,9.0000,-0.0000,9.0000,3.0749,1.9868,1.9997,-7.9174,-71.8406,-176.7460
37.31,-7.8685,1.1315,1.1315,3.0852,9.0000,-0.0000,9.0000,3.0723,1.9407,1.9537,-7.8741,-71.6685,-176.6243
37.44,-7.8253,1.1747,1.1747,3.0826,9.0000,-0.0000,9.0000,3.0696,1.8949,1.9079,-7.8310,-71.4962,-176.5026
37.57,-7.7825,1.2175,1.2175,3.0800,9.0000,-0.0000,9.0000,3.0670,1.8494,1.8624,-7.7882,-71.3238,-176.3809
37.71,-7.7399,1.2601,1.2601,3.0773,9.0000,-0.0000,9.0000,3.0643,1.8042,1.8172,-7.7458,-71.1511,-176.2592
37.84,-7.6977,1.3023,1.3023,3.0747,9.0000,-0.0000,9.0000,3.0616,1.7593,1.7723,-7.7036,-70.9804,-176.1374
37.97,-7.6557,1.3443,1.3443,3.0720,9.0000,-0.0000,9.0000,3.0590,1.7147,1.7277,-7.6618,-70.8105,-176.0157
38.10,-7.6141,1.3859,1.3859,3.0693,9.0000,-0.0000,9.0000,3.0562,1.6703,1.6834,-7.6202,-70.6405,-175.8940
38.24,-7.5727,1.4273,1.4273,3.0666,9.0000,-0.0000,9.0000,3.0535,1.6262,1.6393,-7.5790,-70.4703,-175.7723
38.37,-7.5317,1.4683,1.4683,3.0638,9.0000,-0.0000,9.0000,3.0508,1.5825,1.5955,-7.5380,-70.2999,-175.6506
38.51,-7.4910,1.5090,1.5090,3.0611,9.0000,-0.0000,9.0000,3.0480,1.5390,1.5521,-7.4974,-70.1293,-175.5289
38.64,-7.4505,1.5495,1.5495,3.0584,9.0000,-0.0000,9.0000,3.0453,1.4958,1.5089,-7.4570,-69.9586,-175.4072
38.78,-7.4104,1.5896,1.5896,3.0556,9.0000,-0.0000,9.0000,3.0425,1.4529,1.4660,-7.4170,-69.7877,-175.2854
38.91,-7.3706,1.6294,1.6294,3.0528,9.0000,-0.0000,9.0000,3.0397,1.4103,1.4234,-7.3773,-69.6166,-175.1637
39.05,-7.3310,1.6690,1.6690,3.0500,9.0000,-0.0000,9.0000,3.0369,1.3679,1.3810,-7.3378,-69.4453,-175.0420
39.19,-7.2918,1.7082,1.7082,3.0472,9.0000,-0.0000,9.0000,3.0341,1.3259,1.3390,-7.2987,-69.2739,-174.9203
39.33,-7.2529,1.7471,1.7471,3.0444,9.0000,-0.0000,9.0000,3.0312,1.2841,1.2973,-7.2599,-69.1023,-174.7986
39.46,-7.2143,1.7857,1.7857,3.0415,9.0000,-0.0000,9.0000,3.0284,1.2427,1.2558,-7.2214,-68.9305,-174.6769
39.60,-7.1760,1.8240,1.8240,3.0387,9.0000,-0.0000,9.0000,3.0255,1.2015,1.2146,-7.1832,-68.7585,-174.5551
39.74,-7.1380,1.8620,1.8620,3.0358,9.0000,-0.0000,9.0000,3.0226,1.1606,1.1738,-7.1453,-68.5863,-174.4334
39.88,-7.1003,1.8997,1.8997,3.0329,9.0000,-0.0000,9.0000,3.0197,1.1200,1.1332,-7.1077,-68.4140,-174.3117
40.02,-7.0629,1.9371,1.9371,3.0300,9.0000,-0.0000,9.0000,3.0168,1.0797,1.0929,-7.0705,-68.2452,-174.1900
40.16,-7.0258,1.9742,1.9742,3.0270,9.0000,-0.0000,9.0000,3.0139,1.0397,1.0528,-7.0335,-68.0989,-174.0683
40.30,-6.9890,2.0110,2.0110,3.0241,9.0000,-0.0000,9.0000,3.0110,1.0000,1.0131,-6.9968,-67.9524,-173.9466
40.44,-6.9526,2.0474,2.0474,3.0211,9.0000,-0.0000,9.0000,3.0080,0.9606,0.9737,-6.9604,-67.8059,-173.8248
40.58,-6.9164,2.0836,2.0836,3.0181,9.0000,-0.0000,9.0000,3.0050,0.9214,0.9345,-6.9244,-67.6593,-173.7031
40.73,-6.8805,2.1195,2.1195,3.0151,9.0000,-0.0000,9.0000,3.0020,0.8826,0.8957,-6.8886,-67.5125,-173.5814
40.87,-6.8450,2.1550,2.1550,3.0121,9.0000,-0.0000,9.0000,2.9990,0.8440,0.8571,-6.8532,-67.3657,-173.4597
41.01,-6.8097,2.1903,2.1903,3.0091,9.0000,-0.0000,9.0000,2.9960,0.8058,0.8188,-6.8180,-67.2188,-173.3380
41.16,-6.7748,2.2252,2.2252,3.0060,9.0000,-0.0000,9.0000,2.9930,0.7678,0.7808,-6.7832,-67.0718,-173.2163
41.30,-6.7401,2.2599,2.2599,3.0030,9.0000,-0.0000,9.0000,2.9900,0.7301,0.7431,-6.7486,-66.9247,-173.0945
41.45,-6.7058,2.2942,2.2942,2.9999,9.0000,-0.0000,9.0000,2.9869,0.6927,0.7057,-6.7144,-66.7775,-172.9728
41.59,-6.6717,2.3283,2.3283,2.9968,9.0000,-0.0000,9.0000,2.9838,0.6555,0.6685,-6.6805,-66.6302,-172.8511
41.74,-6.6380,2.3620,2.3620,2.9937,9.0000,-0.0000,9.0000,2.9807,0.6187,0.6316,-6.6468,-66.4829,-172.7294
41.88,-6.6045,2.3955,2.3955,2.9905,9.0000,-0.0000,9.0000,2.9776,0.5822,0.5951,-6.6135,-66.3354,-172.6077
42.03,-6.5714,2.4286,2.4286,2.9874,9.0000,-0.0000,9.0000,2.9745,0.5459,0.5588,-6.5805,-66.1879,-172.4860
42.18,-6.5385,2.4615,2.4615,2.9843,9.0000,-0.0000,9.0000,2.9714,0.5099,0.5228,-6.5477,-66.0402,-172.3642
42.33,-6.5060,2.4940,2.4940,2.9811,9.0000,-0.0000,9.0000,2.9682,0.4742,0.4870,-6.5153,-65.8925,-172.2425
42.48,-6.4737,2.5263,2.5263,2.9779,9.0000,-0.0000,9.0000,2.9650,0.4388,0.4516,-6.4832,-65.7646,-172.1208
42.63,-6.4418,2.5582,2.5582,2.9746,9.0000,-0.0000,9.0000,2.9619,0.4037,0.4164,-6.4513,-65.6476,-171.9991
42.77,-6.4102,2.5898,2.5898,2.9714,9.0000,-0.0000,9.0000,2.9587,0.3688,0.3816,-6.4198,-65.5306,-171.8774
42.92,-6.3788,2.6212,2.6212,2.9681,9.0000,-0.0000,9.0000,2.9554,0.3343,0.3470,-6.3885,-65.4137,-171.7557
43.08,-6.3478,2.6522,2.6522,2.9649,9.0000,-0.0000,9.0000,2.9522,0.3000,0.3126,-6.3576,-65.2968,-171.6339
43.23,-6.3170,2.6830,2.6830,2.9616,9.0000,-0.0000,9.0000,2.9490,0.2660,0.2786,-6.3269,-65.1798,-171.5122
43.38,-6.2866,2.7134,2.7134,2.9583,9.0000,-0.0000,9.0000,2.9457,0.2323,0.2448,-6.2966,-65.0629,-171.3905
43.53,-6.2564,2.7436,2.7436,2.9550,9.0000,-0.0000,9.0000,2.9424,0.1988,0.2114,-6.2665,-64.9461,-171.2688
43.68,-6.2265,2.7735,2.7735,2.9516,9.0000,-0.0000,9.0000,2.9391,0.1657,0.1782,-6.2367,-64.8292,-171.1471
43.84,-6.1969,2.8031,2.8031,2.9483,9.0000,-0.0000,9.0000,2.9358,0.1328,0.1452,-6.2072,-64.7123,-171.0254
43.99,-6.1676,2.8324,2.8324,2.9449,9.0000,-0.0000,9.0000,2.9325,0.1001,0.1126,-6.1780,-64.5955,-170.9036
44.14,-6.1386,2.8614,2.8614,2.9416,9.0000,-0.0000,9.0000,2.9292,0.0678,0.0802,-6.1491,-64.4786,-170.7819
44.30,-6.1099,2.8901,2.8901,2.9382,9.0000,-0.0000,9.0000,2.9258,0.0357,0.0481,-6.1205,-64.3618,-170.6602
44.46,-6.0814,2.9186,2.9186,2.9348,9.0000,-0.0000,9.0000,2.9224,0.0039,0.0162,-6.0922,-64.2450,-170.5385
44.61,-6.0533,2.9467,2.9467,2.9314,9.0000,-0.0000,9.0000,2.9191,-0.0277,-0.0153,-6.0641,-64.1282,-170.4168
44.77,-6.0254,2.9746,2.9746,2.9280,9.0000,-0.0000,9.0000,2.9157,-0.0590,-0.0466,-6.0363,-64.0114,-170.2951
44.92,-5.9978,3.0022,3.0022,2.9245,9.0000,-0.0000,9.0000,2.9122,-0.0900,-0.0777,-6.0089,-63.9048,-170.1734
45.08,-5.9706,3.0294,3.0294,2.9210,9.0000,-0.0000,9.0000,2.9088,-0.1206,-0.1085,-5.9817,-63.8527,-170.0516
45.24,-5.9436,3.0564,3.0564,2.9174,9.0000,-0.0000,9.0000,2.9054,-0.1510,-0.1390,-5.9547,-63.8008,-169.9299
45.40,-5.9169,3.0831,3.0831,2.9139,9.0000,-0.0000,9.0000,2.9019,-0.1812,-0.1692,-5.9281,-63.7491,-169.8082
45.56,-5.8905,3.1095,3.1095,2.9103,9.0000,-0.0000,9.0000,2.8984,-0.2111,-0.1992,-5.9017,-63.6977,-169.6865
45.72,-5.8644,3.1356,3.1356,2.9066,9.0000,-0.0000,9.0000,2.8949,-0.2407,-0.2290,-5.8756,-63.6465,-169.5648
45.88,-5.8385,3.1615,3.1615,2.9030,9.0000,-0.0000,9.0000,2.8914,-0.2701,-0.2585,-5.8498,-63.5955,-169.4431
46.04,-5.8129,3.1871,3.1871,2.8993,9.0000,-0.0000,9.0000,2.8879,-0.2992,-0.2877,-5.8242,-63.5448,-169.3213
46.20,-5.7876,3.2124,3.2124,2.8957,9.0000,-0.0000,9.0000,2.8843,-0.3281,-0.3167,-5.7989,-63.4944,-169.1996
46.36,-5.7626,3.2374,3.2374,2.8920,9.0000,-0.0000,9.0000,2.8808,-0.3567,-0.3455,-5.7739,-63.4442,-169.0779
46.53,-5.7378,3.2622,3.2622,2.8882,9.0000,-0.0000,9.0000,2.8772,-0.3850,-0.3740,-5.7492,-63.3942,-168.9562
46.69,-5.7133,3.2867,3.2867,2.8845,9.0000,-0.0000,9.0000,2.8736,-0.4131,-0.4022,-5.7247,-63.3445,-168.8345
46.85,-5.6890,3.3110,3.3110,2.8807,9.0000,-0.0000,9.0000,2.8700,-0.4410,-0.4302,-5.7005,-63.2950,-168.7128
47.02,-5.6650,3.3350,3.3350,2.8769,9.0000,-0.0000,9.0000,2.8663,-0.4686,-0.4580,-5.6765,-63.2458,-168.5910
47.18,-5.6413,3.3587,3.3587,2.8731,9.0000,-0.0000,9.0000,2.8627,-0.4960,-0.4856,-5.6528,-63.1969,-168.4693
47.35,-5.6179,3.3821,3.3821,2.8693,9.0000,-0.0000,9.0000,2.8590,-0.5231,-0.5129,-5.6294,-63.1482,-168.3476
47.51,-5.5946,3.4054,3.4054,2.8654,9.0000,-0.0000,9.0000,2.8554,-0.5500,-0.5399,-5.6062,-63.0997,-168.2259
47.68,-5.5716,3.4284,3.4284,2.8617,9.0000,-0.0000,9.0000,2.8517,-0.5768,-0.5667,-5.5833,-62.9697,-168.1042
47.85,-5.5487,3.4513,3.4513,2.8579,9.0000,-0.0000,9.0000,2.8480,-0.6033,-0.5934,-5.5606,-62.7993,-167.9825
48.02,-5.5261,3.4739,3.4739,2.8542,9.0000,-0.0000,9.0000,2.8442,-0.6297,-0.6197,-5.5382,-62.6286,-167.8607
48.19,-5.5037,3.4963,3.4963,2.8504,9.0000,-0.0000,9.0000,2.8405,-0.6558,-0.6459,-5.5161,-62.4578,-167.7390
48.35,-5.4816,3.5184,3.5184,2.8466,9.0000,-0.0000,9.0000,2.8367,-0.6817,-0.6718,-5.4941,-62.2868,-167.6173
48.52,-5.4597,3.5403,3.5403,2.8427,9.0000,-0.0000,9.0000,2.8330,-0.7074,-0.6976,-5.4725,-62.1157,-167.4956
48.69,-5.4380,3.5620,3.5620,2.8389,9.0000,-0.0000,9.0000,2.8292,-0.7328,-0.7231,-5.4510,-61.9443,-167.3739
48.87,-5.4166,3.5834,3.5834,2.8350,9.0000,-0.0000,9.0000,2.8254,-0.7580,-0.7484,-5.4298,-61.7728,-167.2522
49.04,-5.3954,3.6046,3.6046,2.8311,9.0000,-0.0000,9.0000,2.8215,-0.7830,-0.7735,-5.4089,-61.6011,-167.1304
49.21,-5.3745,3.6255,3.6255,2.8272,9.0000,-0.0000,9.0000,2.8177,-0.8078,-0.7983,-5.3882,-61.4292,-167.0087
49.38,-5.3538,3.6462,3.6462,2.8232,9.0000,-0.0000,9.0000,2.8138,-0.8324,-0.8230,-5.3677,-61.2571,-166.8870
49.55,-5.3333,3.6667,3.6667,2.8192,9.0000,-0.0000,9.0000,2.8100,-0.8567,-0.8475,-5.3475,-61.0849,-166.7653
49.73,-5.3131,3.6869,3.6869,2.8152,9.0000,-0.0000,9.0000,2.8061,-0.8809,-0.8718,-5.3275,-60.9125,-166.6436
49.90,-5.2930,3.7070,3.7070,2.8112,9.0000,-0.0000,9.0000,2.8022,-0.9048,-0.8958,-5.3077,-60.7398,-166.5219
50.08,-5.2732,3.7268,3.7268,2.8071,9.0000,-0.0000,9.0000,2.7982,-0.9285,-0.9197,-5.2882,-60.5670,-166.4002
50.25,-5.2536,3.7464,3.7464,2.8030,9.0000,-0.0000,9.0000,2.7943,-0.9521,-0.9434,-5.2688,-60.3941,-166.2784
50.43,-5.2342,3.7658,3.7658,2.7989,9.0000,-0.0000,9.0000,2.7903,-0.9754,-0.9669,-5.2497,-60.2111,-166.1567
50.61,-5.2150,3.7850,3.7850,2.7948,9.0000,-0.0000,9.0000,2.7864,-0.9986,-0.9902,-5.2309,-59.9813,-166.0350
50.79,-5.1959,3.8041,3.8041,2.7908,9.0000,-0.0000,9.0000,2.7824,-1.0217,-1.0133,-5.2122,-59.7510,-165.9133
50.96,-5.1771,3.8229,3.8229,2.7867,9.0000,-0.0000,9.0000,2.7784,-1.0445,-1.0362,-5.1938,-59.5204,-165.7916
51.14,-5.1585,3.8415,3.8415,2.7826,9.0000,-0.0000,9.0000,2.7744,-1.0672,-1.0590,-5.1756,-59.2894,-165.6699
51.32,-5.1400,3.8600,3.8600,2.7784,9.0000,-0.0000,9.0000,2.7703,-1.0896,-1.0815,-5.1576,-59.0580,-165.5481
51.50,-5.1218,3.8782,3.8782,2.7743,9.0000,-0.0000,9.0000,2.7663,-1.1119,-1.1039,-5.1398,-58.8262,-165.4264
51.68,-5.1038,3.8962,3.8962,2.7701,9.0000,-0.0000,9.0000,2.7622,-1.1340,-1.1261,-5.1222,-58.5940,-165.3047
51.86,-5.0859,3.9141,3.9141,2.7660,9.0000,-0.0000,9.0000,2.7581,-1.1560,-1.1481,-5.1048,-58.3614,-165.1830
52.05,-5.0683,3.9317,3.9317,2.7618,9.0000,-0.0000,9.0000,2.7540,-1.1777,-1.1699,-5.0876,-58.1284,-165.0613
52.23,-5.0508,3.9492,3.9492,2.7575,9.0000,-0.0000,9.0000,2.7499,-1.1993,-1.1916,-5.0707,-57.8951,-164.9396
52.41,-5.0336,3.9664,3.9664,2.7533,9.0000,-0.0000,9.0000,2.7457,-1.2207,-1.2131,-5.0539,-57.6613,-164.8178
52.60,-5.0165,3.9835,3.9835,2.7490,9.0000,-0.0000,9.0000,2.7416,-1.2419,-1.2345,-5.0373,-57.4271,-164.6961
52.78,-4.9996,4.0004,4.0004,2.7447,9.0000,-0.0000,9.0000,2.7374,-1.2630,-1.2557,-5.0210,-57.1926,-164.5744
52.97,-4.9829,4.0171,4.0171,2.7404,9.0000,-0.0000,9.0000,2.7332,-1.2839,-1.2767,-5.0048,-56.9576,-164.4527
53.15,-4.9663,4.0337,4.0337,2.7361,9.0000,-0.0000,9.0000,2.7290,-1.3047,-1.2976,-4.9888,-56.7222,-164.3310
53.34,-4.9500,4.0500,4.0500,2.7318,9.0000,-0.0000,9.0000,2.7248,-1.3252,-1.3183,-4.9730,-56.4865,-164.2093
53.53,-4.9337,4.0663,4.0663,2.7274,9.0000,-0.0000,9.0000,2.7206,-1.3457,-1.3389,-4.9574,-56.2467,-164.0876
53.71,-4.9177,4.0823,4.0823,2.7230,9.0000,-0.0000,9.0000,2.7163,-1.3660,-1.3593,-4.9420,-56.0050,-163.9658
53.90,-4.9018,4.0982,4.0982,2.7187,9.0000,-0.0000,9.0000,2.7120,-1.3861,-1.3795,-4.9267,-55.7630,-163.8441
54.09,-4.8861,4.1139,4.1139,2.7143,9.0000,-0.0000,9.0000,2.7078,-1.4061,-1.3996,-4.9117,-55.5205,-163.7224
54.28,-4.8705,4.1295,4.1295,2.7099,9.0000,-0.0000,9.0000,2.7035,-1.4260,-1.4196,-4.8968,-55.2775,-163.6007
54.47,-4.8551,4.1449,4.1449,2.7055,9.0000,-0.0000,9.0000,2.6991,-1.4457,-1.4394,-4.8821,-55.0342,-163.4790
54.66,-4.8399,4.1601,4.1601,2.7011,9.0000,-0.0000,9.0000,2.6948,-1.4653,-1.4590,-4.8676,-54.7904,-163.3573
54.85,-4.8248,4.1752,4.1752,2.6967,9.0000,-0.0000,9.0000,2.6904,-1.4847,-1.4785,-4.8532,-54.5462,-163.2355
55.05,-4.8099,4.1901,4.1901,2.6923,9.0000,-0.0000,9.0000,2.6861,-1.5041,-1.4979,-4.8390,-54.3015,-163.1138
55.24,-4.7951,4.2049,4.2049,2.6878,9.0000,-0.0000,9.0000,2.6817,-1.5232,-1.5171,-4.8250,-54.0565,-162.9921
55.43,-4.7804,4.2196,4.2196,2.6834,9.0000,-0.0000,9.0000,2.6773,-1.5423,-1.5362,-4.8112,-53.8109,-162.8704
55.63,-4.7659,4.2341,4.2341,2.6790,9.0000,-0.0000,9.0000,2.6729,-1.5612,-1.5551,-4.7975,-53.5650,-162.7487
55.82,-4.7515,4.2485,4.2485,2.6745,9.0000,-0.0000,9.0000,2.6684,-1.5800,-1.5739,-4.7840,-53.3186,-162.6270
56.02,-4.7373,4.2627,4.2627,2.6701,9.0000,-0.0000,9.0000,2.6640,-1.5987,-1.5926,-4.7706,-53.0717,-162.5052
56.22,-4.7232,4.2768,4.2768,2.6656,9.0000,-0.0000,9.0000,2.6595,-1.6173,-1.6112,-4.7574,-52.8244,-162.3835
56.41,-4.7092,4.2908,4.2908,2.6612,9.0000,-0.0000,9.0000,2.6550,-1.6358,-1.6296,-4.7444,-52.5767,-162.2618
56.61,-4.6954,4.3046,4.3046,2.6567,9.0000,-0.0000,9.0000,2.6505,-1.6541,-1.6479,-4.7315,-52.3409,-162.1401
56.81,-4.6819,4.3181,4.3181,2.6520,9.0000,-0.0000,9.0000,2.6460,-1.6721,-1.6661,-4.7187,-52.1522,-162.0184
57.01,-4.6686,4.3314,4.3314,2.6473,9.0000,-0.0000,9.0000,2.6415,-1.6899,-1.6841,-4.7061,-51.9632,-161.8967
57.21,-4.6553,4.3447,4.3447,2.6426,9.0000,-0.0000,9.0000,2.6369,-1.7077,-1.7021,-4.6937,-51.7740,-161.7750
57.41,-4.6423,4.3577,4.3577,2.6379,9.0000,-0.0000,9.0000,2.6324,-1.7254,-1.7199,-4.6814,-51.5846,-161.6532
57.61,-4.6293,4.3707,4.3707,2.6332,9.0000,-0.0000,9.0000,2.6278,-1.7429,-1.7375,-4.6692,-51.3949,-161.5315
57.81,-4.6164,4.3836,4.3836,2.6285,9.0000,-0.0000,9.0000,2.6232,-1.7603,-1.7551,-4.6572,-51.2050,-161.4098
58.02,-4.6037,4.3963,4.3963,2.6238,9.0000,-0.0000,9.0000,2.6186,-1.7777,-1.7725,-4.6453,-51.0148,-161.2881
58.22,-4.5911,4.4089,4.4089,2.6191,9.0000,-0.0000,9.0000,2.6140,-1.7949,-1.7898,-4.6336,-50.8244,-161.1664
58.42,-4.5786,4.4214,4.4214,2.6144,9.0000,-0.0000,9.0000,2.6093,-1.8120,-1.8069,-4.6220,-50.6337,-161.0447
58.63,-4.5663,4.4337,4.4337,2.6097,9.0000,-0.0000,9.0000,2.6047,-1.8291,-1.8240,-4.6105,-50.4428,-160.9229
58.84,-4.5540,4.4460,4.4460,2.6050,9.0000,-0.0000,9.0000,2.6000,-1.8460,-1.8410,-4.5992,-50.2516,-160.8012
59.04,-4.5418,4.4582,4.4582,2.6004,9.0000,-0.0000,9.0000,2.5953,-1.8629,-1.8578,-4.5880,-50.0602,-160.6795
59.25,-4.5298,4.4702,4.4702,2.5957,9.0000,-0.0000,9.0000,2.5906,-1.8796,-1.8745,-4.5769,-49.8685,-160.5578
59.46,-4.5178,4.4822,4.4822,2.5911,9.0000,-0.0000,9.0000,2.5859,-1.8963,-1.8911,-4.5659,-49.6766,-160.4361
59.67,-4.5060,4.4940,4.4940,2.5864,9.0000,-0.0000,9.0000,2.5811,-1.9129,-1.9076,-4.5551,-49.4844,-160.3144
59.88,-4.4942,4.5058,4.5058,2.5818,9.0000,-0.0000,9.0000,2.5764,-1.9294,-1.9240,-4.5444,-49.2920,-160.1926
60.09,-4.4829,4.5171,4.5171,2.5769,9.0000,-0.0000,9.0000,2.5716,-1.9455,-1.9403,-4.5338,-49.1458,-160.0709
60.30,-4.4717,4.5283,4.5283,2.5719,9.0000,-0.0000,9.0000,2.5668,-1.9615,-1.9564,-4.5233,-49.0160,-159.9492
60.51,-4.4606,4.5394,4.5394,2.5669,9.0000,-0.0000,9.0000,2.5620,-1.9774,-1.9725,-4.5130,-48.8861,-159.8275
60.72,-4.4496,4.5504,4.5504,2.5619,9.0000,-0.0000,9.0000,2.5572,-1.9932,-1.9885,-4.5027,-48.7563,-159.7058
60.93,-4.4388,4.5612,4.5612,2.5569,9.0000,-0.0000,9.0000,2.5524,-2.0089,-2.0044,-4.4926,-48.6264,-159.5841
61.15,-4.4280,4.5720,4.5720,2.5519,9.0000,-0.0000,9.0000,2.5475,-2.0245,-2.0201,-4.4825,-48.4964,-159.4624
61.36,-4.4173,4.5827,4.5827,2.5469,9.0000,-0.0000,9.0000,2.5426,-2.0401,-2.0358,-4.4726,-48.3664,-159.3406
61.58,-4.4067,4.5933,4.5933,2.5419,9.0000,-0.0000,9.0000,2.5378,-2.0555,-2.0514,-4.4628,-48.2364,-159.2189
61.79,-4.3962,4.6038,4.6038,2.5369,9.0000,-0.0000,9.0000,2.5329,-2.0709,-2.0669,-4.4531,-48.1064,-159.0972
62.01,-4.3858,4.6142,4.6142,2.5319,9.0000,-0.0000,9.0000,2.5279,-2.0862,-2.0823,-4.4435,-47.9763,-158.9755
62.23,-4.3755,4.6245,4.6245,2.5269,9.0000,-0.0000,9.0000,2.5230,-2.1014,-2.0976,-4.4340,-47.8462,-158.8538
62.45,-4.3653,4.6347,4.6347,2.5219,9.0000,-0.0000,9.0000,2.5181,-2.1166,-2.1128,-4.4246,-47.7160,-158.7321
62.66,-4.3552,4.6448,4.6448,2.5169,9.0000,-0.0000,9.0000,2.5131,-2.1317,-2.1280,-4.4153,-47.5859,-158.6103
62.88,-4.3451,4.6549,4.6549,2.5119,9.0000,-0.0000,9.0000,2.5081,-2.1467,-2.1430,-4.4060,-47.4556,-158.4886
63.11,-4.3351,4.6649,4.6649,2.5069,9.0000,-0.0000,9.0000,2.5032,-2.1617,-2.1580,-4.3969,-47.3254,-158.3669
63.33,-4.3252,4.6748,4.6748,2.5019,9.0000,-0.0000,9.0000,2.4982,-2.1766,-2.1728,-4.3879,-47.1951,-158.2452
63.55,-4.3155,4.6845,4.6845,2.4969,9.0000,-0.0000,9.0000,2.4931,-2.1914,-2.1876,-4.3789,-47.0714,-158.1235
63.77,-4.3060,4.6940,4.6940,2.4917,9.0000,-0.0000,9.0000,2.4881,-2.2059,-2.2023,-4.3701,-46.9709,-158.0018
64.00,-4.2965,4.7035,4.7035,2.4865,9.0000,-0.0000,9.0000,2.4831,-2.2204,-2.2170,-4.3613,-46.8705,-157.8801
64.22,-4.2871,4.7129,4.7129,2.4813,9.0000,-0.0000,9.0000,2.4780,-2.2349,-2.2316,-4.3527,-46.7702,-157.7583
64.45,-4.2779,4.7221,4.7221,2.4765,9.0000,-0.0000,9.0000,2.4729,-2.2492,-2.2456,-4.3441,-46.6700,-157.6366
64.67,-4.2686,4.7314,4.7314,2.4726,9.0000,-0.0000,9.0000,2.4678,-2.2635,-2.2587,-4.3355,-46.5698,-157.5149
64.90,-4.2595,4.7405,4.7405,2.4697,9.0000,-0.0000,9.0000,2.4627,-2.2778,-2.2708,-4.3271,-46.4697,-157.3932
65.13,-4.2504,4.7496,4.7496,2.4676,9.0000,-0.0000,9.0000,2.4576,-2.2920,-2.2820,-4.3188,-46.3696,-157.2715
65.36,-4.2414,4.7586,4.7586,2.4664,9.0000,-0.0000,9.0000,2.4525,-2.3061,-2.2921,-4.3105,-46.2697,-157.1498
65.58,-4.2325,4.7675,4.7675,2.4662,9.0000,-0.0000,9.0000,2.4473,-2.3202,-2.3013,-4.3023,-46.1698,-157.0281
65.82,-4.2236,4.7764,4.7764,2.4668,9.0000,-0.0000,9.0000,2.4422,-2.3342,-2.3095,-4.2941,-46.0699,-156.9063
66.05,-4.2148,4.7852,4.7852,2.4684,9.0000,-0.0000,9.0000,2.4370,-2.3482,-2.3168,-4.2861,-45.9702,-156.7846
66.28,-4.2061,4.7939,4.7939,2.4708,9.0000,-0.0000,9.0000,2.4318,-2.3621,-2.3231,-4.2781,-45.8705,-156.6629
66.51,-4.1974,4.8026,4.8026,2.4742,9.0000,-0.0000,9.0000,2.4266,-2.3760,-2.3284,-4.2702,-45.7709,-156.5412
66.74,-4.1888,4.8112,4.8112,2.4785,9.0000,-0.0000,9.0000,2.4214,-2.3898,-2.3327,-4.2623,-45.6714,-156.4195
66.98,-4.1802,4.8198,4.8198,2.4836,9.0000,-0.0000,9.0000,2.4161,-2.4036,-2.3361,-4.2546,-45.5719,-156.2978
67.21,-4.1717,4.8283,4.8283,2.4897,9.0000,-0.0000,9.0000,2.4109,-2.4174,-2.3386,-4.2468,-45.4725,-156.1760
67.45,-4.1632,4.8368,4.8368,2.4968,9.0000,-0.0000,9.0000,2.4056,-2.4312,-2.3400,-4.2392,-45.3586,-156.0543
67.69,-4.1546,4.8454,4.8454,2.5048,9.0000,-0.0000,9.0000,2.4003,-2.4451,-2.3406,-4.2316,-45.2402,-155.9326
67.92,-4.1461,4.8539,4.8539,2.5137,9.0000,-0.0000,9.0000,2.3950,-2.4589,-2.3402,-4.2241,-45.1217,-155.8109
68.16,-4.1376,4.8471,4.8471,2.5082,8.9847,-0.0000,8.9847,2.3897,-2.4574,-2.3389,-4.2166,-45.0033,-155.6892
68.40,-4.1292,4.8252,4.8252,2.4886,8.9544,-0.0000,8.9544,2.3844,-2.4408,-2.3366,-4.2092,-44.8849,-155.5675
68.64,-4.1208,4.8032,4.8032,2.4698,8.9241,-0.0000,8.9241,2.3791,-2.4242,-2.3335,-4.2018,-44.7664,-155.4458
68.88,-4.1125,4.7813,4.7813,2.4519,8.8937,-0.0000,8.8937,2.3737,-2.4075,-2.3294,-4.1945,-44.6480,-155.3240
69.12,-4.1042,4.7592,4.7592,2.4349,8.8634,-0.0000,8.8634,2.3684,-2.3909,-2.3244,-4.1873,-44.5296,-155.2023
69.37,-4.0959,4.7372,4.7372,2.4187,8.8331,-0.0000,8.8331,2.3630,-2.3742,-2.3184,-4.1801,-44.4112,-155.0806
69.61,-4.0877,4.7151,4.7151,2.4034,8.8028,-0.0000,8.8028,2.3576,-2.3574,-2.3116,-4.1730,-44.2928,-154.9589
69.85,-4.0795,4.6929,4.6929,2.3891,8.7724,-0.0000,8.7724,2.3522,-2.3407,-2.3039,-4.1659,-44.1744,-154.8372
70.10,-4.0714,4.6707,4.6707,2.3755,8.7421,-0.0000,8.7421,2.3468,-2.3239,-2.2952,-4.1588,-44.0560,-154.7155
70.34,-4.0633,4.6485,4.6485,2.3629,8.7118,-0.0000,8.7118,2.3414,-2.3071,-2.2856,-4.1518,-43.9376,-154.5938
70.59,-4.0552,4.6263,4.6263,2.3511,8.6815,-0.0000,8.6815,2.3359,-2.2903,-2.2752,-4.1449,-43.8192,-154.4720
70.84,-4.0471,4.6040,4.6040,2.3402,8.6511,-0.0000,8.6511,2.3305,-2.2735,-2.2638,-4.1380,-43.7008,-154.3503
71.09,-4.0391,4.5817,4.5817,2.3302,8.6208,-0.0000,8.6208,2.3250,-2.2567,-2.2515,-4.1311,-43.5825,-154.2286
71.34,-4.0309,4.5596,4.5596,2.3212,8.5905,-0.0000,8.5905,2.3196,-2.2400,-2.2384,-4.1243,-43.4481,-154.1069
71.59,-4.0223,4.5379,4.5379,2.3136,8.5602,-0.0000,8.5602,2.3141,-2.2238,-2.2243,-4.1175,-43.2703,-153.9852
71.84,-4.0137,4.5162,4.5162,2.3068,8.5298,-0.0000,8.5298,2.3086,-2.2076,-2.2093,-4.1108,-43.0923,-153.8635
72.09,-4.0051,4.4945,4.4945,2.3010,8.4995,-0.0000,8.4995,2.3031,-2.1914,-2.1934,-4.1041,-42.9142,-153.7418
72.34,-3.9964,4.4727,4.4727,2.2956,8.4692,-0.0000,8.4692,2.2975,-2.1752,-2.1771,-4.0975,-42.7358,-153.6200
72.60,-3.9878,4.4510,4.4510,2.2902,8.4389,-0.0000,8.4389,2.2920,-2.1590,-2.1608,-4.0908,-42.5572,-153.4983
72.85,-3.9792,4.4294,4.4294,2.2848,8.4085,-0.0000,8.4085,2.2865,-2.1429,-2.1446,-4.0843,-42.3784,-153.3766
73.11,-3.9705,4.4077,4.4077,2.2793,8.3782,-0.0000,8.3782,2.2809,-2.1268,-2.1283,-4.0777,-42.1995,-153.2549
73.37,-3.9619,4.3860,4.3860,2.2739,8.3479,-0.0000,8.3479,2.2753,-2.1107,-2.1121,-4.0712,-42.0203,-153.1332
73.62,-3.9532,4.3643,4.3643,2.2684,8.3176,-0.0000,8.3176,2.2697,-2.0946,-2.0959,-4.0647,-41.8409,-153.0115
73.88,-3.9446,4.3427,4.3427,2.2629,8.2872,-0.0000,8.2872,2.2641,-2.0785,-2.0798,-4.0583,-41.6613,-152.8898
74.14,-3.9359,4.3211,4.3211,2.2574,8.2569,-0.0000,8.2569,2.2585,-2.0625,-2.0636,-4.0519,-41.4814,-152.7680
74.40,-3.9271,4.2994,4.2994,2.2519,8.2266,-0.0000,8.2266,2.2529,-2.0465,-2.0476,-4.0455,-41.3014,-152.6463
74.66,-3.9184,4.2779,4.2779,2.2463,8.1963,-0.0000,8.1963,2.2473,-2.0306,-2.0315,-4.0391,-41.1212,-152.5246
74.92,-3.9097,4.2563,4.2563,2.2408,8.1659,-0.0000,8.1659,2.2416,-2.0146,-2.0155,-4.0328,-40.9407,-152.4029
75.19,-3.9009,4.2347,4.2347,2.2352,8.1356,-0.0000,8.1356,2.2360,-1.9988,-1.9995,-4.0265,-40.7601,-152.2812
75.45,-3.8921,4.2132,4.2132,2.2296,8.1053,-0.0000,8.1053,2.2303,-1.9829,-1.9836,-4.0202,-40.5792,-152.1595
75.72,-3.8834,4.1916,4.1916,2.2238,8.0750,-0.0000,8.0750,2.2247,-1.9669,-1.9677,-4.0140,-40.4097,-152.0378
75.98,-3.8748,4.1699,4.1699,2.2180,8.0446,-0.0000,8.0446,2.2190,-1.9509,-1.9519,-4.0077,-40.2433,-151.9160
76.25,-3.8661,4.1482,4.1482,2.2122,8.0143,-0.0000,8.0143,2.2133,-1.9349,-1.9360,-4.0015,-40.0769,-151.7943
76.52,-3.8574,4.1266,4.1266,2.2064,7.9840,-0.0000,7.9840,2.2076,-1.9190,-1.9202,-3.9953,-39.9102,-151.6726
76.78,-3.8487,4.1050,4.1050,2.2006,7.9537,-0.0000,7.9537,2.2018,-1.9031,-1.9044,-3.9892,-39.7434,-151.5509
77.05,-3.8400,4.0834,4.0834,2.1948,7.9233,-0.0000,7.9233,2.1961,-1.8873,-1.8886,-3.9830,-39.5764,-151.4292
77.32,-3.8312,4.0618,4.0618,2.1890,7.8930,-0.0000,7.8930,2.1904,-1.8714,-1.8728,-3.9769,-39.4093,-151.3075
77.60,-3.8224,4.0403,4.0403,2.1832,7.8627,-0.0000,7.8627,2.1846,-1.8557,-1.8571,-3.9708,-39.2420,-151.1858
77.87,-3.8136,4.0188,4.0188,2.1775,7.8324,-0.0000,7.8324,2.1789,-1.8399,-1.8413,-3.9647,-39.0745,-151.0640
78.14,-3.8047,3.9974,3.9974,2.1717,7.8020,-0.0000,7.8020,2.1731,-1.8243,-1.8256,-3.9587,-38.9068,-150.9423
78.41,-3.7958,3.9760,3.9760,2.1660,7.7717,-0.0000,7.7717,2.1673,-1.8086,-1.8100,-3.9526,-38.7390,-150.8206
78.69,-3.7868,3.9546,3.9546,2.1602,7.7414,-0.0000,7.7414,2.1615,-1.7930,-1.7943,-3.9466,-38.5711,-150.6989
78.97,-3.7778,3.9333,3.9333,2.1545,7.7111,-0.0000,7.7111,2.1557,-1.7775,-1.7787,-3.9406,-38.4029,-150.5772
79.24,-3.7688,3.9120,3.9120,2.1488,7.6807,-0.0000,7.6807,2.1499,-1.7620,-1.7631,-3.9346,-38.2346,-150.4555
79.52,-3.7597,3.8907,3.8907,2.1431,7.6504,-0.0000,7.6504,2.1441,-1.7466,-1.7476,-3.9286,-38.0661,-150.3338
79.80,-3.7505,3.8695,3.8695,2.1375,7.6201,-0.0000,7.6201,2.1383,-1.7312,-1.7321,-3.9226,-37.8975,-150.2121
80.08,-3.7415,3.8483,3.8483,2.1317,7.5898,-0.0000,7.5898,2.1325,-1.7158,-1.7166,-3.9167,-37.7345,-150.0903
80.36,-3.7327,3.8268,3.8268,2.1257,7.5594,-0.0000,7.5594,2.1266,-1.7002,-1.7011,-3.9107,-37.5857,-149.9686
80.64,-3.7238,3.8053,3.8053,2.1197,7.5291,-0.0000,7.5291,2.1208,-1.6845,-1.6857,-3.9048,-37.4368,-149.8469
80.93,-3.7149,3.7839,3.7839,2.1137,7.4988,-0.0000,7.4988,2.1149,-1.6690,-1.6702,-3.8989,-37.2878,-149.7252
81.21,-3.7059,3.7625,3.7625,2.1077,7.4685,-0.0000,7.4685,2.1090,-1.6535,-1.6549,-3.8930,-37.1387,-149.6035
81.50,-3.6970,3.7412,3.7412,2.1017,7.4381,-0.0000,7.4381,2.1032,-1.6380,-1.6395,-3.8870,-36.9895,-149.4818
81.78,-3.6879,3.7199,3.7199,2.0957,7.4078,-0.0000,7.4078,2.0973,-1.6226,-1.6242,-3.8811,-36.8402,-149.3601
82.07,-3.6789,3.6986,3.6986,2.0898,7.3775,-0.0000,7.3775,2.0914,-1.6072,-1.6088,-3.8753,-36.6908,-149.2384
82.36,-3.6697,3.6774,3.6774,2.0839,7.3472,-0.0000,7.3472,2.0855,-1.5919,-1.5936,-3.8694,-36.5413,-149.1166
82.65,-3.6606,3.6563,3.6563,2.0780,7.3168,-0.0000,7.3168,2.0796,-1.5767,-1.5783,-3.8635,-36.3917,-148.9949
82.94,-3.6514,3.6352,3.6352,2.0721,7.2865,-0.0000,7.2865,2.0737,-1.5615,-1.5631,-3.8576,-36.2420,-148.8732
83.23,-3.6421,3.6141,3.6141,2.0662,7.2562,-0.0000,7.2562,2.0677,-1.5464,-1.5479,-3.8518,-36.0922,-148.7515
83.52,-3.6328,3.5931,3.5931,2.0604,7.2259,-0.0000,7.2259,2.0618,-1.5313,-1.5327,-3.8459,-35.9423,-148.6298
83.81,-3.6234,3.5722,3.5722,2.0546,7.1955,-0.0000,7.1955,2.0559,-1.5163,-1.5176,-3.8400,-35.7923,-148.5081
84.11,-3.6139,3.5513,3.5513,2.0488,7.1652,-0.0000,7.1652,2.0499,-1.5014,-1.5025,-3.8342,-35.6422,-148.3864
84.40,-3.6044,3.5304,3.5304,2.0431,7.1349,-0.0000,7.1349,2.0440,-1.4865,-1.4874,-3.8283,-35.4920,-148.2647
84.70,-3.5949,3.5097,3.5097,2.0373,7.1046,-0.0000,7.1046,2.0380,-1.4717,-1.4723,-3.8225,-35.3416,-148.1429
84.99,-3.5857,3.4886,3.4886,2.0312,7.0742,-0.0000,7.0742,2.0320,-1.4565,-1.4573,-3.8166,-35.2063,-148.0212
85.29,-3.5765,3.4674,3.4674,2.0250,7.0439,-0.0000,7.0439,2.0261,-1.4413,-1.4424,-3.8108,-35.0749,-147.8995
85.59,-3.5673,3.4463,3.4463,2.0188,7.0136,-0.0000,7.0136,2.0201,-1.4262,-1.4274,-3.8050,-34.9435,-147.7778
85.89,-3.5581,3.4252,3.4252,2.0127,6.9833,-0.0000,6.9833,2.0141,-1.4111,-1.4125,-3.7991,-34.8120,-147.6561
86.19,-3.5488,3.4042,3.4042,2.0065,6.9529,-0.0000,6.9529,2.0081,-1.3961,-1.3977,-3.7933,-34.6805,-147.5344
86.50,-3.5394,3.3832,3.3832,2.0003,6.9226,-0.0000,6.9226,2.0021,-1.3811,-1.3829,-3.7875,-34.5490,-147.4127
86.80,-3.5300,3.3623,3.3623,1.9941,6.8923,-0.0000,6.8923,1.9961,-1.3662,-1.3682,-3.7816,-34.4174,-147.2910
87.10,-3.5206,3.3414,3.3414,1.9879,6.8620,-0.0000,6.8620,1.9901,-1.3513,-1.3535,-3.7758,-34.2858,-147.1692
87.41,-3.5110,3.3206,3.3206,1.9818,6.8316,-0.0000,6.8316,1.9841,-1.3365,-1.3388,-3.7699,-34.1541,-147.0475
87.72,-3.5015,3.2998,3.2998,1.9756,6.8013,-0.0000,6.8013,1.9780,-1.3218,-1.3242,-3.7641,-34.0224,-146.9258
88.03,-3.4919,3.2791,3.2791,1.9695,6.7710,-0.0000,6.7710,1.9720,-1.3071,-1.3097,-3.7583,-33.8907,-146.8041
88.33,-3.4822,3.2585,3.2585,1.9633,6.7407,-0.0000,6.7407,1.9660,-1.2925,-1.2952,-3.7524,-33.7589,-146.6824
88.64,-3.4725,3.2379,3.2379,1.9572,6.7103,-0.0000,6.7103,1.9599,-1.2779,-1.2807,-3.7466,-33.6271,-146.5607
88.96,-3.4627,3.2173,3.2173,1.9510,6.6800,-0.0000,6.6800,1.9539,-1.2635,-1.2663,-3.7407,-33.4953,-146.4390
89.27,-3.4528,3.1969,3.1969,1.9449,6.6497,-0.0000,6.6497,1.9478,-1.2490,-1.2519,-3.7349,-33.3634,-146.3173
89.58,-3.4429,3.1764,3.1764,1.9388,6.6194,-0.0000,6.6194,1.9418,-1.2347,-1.2376,-3.7290,-33.2315,-146.1955
89.89,-3.4329,3.1561,3.1561,1.9327,6.5890,-0.0000,6.5890,1.9357,-1.2204,-1.2234,-3.7232,-33.0996,-146.0738
90.21,-3.4229,3.1358,3.1358,1.9267,6.5587,-0.0000,6.5587,1.9297,-1.2061,-1.2091,-3.7173,-32.9680,-145.9521
90.53,-3.4128,3.1156,3.1156,1.9207,6.5284,-0.0000,6.5284,1.9236,-1.1920,-1.1949,-3.7114,-32.8363,-145.8304
90.84,-3.4027,3.0954,3.0954,1.9147,6.4981,-0.0000,6.4981,1.9175,-1.1779,-1.1806,-3.7056,-32.7046,-145.7087
91.16,-3.3925,3.0753,3.0753,1.9089,6.4677,-0.0000,6.4677,1.9114,-1.1638,-1.1664,-3.6997,-32.5728,-145.5870
91.48,-3.3822,3.0552,3.0552,1.9031,6.4374,-0.0000,6.4374,1.9054,-1.1499,-1.1521,-3.6938,-32.4410,-145.4653
91.80,-3.3718,3.0353,3.0353,1.8974,6.4071,-0.0000,6.4071,1.8993,-1.1360,-1.1379,-3.6879,-32.3092,-145.3436
92.13,-3.3614,3.0154,3.0154,1.8918,6.3768,-0.0000,6.3768,1.8932,-1.1222,-1.1236,-3.6820,-32.1773,-145.2219
92.45,-3.3509,2.9955,2.9955,1.8862,6.3464,-0.0000,6.3464,1.8871,-1.1084,-1.1093,-3.6761,-32.0454,-145.1002
92.77,-3.3403,2.9758,2.9758,1.8807,6.3161,-0.0000,6.3161,1.8810,-1.0948,-1.0951,-3.6702,-31.9135,-144.9784
93.10,-3.3297,2.9561,2.9561,1.8753,6.2858,-0.0000,6.2858,1.8749,-1.0812,-1.0808,-3.6643,-31.7815,-144.8567
93.43,-3.3190,2.9365,2.9365,1.8700,6.2555,-0.0000,6.2555,1.8688,-1.0677,-1.0665,-3.6584,-31.6495,-144.7350
93.75,-3.3082,2.9169,2.9169,1.8648,6.2251,-0.0000,6.2251,1.8627,-1.0542,-1.0522,-3.6525,-31.5175,-144.6133
94.08,-3.2974,2.8975,2.8975,1.8596,6.1948,-0.0000,6.1948,1.8566,-1.0409,-1.0378,-3.6466,-31.3854,-144.4916
94.41,-3.2864,2.8781,2.8781,1.8546,6.1645,-0.0000,6.1645,1.8505,-1.0276,-1.0235,-3.6407,-31.2532,-144.3699
94.75,-3.2754,2.8588,2.8588,1.8496,6.1342,-0.0000,6.1342,1.8444,-1.0144,-1.0092,-3.6347,-31.1211,-144.2482
95.08,-3.2643,2.8395,2.8395,1.8447,6.1038,-0.0000,6.1038,1.8383,-1.0013,-0.9948,-3.6288,-30.9889,-144.1265
95.41,-3.2549,2.8186,2.8186,1.8381,6.0735,-0.0000,6.0735,1.8321,-0.9864,-0.9805,-3.6228,-30.9002,-144.0048
95.75,-3.2460,2.7972,2.7972,1.8309,6.0432,-0.0000,6.0432,1.8260,-0.9712,-0.9663,-3.6169,-30.8216,-143.8831
96.08,-3.2370,2.7759,2.7759,1.8235,6.0129,-0.0000,6.0129,1.8199,-0.9560,-0.9524,-3.6109,-30.7431,-143.7613
96.42,-3.2279,2.7546,2.7546,1.8160,5.9825,-0.0000,5.9825,1.8138,-0.9408,-0.9386,-3.6050,-30.6649,-143.6396
96.76,-3.2189,2.7333,2.7333,1.8083,5.9522,-0.0000,5.9522,1.8077,-0.9257,-0.9250,-3.5990,-30.5867,-143.5179
97.10,-3.2098,2.7121,2.7121,1.8004,5.9219,-0.0000,5.9219,1.8015,-0.9105,-0.9116,-3.5930,-30.5088,-143.3962
97.44,-3.2007,2.6908,2.6908,1.7924,5.8916,-0.0000,5.8916,1.7954,-0.8954,-0.8984,-3.5870,-30.4309,-143.2745
97.78,-3.1916,2.6696,2.6696,1.7842,5.8612,-0.0000,5.8612,1.7893,-0.8804,-0.8855,-3.5810,-30.3533,-143.1528
98.12,-3.1825,2.6485,2.6485,1.7758,5.8309,-0.0000,5.8309,1.7832,-0.8653,-0.8727,-3.5750,-30.2758,-143.0311
98.47,-3.1733,2.6273,2.6273,1.7672,5.8006,-0.0000,5.8006,1.7770,-0.8503,-0.8601,-3.5690,-30.1984,-142.9094
98.81,-3.1641,2.6062,2.6062,1.7583,5.7703,-0.0000,5.7703,1.7709,-0.8353,-0.8478,-3.5630,-30.1213,-142.7877
99.16,-3.1549,2.5851,2.5851,1.7493,5.7399,-0.0000,5.7399,1.7648,-0.8203,-0.8357,-3.5570,-30.0442,-142.6660
99.51,-3.1456,2.5640,2.5640,1.7401,5.7096,-0.0000,5.7096,1.7586,-0.8053,-0.8239,-3.5510,-29.9674,-142.5443
99.86,-3.1364,2.5429,2.5429,1.7306,5.6793,-0.0000,5.6793,1.7525,-0.7904,-0.8123,-3.5450,-29.8907,-142.4225
100.21,-3.1271,2.5219,2.5219,1.7209,5.6490,-0.0000,5.6490,1.7464,-0.7755,-0.8010,-3.5389,-29.8141,-142.3008
100.56,-3.1178,2.5009,2.5009,1.7110,5.6186,-0.0000,5.6186,1.7402,-0.7606,-0.7899,-3.5329,-29.7378,-142.1791
100.91,-3.1063,2.4820,2.4820,1.7030,5.5883,-0.0000,5.5883,1.7341,-0.7479,-0.7790,-3.5268,-29.6158,-142.0574
101.27,-3.0906,2.4674,2.4674,1.6990,5.5580,-0.0000,5.5580,1.7280,-0.7395,-0.7685,-3.5208,-29.4070,-141.9357
101.62,-3.0746,2.4531,2.4531,1.6950,5.5277,-0.0000,5.5277,1.7219,-0.7312,-0.7581,-3.5147,-29.1978,-121.8091
101.98,-3.0583,2.4390,2.4390,1.6910,5.4973,-0.0000,5.4973,1.7157,-0.7233,-0.7480,-3.5087,-28.9884,-121.6064
102.34,-3.0419,2.4251,2.4251,1.6870,5.4670,-0.0000,5.4670,1.7096,-0.7155,-0.7382,-3.5026,-28.7787,-121.4035
102.70,-3.0252,2.4115,2.4115,1.6830,5.4367,-0.0000,5.4367,1.7035,-0.7081,-0.7286,-3.4965,-28.5687,-121.2003
103.06,-3.0082,2.3982,2.3982,1.6790,5.4064,-0.0000,5.4064,1.6973,-0.7008,-0.7192,-3.4905,-28.3583,-120.9968
103.42,-2.9909,2.3851,2.3851,1.6749,5.3760,-0.0000,5.3760,1.6912,-0.6939,-0.7102,-3.4844,-28.1477,-120.7930
103.78,-2.9734,2.3723,2.3723,1.6709,5.3457,-0.0000,5.3457,1.6851,-0.6872,-0.7014,-3.4783,-27.9368,-120.5889
104.14,-2.9556,2.3598,2.3598,1.6669,5.3154,-0.0000,5.3154,1.6790,-0.6808,-0.6928,-3.4722,-27.7255,-120.3845
104.51,-2.9375,2.3475,2.3475,1.6630,5.2851,-0.0000,5.2851,1.6729,-0.6747,-0.6846,-3.4662,-27.5140,-120.1799
104.88,-2.9192,2.3356,2.3356,1.6590,5.2547,-0.0000,5.2547,1.6667,-0.6688,-0.6766,-3.4601,-27.3022,-119.9749
105.24,-2.9005,2.3239,2.3239,1.6550,5.2244,-0.0000,5.2244,1.6606,-0.6633,-0.6689,-3.4540,-27.0900,-119.7697
105.61,-2.8815,2.3126,2.3126,1.6510,5.1941,-0.0000,5.1941,1.6545,-0.6581,-0.6616,-3.4479,-26.8775,-119.5641
105.98,-2.8622,2.3015,2.3015,1.6470,5.1638,-0.0000,5.1638,1.6484,-0.6531,-0.6545,-3.4418,-26.6648,-119.3583
106.36,-2.8426,2.2908,2.2908,1.6431,5.1334,-0.0000,5.1334,1.6423,-0.6485,-0.6477,-3.4357,-26.4517,-119.1522
106.73,-2.8227,2.2804,2.2804,1.6391,5.1031,-0.0000,5.1031,1.6362,-0.6442,-0.6413,-3.4296,-26.2383,-118.9457
107.10,-2.8055,2.2673,2.2673,1.6323,5.0728,-0.0000,5.0728,1.6301,-0.6373,-0.6351,-3.4235,-26.0683,-118.7390
107.48,-2.7886,2.2539,2.2539,1.6250,5.0425,-0.0000,5.0425,1.6240,-0.6299,-0.6289,-3.4174,-25.9065,-118.5320
107.86,-2.7715,2.2406,2.2406,1.6178,5.0121,-0.0000,5.0121,1.6179,-0.6227,-0.6229,-3.4114,-25.7446,-118.3407
108.24,-2.7543,2.2276,2.2276,1.6107,4.9818,-0.0000,4.9818,1.6118,-0.6158,-0.6169,-3.4053,-25.5825,-118.1672
108.62,-2.7368,2.2147,2.2147,1.6037,4.9515,-0.0000,4.9515,1.6057,-0.6090,-0.6110,-3.3992,-25.4203,-117.9935
109.00,-2.7192,2.2020,2.2020,1.5969,4.9212,-0.0000,4.9212,1.5996,-0.6024,-0.6051,-3.3931,-25.2580,-117.8196
109.38,-2.7013,2.1895,2.1895,1.5902,4.8908,-0.0000,4.8908,1.5935,-0.5960,-0.5994,-3.3870,-25.0956,-117.6456
109.76,-2.6833,2.1773,2.1773,1.5836,4.8605,-0.0000,4.8605,1.5874,-0.5898,-0.5936,-3.3810,-24.9330,-117.4713
110.15,-2.6650,2.1652,2.1652,1.5772,4.8302,-0.0000,4.8302,1.5814,-0.5838,-0.5880,-3.3749,-24.7703,-117.2969
110.54,-2.6465,2.1533,2.1533,1.5709,4.7999,-0.0000,4.7999,1.5753,-0.5780,-0.5824,-3.3688,-24.6075,-117.1223
110.92,-2.6279,2.1417,2.1417,1.5648,4.7695,-0.0000,4.7695,1.5692,-0.5724,-0.5769,-3.3628,-24.4446,-116.9475
111.31,-2.6090,2.1302,2.1302,1.5589,4.7392,-0.0000,4.7392,1.5632,-0.5671,-0.5714,-3.3567,-24.2815,-116.7725
111.70,-2.5899,2.1190,2.1190,1.5531,4.7089,-0.0000,4.7089,1.5571,-0.5619,-0.5660,-3.3507,-24.1183,-116.5973
112.10,-2.5705,2.1080,2.1080,1.5475,4.6786,-0.0000,4.6786,1.5511,-0.5570,-0.5606,-3.3447,-23.9550,-116.4220
112.49,-2.5510,2.0973,2.0973,1.5420,4.6482,-0.0000,4.6482,1.5450,-0.5523,-0.5552,-3.3386,-23.7916,-116.2464
112.88,-2.5312,2.0867,2.0867,1.5368,4.6179,-0.0000,4.6179,1.5390,-0.5478,-0.5499,-3.3326,-23.6280,-116.0707
113.28,-2.5118,2.0758,2.0758,1.5311,4.5876,-0.0000,4.5876,1.5329,-0.5429,-0.5446,-3.3266,-23.4713,-115.8948
113.68,-2.4934,2.0639,2.0639,1.5244,4.5573,-0.0000,4.5573,1.5269,-0.5370,-0.5395,-3.3206,-23.3273,-115.7187
114.08,-2.4748,2.0522,2.0522,1.5177,4.5269,-0.0000,4.5269,1.5209,-0.5313,-0.5345,-3.3147,-23.1833,-115.5424
114.48,-2.4560,2.0406,2.0406,1.5111,4.4966,-0.0000,4.4966,1.5148,-0.5258,-0.5296,-3.3087,-23.0392,-115.3843
114.88,-2.4370,2.0293,2.0293,1.5044,4.4663,-0.0000,4.4663,1.5088,-0.5204,-0.5248,-3.3028,-22.8951,-115.2279
115.28,-2.4179,2.0181,2.0181,1.4979,4.4360,-0.0000,4.4360,1.5028,-0.5153,-0.5202,-3.2968,-22.7509,-115.0713
115.69,-2.3986,2.0071,2.0071,1.4914,4.4056,-0.0000,4.4056,1.4968,-0.5103,-0.5157,-3.2909,-22.6066,-114.9146
116.09,-2.3791,1.9962,1.9962,1.4849,4.3753,-0.0000,4.3753,1.4908,-0.5054,-0.5114,-3.2850,-22.4624,-114.7578
116.50,-2.3594,1.9856,1.9856,1.4785,4.3450,-0.0000,4.3450,1.4848,-0.5008,-0.5071,-3.2792,-22.3180,-114.6008
116.91,-2.3395,1.9751,1.9751,1.4721,4.3147,-0.0000,4.3147,1.4788,-0.4963,-0.5031,-3.2733,-22.1737,-114.4438
117.32,-2.3195,1.9649,1.9649,1.4658,4.2843,-0.0000,4.2843,1.4728,-0.4920,-0.4991,-3.2675,-22.0293,-114.2866
117.73,-2.2992,1.9548,1.9548,1.4595,4.2540,-0.0000,4.2540,1.4669,-0.4879,-0.4953,-3.2617,-21.8848,-114.1292
118.14,-2.2788,1.9449,1.9449,1.4533,4.2237,-0.0000,4.2237,1.4609,-0.4840,-0.4916,-3.2559,-21.7403,-113.9718
118.56,-2.2582,1.9352,1.9352,1.4471,4.1934,-0.0000,4.1934,1.4549,-0.4803,-0.4881,-3.2502,-21.5957,-113.8142
118.97,-2.2374,1.9257,1.9257,1.4410,4.1630,-0.0000,4.1630,1.4490,-0.4767,-0.4847,-3.2444,-21.4512,-113.6565
119.39,-2.2163,1.9164,1.9164,1.4350,4.1327,-0.0000,4.1327,1.4430,-0.4733,-0.4814,-3.2387,-21.3065,-113.4987
119.81,-2.1951,1.9073,1.9073,1.4290,4.1024,-0.0000,4.1024,1.4371,-0.4702,-0.4782,-3.2331,-21.1619,-113.3408
120.23,-2.1738,1.8982,1.8982,1.4230,4.0721,-0.0000,4.0721,1.4312,-0.4671,-0.4752,-3.2274,-21.0181,-113.1827
120.65,-2.1523,1.8894,1.8894,1.4170,4.0417,-0.0000,4.0417,1.4252,-0.4641,-0.4724,-3.2218,-20.8745,-113.0245
121.08,-2.1307,1.8808,1.8808,1.4111,4.0114,-0.0000,4.0114,1.4193,-0.4614,-0.4697,-3.2163,-20.7308,-112.8671
121.50,-2.1088,1.8723,1.8723,1.4052,3.9811,-0.0000,3.9811,1.4134,-0.4589,-0.4671,-3.2107,-20.5871,-112.7113
121.93,-2.0867,1.8641,1.8641,1.3993,3.9508,-0.0000,3.9508,1.4075,-0.4565,-0.4647,-3.2053,-20.4434,-112.5554
122.36,-2.0644,1.8560,1.8560,1.3935,3.9204,-0.0000,3.9204,1.4016,-0.4544,-0.4625,-3.1998,-20.2996,-112.3994
122.78,-2.0419,1.8482,1.8482,1.3878,3.8901,-0.0000,3.8901,1.3958,-0.4524,-0.4604,-3.1944,-20.1558,-112.2432
123.22,-2.0192,1.8405,1.8405,1.3820,3.8598,-0.0000,3.8598,1.3899,-0.4507,-0.4585,-3.1890,-20.0120,-112.0870
123.65,-1.9963,1.8331,1.8331,1.3764,3.8295,-0.0000,3.8295,1.3840,-0.4491,-0.4567,-3.1837,-19.8682,-111.9306
124.08,-1.9732,1.8259,1.8259,1.3708,3.7991,-0.0000,3.7991,1.3781,-0.4477,-0.4551,-3.1784,-19.7243,-111.7741
124.52,-1.9499,1.8189,1.8189,1.3652,3.7688,-0.0000,3.7688,1.3723,-0.4466,-0.4537,-3.1732,-19.5804,-111.6174
124.95,-1.9264,1.8121,1.8121,1.3597,3.7385,-0.0000,3.7385,1.3665,-0.4456,-0.4524,-3.1680,-19.4365,-111.4607
125.39,-1.9027,1.8055,1.8055,1.3542,3.7082,-0.0000,3.7082,1.3606,-0.4449,-0.4513,-3.1629,-19.2926,-111.3038
125.83,-1.8787,1.7991,1.7991,1.3488,3.6778,-0.0000,3.6778,1.3548,-0.4443,-0.4503,-3.1578,-19.1487,-111.1468
126.27,-1.8546,1.7930,1.7930,1.3435,3.6475,-0.0000,3.6475,1.3490,-0.4440,-0.4495,-3.1528,-19.0048,-110.9897
126.72,-1.8302,1.7870,1.7870,1.3382,3.6172,-0.0000,3.6172,1.3432,-0.4438,-0.4488,-3.1479,-18.8609,-110.8324
127.16,-1.8060,1.7809,1.7809,1.3326,3.5869,-0.0000,3.5869,1.3374,-0.4435,-0.4483,-3.1430,-18.7196,-110.6751
127.61,-1.7822,1.7744,1.7744,1.3265,3.5565,-0.0000,3.5565,1.3316,-0.4428,-0.4479,-3.1382,-18.5826,-110.5176
128.06,-1.7582,1.7680,1.7680,1.3205,3.5262,-0.0000,3.5262,1.3258,-0.4422,-0.4475,-3.1334,-18.4456,-110.3600
128.51,-1.7340,1.7619,1.7619,1.3146,3.4959,-0.0000,3.4959,1.3201,-0.4418,-0.4473,-3.1287,-18.3087,-110.1993
128.96,-1.7096,1.7559,1.7559,1.3088,3.4656,-0.0000,3.4656,1.3143,-0.4416,-0.4472,-3.1241,-18.1718,-110.0375
129.41,-1.6851,1.7502,1.7502,1.3031,3.4352,-0.0000,3.4352,1.3086,-0.4416,-0.4471,-3.1196,-18.0349,-109.8757
129.86,-1.6603,1.7446,1.7446,1.2975,3.4049,-0.0000,3.4049,1.3028,-0.4418,-0.4471,-3.1151,-17.8980,-109.7136
130.32,-1.6354,1.7392,1.7392,1.2920,3.3746,-0.0000,3.3746,1.2971,-0.4421,-0.4472,-3.1107,-17.7612,-109.5515
130.78,-1.6102,1.7340,1.7340,1.2866,3.3443,-0.0000,3.3443,1.2914,-0.4426,-0.4474,-3.1064,-17.6244,-109.3892
131.24,-1.5849,1.7290,1.7290,1.2814,3.3139,-0.0000,3.3139,1.2857,-0.4433,-0.4476,-3.1022,-17.4876,-109.2268
131.70,-1.5594,1.7242,1.7242,1.2763,3.2836,-0.0000,3.2836,1.2800,-0.4442,-0.4479,-3.0981,-17.3509,-109.0642
132.16,-1.5337,1.7196,1.7196,1.2713,3.2533,-0.0000,3.2533,1.2743,-0.4453,-0.4483,-3.0940,-17.2142,-108.9015
132.62,-1.5078,1.7152,1.7152,1.2664,3.2230,-0.0000,3.2230,1.2686,-0.4465,-0.4488,-3.0901,-17.0776,-108.7386
133.09,-1.4817,1.7109,1.7109,1.2617,3.1926,-0.0000,3.1926,1.2630,-0.4480,-0.4493,-3.0863,-16.9410,-108.5756
133.55,-1.4554,1.7069,1.7069,1.2571,3.1623,-0.0000,3.1623,1.2573,-0.4496,-0.4498,-3.0825,-16.8045,-108.4124
134.02,-1.4289,1.7030,1.7030,1.2526,3.1320,-0.0000,3.1320,1.2517,-0.4514,-0.4504,-3.0789,-16.6680,-108.2492
134.49,-1.4023,1.6994,1.6994,1.2483,3.1017,-0.0000,3.1017,1.2461,-0.4533,-0.4511,-3.0753,-16.5316,-108.0857
134.97,-1.3774,1.6939,1.6939,1.2421,3.0713,-0.0000,3.0713,1.2404,-0.4535,-0.4518,-3.0719,-16.4066,-107.9221
135.44,-1.3526,1.6884,1.6884,1.2358,3.0410,-0.0000,3.0410,1.2348,-0.4535,-0.4526,-3.0686,-16.2828,-107.7584
135.91,-1.3277,1.6830,1.6830,1.2295,3.0107,-0.0000,3.0107,1.2292,-0.4537,-0.4535,-3.0654,-16.1592,-107.5914
136.39,-1.3027,1.6777,1.6777,1.2232,2.9804,-0.0000,2.9804,1.2237,-0.4540,-0.4544,-3.0624,-16.0357,-107.4115
136.87,-1.2775,1.6725,1.6725,1.2171,2.9500,-0.0000,2.9500,1.2181,-0.4544,-0.4554,-3.0594,-15.9123,-107.2315
137.35,-1.2523,1.6674,1.6674,1.2110,2.9197,-0.0000,2.9197,1.2125,-0.4549,-0.4565,-3.0566,-15.7890,-107.0512
137.83,-1.2269,1.6625,1.6625,1.2049,2.8894,-0.0000,2.8894,1.2070,-0.4555,-0.4576,-3.0539,-15.6659,-106.8708
138.32,-1.2013,1.6577,1.6577,1.1989,2.8591,-0.0000,2.8591,1.2014,-0.4563,-0.4588,-3.0514,-15.5429,-106.6901
138.80,-1.1757,1.6530,1.6530,1.1930,2.8287,-0.0000,2.8287,1.1959,-0.4571,-0.4600,-3.0490,-15.4200,-106.5092
139.29,-1.1499,1.6485,1.6485,1.1872,2.7984,-0.0000,2.7984,1.1904,-0.4580,-0.4613,-3.0467,-15.2973,-106.3282
139.78,-1.1241,1.6440,1.6440,1.1814,2.7681,-0.0000,2.7681,1.1849,-0.4591,-0.4626,-3.0446,-15.1747,-106.1469
140.27,-1.0981,1.6397,1.6397,1.1757,2.7378,-0.0000,2.7378,1.1794,-0.4602,-0.4639,-3.0427,-15.0523,-105.9654
140.76,-1.0720,1.6354,1.6354,1.1701,2.7074,-0.0000,2.7074,1.1740,-0.4615,-0.4653,-3.0409,-14.9300,-105.7837
141.25,-1.0458,1.6313,1.6313,1.1646,2.6771,-0.0000,2.6771,1.1685,-0.4628,-0.4667,-3.0393,-14.8079,-105.6018
141.75,-1.0195,1.6273,1.6273,1.1591,2.6468,-0.0000,2.6468,1.1631,-0.4642,-0.4682,-3.0378,-14.6859,-105.4196
142.25,-0.9931,1.6234,1.6234,1.1537,2.6165,-0.0000,2.6165,1.1576,-0.4658,-0.4696,-3.0365,-14.5641,-105.2373
142.75,-0.9666,1.6196,1.6196,1.1484,2.5861,-0.0000,2.5861,1.1522,-0.4674,-0.4711,-3.0354,-14.4425,-105.0548
143.25,-0.9400,1.6158,1.6158,1.1432,2.5558,-0.0000,2.5558,1.1468,-0.4691,-0.4726,-3.0345,-14.3210,-104.8720
143.75,-0.9133,1.6122,1.6122,1.1380,2.5255,-0.0000,2.5255,1.1414,-0.4708,-0.4742,-3.0338,-14.1998,-104.6890
144.26,-0.8865,1.6087,1.6087,1.1329,2.4952,-0.0000,2.4952,1.1360,-0.4727,-0.4758,-3.0332,-14.0787,-104.5043
144.76,-0.8596,1.6052,1.6052,1.1279,2.4648,-0.0000,2.4648,1.1306,-0.4746,-0.4774,-3.0329,-13.9578,-104.3185
145.27,-0.8326,1.6019,1.6019,1.1229,2.4345,-0.0000,2.4345,1.1253,-0.4766,-0.4790,-3.0327,-13.8371,-104.1324
145.78,-0.8056,1.5986,1.5986,1.1180,2.4042,-0.0000,2.4042,1.1199,-0.4787,-0.4806,-3.0328,-13.7166,-103.9461
146.29,-0.7784,1.5954,1.5954,1.1132,2.3739,-0.0000,2.3739,1.1146,-0.4808,-0.4822,-3.0331,-13.5963,-103.7596
146.80,-0.7512,1.5923,1.5923,1.1084,2.3435,-0.0000,2.3435,1.1093,-0.4830,-0.4839,-3.0336,-13.4763,-103.5728
147.32,-0.7240,1.5892,1.5892,1.1037,2.3132,-0.0000,2.3132,1.1040,-0.4852,-0.4855,-3.0344,-13.3564,-103.3859
147.84,-0.6966,1.5863,1.5863,1.0991,2.2829,-0.0000,2.2829,1.0987,-0.4875,-0.4871,-3.0353,-13.2368,-103.1987
148.36,-0.6692,1.5833,1.5833,1.0946,2.2526,-0.0000,2.2526,1.0934,-0.4899,-0.4887,-3.0366,-13.1174,-103.0112
148.88,-0.6418,1.5805,1.5805,1.0901,2.2222,-0.0000,2.2222,1.0882,-0.4923,-0.4903,-3.0380,-12.9983,-102.8236
149.40,-0.6142,1.5777,1.5777,1.0858,2.1919,-0.0000,2.1919,1.0829,-0.4948,-0.4919,-3.0397,-12.8793,-102.6357
149.92,-0.5867,1.5749,1.5749,1.0815,2.1616,-0.0000,2.1616,1.0777,-0.4972,-0.4935,-3.0417,-12.7607,-102.4475
150.45,-0.5590,1.5722,1.5722,1.0772,2.1313,-0.0000,2.1313,1.0725,-0.4997,-0.4950,-3.0439,-12.6423,-102.2592
150.98,-0.5314,1.5696,1.5696,1.0731,2.1009,-0.0000,2.1009,1.0673,-0.5023,-0.4965,-3.0464,-12.5241,-102.0706
151.51,-0.5050,1.5656,1.5656,1.0677,2.0706,-0.0000,2.0706,1.0621,-0.5035,-0.4979,-3.0492,-12.4117,-101.8818
152.04,-0.4788,1.5614,1.5614,1.0622,2.0403,-0.0000,2.0403,1.0569,-0.5045,-0.4993,-3.0523,-12.3000,-101.6927
152.57,-0.4526,1.5573,1.5573,1.0567,2.0100,-0.0000,2.0100,1.0517,-0.5056,-0.5006,-3.0557,-12.1887,-101.5026
153.11,-0.4265,1.5532,1.5532,1.0513,1.9796,-0.0000,1.9796,1.0466,-0.5066,-0.5019,-3.0593,-12.0776,-101.3005
153.64,-0.4003,1.5490,1.5490,1.0460,1.9493,-0.0000,1.9493,1.0415,-0.5076,-0.5031,-3.0633,-11.9669,-101.0982
154.18,-0.3741,1.5448,1.5448,1.0406,1.9190,-0.0000,1.9190,1.0363,-0.5085,-0.5042,-3.0676,-11.8565,-100.8955
154.73,-0.3480,1.5406,1.5406,1.0354,1.8887,-0.0000,1.8887,1.0312,-0.5094,-0.5052,-3.0722,-11.7464,-100.6925
155.27,-0.3219,1.5364,1.5364,1.0302,1.8583,-0.0000,1.8583,1.0261,-0.5102,-0.5062,-3.0772,-11.6367,-100.4893
155.81,-0.2959,1.5321,1.5321,1.0250,1.8280,-0.0000,1.8280,1.0211,-0.5110,-0.5071,-3.0824,-11.5273,-100.2858
156.36,-0.2699,1.5278,1.5278,1.0199,1.7977,-0.0000,1.7977,1.0160,-0.5118,-0.5079,-3.0881,-11.4183,-100.0820
156.91,-0.2440,1.5234,1.5234,1.0149,1.7674,-0.0000,1.7674,1.0110,-0.5124,-0.5085,-3.0940,-11.3096,-99.8779
157.46,-0.2181,1.5189,1.5189,1.0099,1.7370,-0.0000,1.7370,1.0059,-0.5130,-0.5091,-3.1004,-11.2013,-99.6735
158.01,-0.1923,1.5144,1.5144,1.0049,1.7067,-0.0000,1.7067,1.0009,-0.5135,-0.5095,-3.1071,-11.0934,-99.4688
158.57,-0.1665,1.5098,1.5098,1.0001,1.6764,-0.0000,1.6764,0.9959,-0.5139,-0.5098,-3.1142,-10.9859,-99.2638
159.12,-0.1409,1.5052,1.5052,0.9952,1.6461,-0.0000,1.6461,0.9909,-0.5142,-0.5099,-3.1216,-10.8788,-99.0586
159.68,-0.1153,1.5004,1.5004,0.9905,1.6157,-0.0000,1.6157,0.9860,-0.5145,-0.5100,-3.1295,-10.7720,-98.8530
160.24,-0.0898,1.4956,1.4956,0.9858,1.5854,-0.0000,1.5854,0.9810,-0.5146,-0.5098,-3.1378,-10.6656,-98.6472
160.80,-0.0643,1.4908,1.4908,0.9812,1.5551,-0.0000,1.5551,0.9761,-0.5147,-0.5096,-3.1464,-10.5594,-98.4410
161.37,-0.0389,1.4859,1.4859,0.9765,1.5248,-0.0000,1.5248,0.9711,-0.5147,-0.5094,-3.1555,-10.4536,-98.2346
161.93,-0.0136,1.4808,1.4808,0.9717,1.4944,-0.0000,1.4944,0.9662,-0.5146,-0.5091,-3.1651,-10.3482,-98.0271
162.50,0.0115,1.4756,1.4756,0.9670,1.4641,-0.0000,1.4641,0.9613,-0.5143,-0.5087,-3.1750,-10.2433,-97.8183
163.07,0.0366,1.4703,1.4703,0.9621,1.4338,-0.0000,1.4338,0.9565,-0.5139,-0.5082,-3.1854,-10.1388,-97.6093
163.65,0.0615,1.4649,1.4649,0.9572,1.4035,-0.0000,1.4035,0.9516,-0.5133,-0.5077,-3.1963,-10.0348,-97.4000
164.22,0.0862,1.4593,1.4593,0.9522,1.3731,-0.0000,1.3731,0.9468,-0.5126,-0.5071,-3.2076,-9.9313,-97.1903
164.80,0.1108,1.4536,1.4536,0.9472,1.3428,-0.0000,1.3428,0.9419,-0.5117,-0.5064,-3.2194,-9.8283,-96.9804
165.37,0.1353,1.4477,1.4477,0.9421,1.3125,-0.0000,1.3125,0.9371,-0.5106,-0.5056,-3.2317,-9.7258,-96.7701
165.95,0.1595,1.4417,1.4417,0.9370,1.2822,-0.0000,1.2822,0.9323,-0.5094,-0.5047,-3.2445,-9.6237,-96.5595
166.54,0.1837,1.4355,1.4355,0.9318,1.2518,-0.0000,1.2518,0.9275,-0.5080,-0.5037,-3.2578,-9.5222,-96.3487
167.12,0.2076,1.4291,1.4291,0.9265,1.2215,-0.0000,1.2215,0.9228,-0.5063,-0.5026,-3.2716,-9.4212,-96.1375
167.71,0.2313,1.4225,1.4225,0.9212,1.1912,-0.0000,1.1912,0.9180,-0.5045,-0.5014,-3.2859,-9.3207,-95.9259
168.30,0.2549,1.4158,1.4158,0.9158,1.1609,-0.0000,1.1609,0.9133,-0.5025,-0.5000,-3.3007,-9.2208,-95.7141
168.89,0.2782,1.4088,1.4088,0.9103,1.1305,-0.0000,1.1305,0.9085,-0.5002,-0.4985,-3.3161,-9.1214,-95.5020
169.48,0.3014,1.4016,1.4016,0.9047,1.1002,-0.0000,1.1002,0.9038,-0.4977,-0.4969,-3.3320,-9.0225,-95.2895
170.07,0.3263,1.3962,1.3962,0.9011,1.0699,-0.0000,1.0699,0.8992,-0.4971,-0.4952,-3.3485,-8.9183,-95.0768
170.67,0.3512,1.3908,1.3908,0.8974,1.0396,-0.0000,1.0396,0.8945,-0.4963,-0.4934,-3.3656,-8.8144,-94.8637
171.27,0.3759,1.3852,1.3852,0.8935,1.0092,-0.0000,1.0092,0.8898,-0.4953,-0.4917,-3.3832,-8.7110,-94.6503
171.87,0.4004,1.3794,1.3794,0.8894,0.9789,-0.0000,0.9789,0.8852,-0.4942,-0.4900,-3.4014,-8.6081,-94.4521
172.47,0.4247,1.3733,1.3733,0.8851,0.9486,-0.0000,0.9486,0.8806,-0.4928,-0.4882,-3.4202,-8.5059,-94.2550
173.08,0.4488,1.3671,1.3671,0.8807,0.9183,-0.0000,0.9183,0.8759,-0.4911,-0.4864,-3.4396,-8.4042,-94.0577
173.69,0.4727,1.3606,1.3606,0.8760,0.8879,-0.0000,0.8879,0.8714,-0.4893,-0.4846,-3.4596,-8.3032,-93.8602
174.30,0.4963,1.3539,1.3539,0.8712,0.8576,-0.0000,0.8576,0.8668,-0.4872,-0.4828,-3.4803,-8.2027,-93.6623
174.91,0.5197,1.3470,1.3470,0.8661,0.8273,-0.0000,0.8273,0.8622,-0.4848,-0.4809,-3.5016,-8.1029,-93.4642
175.52,0.5429,1.3399,1.3399,0.8609,0.7970,-0.0000,0.7970,0.8577,-0.4822,-0.4790,-3.5235,-8.0037,-93.2659
176.14,0.5658,1.3325,1.3325,0.8554,0.7666,-0.0000,0.7666,0.8531,-0.4793,-0.4770,-3.5460,-7.9051,-93.0672
176.76,0.5885,1.3248,1.3248,0.8497,0.7363,-0.0000,0.7363,0.8486,-0.4762,-0.4751,-3.5693,-7.8072,-92.8683
177.38,0.6109,1.3169,1.3169,0.8438,0.7060,-0.0000,0.7060,0.8441,-0.4727,-0.4730,-3.5932,-7.7100,-92.6692
178.00,0.6330,1.3086,1.3086,0.8377,0.6757,-0.0000,0.6757,0.8397,-0.4690,-0.4710,-3.6177,-7.6134,-92.4697
178.62,0.6548,1.3002,1.3002,0.8313,0.6453,-0.0000,0.6453,0.8352,-0.4650,-0.4689,-3.6430,-7.5175,-92.2700
179.25,0.6764,1.2914,1.2914,0.8247,0.6150,-0.0000,0.6150,0.8307,-0.4606,-0.4667,-3.6690,-7.4222,-92.0700
179.88,0.6998,1.2845,1.2845,0.8200,0.5847,-0.0000,0.5847,0.8263,-0.4582,-0.4645,-3.6956,-7.3222,-91.8697
180.51,0.7255,1.2799,1.2799,0.8178,0.5544,-0.0000,0.5544,0.8219,-0.4580,-0.4620,-3.7230,-7.2166,-91.6692
181.15,0.7510,1.2750,1.2750,0.8158,0.5240,-0.0000,0.5240,0.8175,-0.4575,-0.4593,-3.7511,-7.1115,-91.4684
181.78,0.7763,1.2700,1.2700,0.8138,0.4937,-0.0000,0.4937,0.8131,-0.4569,-0.4562,-3.7799,-7.0072,-91.2788
182.42,0.8014,1.2648,1.2648,0.8113,0.4634,-0.0000,0.4634,0.8088,-0.4560,-0.4534,-3.8094,-6.9035,-91.1107
183.06,0.8262,1.2593,1.2593,0.8080,0.4331,-0.0000,0.4331,0.8044,-0.4549,-0.4513,-3.8397,-6.8006,-90.9425
183.70,0.8508,1.2536,1.2536,0.8038,0.4027,-0.0000,0.4027,0.8001,-0.4535,-0.4498,-3.8708,-6.6983,-90.7741
184.35,0.8752,1.2476,1.2476,0.7988,0.3724,-0.0000,0.3724,0.7958,-0.4519,-0.4488,-3.9026,-6.5967,-90.6056
184.99,0.8994,1.2414,1.2414,0.7930,0.3421,-0.0000,0.3421,0.7915,-0.4500,-0.4485,-3.9352,-6.4959,-90.4368
185.64,0.9232,1.2350,1.2350,0.7863,0.3118,-0.0000,0.3118,0.7872,-0.4478,-0.4487,-3.9685,-6.3957,-90.2679
186.29,0.9469,1.2283,1.2283,0.7788,0.2814,-0.0000,0.2814,0.7829,-0.4454,-0.4495,-4.0026,-6.2963,-90.0989
186.95,0.9703,1.2214,1.2214,0.7705,0.2511,-0.0000,0.2511,0.7787,-0.4427,-0.4508,-4.0375,-6.1976,-89.9297
187.60,0.9934,1.2142,1.2142,0.7614,0.2208,-0.0000,0.2208,0.7744,-0.4398,-0.4528,-4.0732,-6.0996,-89.7603
188.26,1.0163,1.2067,1.2067,0.7515,0.1905,-0.0000,0.1905,0.7702,-0.4365,-0.4553,-4.1097,-6.0024,-89.5907
188.92,1.0389,1.1990,1.1990,0.7407,0.1601,-0.0000,0.1601,0.7660,-0.4330,-0.4583,-4.1470,-5.9059,-89.4210
189.59,1.0612,1.1910,1.1910,0.7291,0.1298,-0.0000,0.1298,0.7618,-0.4292,-0.4619,-4.1851,-5.8102,-89.2511
190.25,1.0832,1.1827,1.1827,0.7167,0.0995,-0.0000,0.0995,0.7577,-0.4251,-0.4660,-4.2240,-5.7152,-89.0811
190.92,1.0994,1.1686,1.1686,0.6980,0.0692,-0.0000,0.0692,0.7535,-0.4151,-0.4705,-4.2638,-5.6331,-88.9109
191.59,1.1150,1.1538,1.1538,0.6787,0.0388,-0.0000,0.0388,0.7494,-0.4045,-0.4751,-4.3043,-5.5522,-88.7405
192.26,1.1302,1.1387,1.1387,0.6589,0.0085,-0.0000,0.0085,0.7452,-0.3935,-0.4798,-4.3457,-5.4721,-88.5699
192.94,1.1450,1.1450,1.1450,0.6604,0.0000,-0.0000,0.0000,0.7411,-0.4039,-0.4846,-4.3879,-5.3928,-88.3927
193.61,1.1594,1.1594,1.1594,0.6699,0.0000,-0.0000,0.0000,0.7371,-0.4224,-0.4895,-4.4310,-5.3144,-88.2134
194.29,1.1734,1.1734,1.1734,0.6789,0.0000,-0.0000,0.0000,0.7330,-0.4404,-0.4945,-4.4749,-5.2368,-88.0339
194.97,1.1870,1.1870,1.1870,0.6875,0.0000,-0.0000,0.0000,0.7289,-0.4581,-0.4995,-4.5196,-5.1599,-87.8541
195.66,1.2002,1.2002,1.2002,0.6956,0.0000,-0.0000,0.0000,0.7249,-0.4753,-0.5046,-4.5652,-5.0840,-87.6742
196.35,1.2130,1.2130,1.2130,0.7033,0.0000,-0.0000,0.0000,0.7209,-0.4921,-0.5097,-4.6116,-5.0088,-87.4941
197.03,1.2253,1.2253,1.2253,0.7105,0.0000,-0.0000,0.0000,0.7169,-0.5084,-0.5149,-4.6589,-4.9345,-87.3138
197.73,1.2372,1.2372,1.2372,0.7172,0.0000,-0.0000,0.0000,0.7129,-0.5243,-0.5200,-4.7070,-4.8610,-87.1333
198.42,1.2488,1.2488,1.2488,0.7235,0.0000,-0.0000,0.0000,0.7089,-0.5398,-0.5252,-4.7560,-4.7884,-86.9526
199.12,1.2598,1.2598,1.2598,0.7294,0.0000,-0.0000,0.0000,0.7050,-0.5549,-0.5304,-4.8058,-4.7166,-86.7717
199.81,1.2705,1.2705,1.2705,0.7349,0.0000,-0.0000,0.0000,0.7010,-0.5695,-0.5356,-4.8565,-4.6457,-86.5905
200.52,1.2808,1.2808,1.2808,0.7399,0.0000,-0.0000,0.0000,0.6971,-0.5836,-0.5408,-4.9080,-4.5755,-86.4092
201.22,1.2906,1.2906,1.2906,0.7446,0.0000,-0.0000,0.0000,0.6932,-0.5974,-0.5460,-4.9604,-4.5063,-86.2276
201.93,1.2956,1.2956,1.2956,0.7445,0.0000,-0.0000,0.0000,0.6893,-0.6063,-0.5511,-5.0137,-4.4462,-86.0459
202.63,1.2954,1.2954,1.2954,0.7389,0.0000,-0.0000,0.0000,0.6855,-0.6099,-0.5565,-5.0678,-4.3964,-85.8639
203.35,1.2945,1.2945,1.2945,0.7324,0.0000,-0.0000,0.0000,0.6816,-0.6129,-0.5622,-5.1227,-4.3474,-85.6817
204.06,1.2932,1.2932,1.2932,0.7251,0.0000,-0.0000,0.0000,0.6778,-0.6154,-0.5681,-5.1786,-4.2994,-85.4964
204.78,1.2912,1.2912,1.2912,0.7176,0.0000,-0.0000,0.0000,0.6739,-0.6172,-0.5736,-5.2352,-4.2522,-85.2996
205.49,1.2887,1.2887,1.2887,0.7102,0.0000,-0.0000,0.0000,0.6701,-0.6185,-0.5784,-5.2927,-4.2060,-85.1025
206.22,1.2856,1.2856,1.2856,0.7029,0.0000,-0.0000,0.0000,0.6664,-0.6192,-0.5826,-5.3511,-4.1606,-84.9051
206.94,1.2819,1.2819,1.2819,0.6958,0.0000,-0.0000,0.0000,0.6626,-0.6193,-0.5861,-5.4103,-4.1161,-84.7075
207.67,1.2777,1.2777,1.2777,0.6887,0.0000,-0.0000,0.0000,0.6588,-0.6189,-0.5890,-5.4703,-4.0725,-84.5096
208.39,1.2729,1.2729,1.2729,0.6818,0.0000,-0.0000,0.0000,0.6551,-0.6178,-0.5911,-5.5312,-4.0299,-84.3115
209.13,1.2676,1.2676,1.2676,0.6750,0.0000,-0.0000,0.0000,0.6514,-0.6162,-0.5926,-5.5929,-3.9880,-84.1130
209.86,1.2617,1.2617,1.2617,0.6682,0.0000,-0.0000,0.0000,0.6477,-0.6141,-0.5935,-5.6555,-3.9471,-83.9144
210.60,1.2553,1.2553,1.2553,0.6617,0.0000,-0.0000,0.0000,0.6440,-0.6113,-0.5936,-5.7188,-3.9071,-83.7154
211.33,1.2483,1.2483,1.2483,0.6552,0.0000,-0.0000,0.0000,0.6403,-0.6080,-0.5931,-5.7830,-3.8679,-83.5162
212.08,1.2408,1.2408,1.2408,0.6488,0.0000,-0.0000,0.0000,0.6366,-0.6042,-0.5920,-5.8481,-3.8296,-83.3167
212.82,1.2328,1.2328,1.2328,0.6426,0.0000,-0.0000,0.0000,0.6330,-0.5998,-0.5901,-5.9139,-3.7921,-83.1169
213.57,1.2242,1.2242,1.2242,0.6365,0.0000,-0.0000,0.0000,0.6294,-0.5948,-0.5876,-5.9805,-3.7555,-82.9169
214.32,1.2190,1.2190,1.2190,0.6342,0.0000,-0.0000,0.0000,0.6258,-0.5932,-0.5848,-6.0480,-3.7128,-82.7166
215.07,1.2134,1.2134,1.2134,0.6315,0.0000,-0.0000,0.0000,0.6222,-0.5912,-0.5819,-6.1162,-3.6710,-82.5160
215.82,1.2073,1.2073,1.2073,0.6283,0.0000,-0.0000,0.0000,0.6186,-0.5887,-0.5789,-6.1852,-3.6299,-82.3151
216.58,1.2007,1.2007,1.2007,0.6247,0.0000,-0.0000,0.0000,0.6150,-0.5857,-0.5760,-6.2550,-3.5896,-82.1116
217.34,1.1937,1.1937,1.1937,0.6206,0.0000,-0.0000,0.0000,0.6115,-0.5822,-0.5731,-6.3256,-3.5502,-81.9066
218.10,1.1862,1.1862,1.1862,0.6161,0.0000,-0.0000,0.0000,0.6080,-0.5783,-0.5701,-6.3970,-3.5116,-81.7012
218.87,1.1783,1.1783,1.1783,0.6111,0.0000,-0.0000,0.0000,0.6045,-0.5739,-0.5672,-6.4691,-3.4737,-81.4956
219.64,1.1700,1.1700,1.1700,0.6056,0.0000,-0.0000,0.0000,0.6010,-0.5690,-0.5644,-6.5420,-3.4366,-81.2896
220.41,1.1612,1.1612,1.1612,0.5997,0.0000,-0.0000,0.0000,0.5975,-0.5637,-0.5615,-6.6157,-3.4003,-81.0834
221.18,1.1520,1.1520,1.1520,0.5932,0.0000,-0.0000,0.0000,0.5940,-0.5580,-0.5588,-6.6900,-3.3648,-80.8768
221.96,1.1424,1.1424,1.1424,0.5863,0.0000,-0.0000,0.0000,0.5906,-0.5518,-0.5561,-6.7652,-3.3301,-80.6700
222.74,1.1324,1.1324,1.1324,0.5789,0.0000,-0.0000,0.0000,0.5871,-0.5452,-0.5535,-6.8410,-3.2961,-80.4629
223.52,1.1220,1.1220,1.1220,0.5710,0.0000,-0.0000,0.0000,0.5837,-0.5382,-0.5509,-6.9176,-3.2628,-80.2555
224.30,1.1111,1.1111,1.1111,0.5626,0.0000,-0.0000,0.0000,0.5803,-0.5308,-0.5485,-6.9949,-3.2303,-80.0477
225.09,1.0999,1.0999,1.0999,0.5537,0.0000,-0.0000,0.0000,0.5769,-0.5230,-0.5462,-7.0729,-3.1986,-79.8397
225.88,1.0883,1.0883,1.0883,0.5442,0.0000,-0.0000,0.0000,0.5736,-0.5147,-0.5441,-7.1515,-3.1675,-79.6314
226.67,1.0821,1.0821,1.0821,0.5400,0.0000,-0.0000,0.0000,0.5702,-0.5119,-0.5421,-7.2309,-3.1279,-79.4228
227.47,1.0812,1.0812,1.0812,0.5414,0.0000,-0.0000,0.0000,0.5669,-0.5143,-0.5398,-7.3110,-3.0798,-79.2139
228.27,1.0801,1.0801,1.0801,0.5430,0.0000,-0.0000,0.0000,0.5636,-0.5165,-0.5371,-7.3917,-3.0324,-79.0046
229.07,1.0788,1.0788,1.0788,0.5446,0.0000,-0.0000,0.0000,0.5603,-0.5185,-0.5341,-7.4731,-2.9856,-78.7967
229.87,1.0773,1.0773,1.0773,0.5464,0.0000,-0.0000,0.0000,0.5570,-0.5203,-0.5309,-7.5551,-2.9394,-78.6095
230.68,1.0756,1.0756,1.0756,0.5483,0.0000,-0.0000,0.0000,0.5537,-0.5219,-0.5273,-7.6378,-2.8938,-78.4220
231.49,1.0738,1.0738,1.0738,0.5503,0.0000,-0.0000,0.0000,0.5504,-0.5233,-0.5234,-7.7212,-2.8489,-78.2343
232.30,1.0717,1.0717,1.0717,0.5525,0.0000,-0.0000,0.0000,0.5472,-0.5246,-0.5193,-7.8051,-2.8045,-78.0463
233.12,1.0696,1.0696,1.0696,0.5547,0.0000,-0.0000,0.0000,0.5440,-0.5256,-0.5149,-7.8897,-2.7607,-77.8582
233.93,1.0672,1.0672,1.0672,0.5571,0.0000,-0.0000,0.0000,0.5407,-0.5265,-0.5102,-7.9749,-2.7175,-77.6698
234.75,1.0648,1.0648,1.0648,0.5596,0.0000,-0.0000,0.0000,0.5376,-0.5272,-0.5052,-8.0607,-2.6749,-77.4811
235.58,1.0622,1.0622,1.0622,0.5622,0.0000,-0.0000,0.0000,0.5344,-0.5278,-0.5000,-8.1470,-2.6328,-77.2923
236.41,1.0594,1.0594,1.0594,0.5649,0.0000,-0.0000,0.0000,0.5312,-0.5282,-0.4946,-8.2340,-2.5912,-77.1032
237.23,1.0566,1.0566,1.0566,0.5677,0.0000,-0.0000,0.0000,0.5281,-0.5285,-0.4889,-8.3215,-2.5502,-76.9138
238.07,1.0536,1.0536,1.0536,0.5707,0.0000,-0.0000,0.0000,0.5249,-0.5287,-0.4829,-8.4096,-2.5098,-76.7243
238.90,1.0505,1.0505,1.0505,0.5738,0.0000,-0.0000,0.0000,0.5218,-0.5287,-0.4768,-8.4983,-2.4698,-76.5345
239.74,1.0472,1.0472,1.0472,0.5768,0.0000,-0.0000,0.0000,0.5187,-0.5285,-0.4704,-8.5875,-2.4306,-76.3444
240.58,1.0318,1.0318,1.0318,0.5680,0.0000,-0.0000,0.0000,0.5156,-0.5162,-0.4638,-8.6772,-2.4097,-76.1542
241.43,1.0161,1.0161,1.0161,0.5592,0.0000,-0.0000,0.0000,0.5125,-0.5036,-0.4569,-8.7675,-2.3894,-75.9637
242.27,1.0002,1.0002,1.0002,0.5504,0.0000,-0.0000,0.0000,0.5095,-0.4907,-0.4498,-8.8583,-2.3696,-75.7729
243.12,0.9841,0.9841,0.9841,0.5418,0.0000,-0.0000,0.0000,0.5064,-0.4777,-0.4424,-8.9496,-2.3504,-75.5988
243.98,0.9678,0.9678,0.9678,0.5331,0.0000,-0.0000,0.0000,0.5034,-0.4644,-0.4347,-9.0414,-2.3317,-75.4415
244.83,0.9512,0.9512,0.9512,0.5245,0.0000,-0.0000,0.0000,0.5004,-0.4508,-0.4267,-9.1337,-2.3135,-75.2840
245.69,0.9345,0.9345,0.9345,0.5159,0.0000,-0.0000,0.0000,0.4974,-0.4371,-0.4186,-9.2264,-2.2958,-75.1265
246.56,0.9175,0.9175,0.9175,0.5074,0.0000,-0.0000,0.0000,0.4944,-0.4231,-0.4101,-9.3197,-2.2787,-74.9688
247.42,0.9004,0.9004,0.9004,0.4990,0.0000,-0.0000,0.0000,0.4915,-0.4089,-0.4015,-9.4134,-2.2620,-74.8110
248.29,0.8831,0.8831,0.8831,0.4905,0.0000,-0.0000,0.0000,0.4885,-0.3946,-0.3925,-9.5076,-2.2458,-74.6530
249.16,0.8656,0.8656,0.8656,0.4822,0.0000,-0.0000,0.0000,0.4856,-0.3800,-0.3834,-9.6023,-2.2302,-74.4950
250.03,0.8479,0.8479,0.8479,0.4739,0.0000,-0.0000,0.0000,0.4826,-0.3653,-0.3740,-9.6973,-2.2149,-74.3368
250.91,0.8301,0.8301,0.8301,0.4657,0.0000,-0.0000,0.0000,0.4797,-0.3504,-0.3645,-9.7928,-2.2002,-74.1785
251.79,0.8121,0.8121,0.8121,0.4575,0.0000,-0.0000,0.0000,0.4768,-0.3353,-0.3547,-9.8888,-2.1859,-74.0201
252.68,0.7940,0.7940,0.7940,0.4494,0.0000,-0.0000,0.0000,0.4740,-0.3200,-0.3447,-9.9851,-2.1720,-73.8615
253.56,0.7757,0.7757,0.7757,0.4413,0.0000,-0.0000,0.0000,0.4711,-0.3046,-0.3344,-10.0819,-2.1586,-73.7028
254.45,0.7621,0.7621,0.7621,0.4381,0.0000,-0.0000,0.0000,0.4682,-0.2938,-0.3240,-10.1791,-2.1390,-73.5440
255.35,0.7526,0.7526,0.7526,0.4385,0.0000,-0.0000,0.0000,0.4654,-0.2871,-0.3141,-10.2766,-2.1139,-73.3851
256.24,0.7430,0.7430,0.7430,0.4385,0.0000,-0.0000,0.0000,0.4626,-0.2804,-0.3045,-10.3746,-2.0892,-73.2260
257.14,0.7334,0.7334,0.7334,0.4379,0.0000,-0.0000,0.0000,0.4598,-0.2737,-0.2955,-10.4729,-2.0649,-73.0668
258.04,0.7239,0.7239,0.7239,0.4369,0.0000,-0.0000,0.0000,0.4570,-0.2669,-0.2869,-10.5716,-2.0409,-72.8837
258.95,0.7143,0.7143,0.7143,0.4354,0.0000,-0.0000,0.0000,0.4542,-0.2600,-0.2788,-10.6707,-2.0173,-72.6987
259.86,0.7047,0.7047,0.7047,0.4334,0.0000,-0.0000,0.0000,0.4515,-0.2532,-0.2712,-10.7701,-1.9940,-72.5136
260.77,0.6951,0.6951,0.6951,0.4309,0.0000,-0.0000,0.0000,0.4487,-0.2463,-0.2642,-10.8699,-1.9711,-72.3281
261.69,0.6855,0.6855,0.6855,0.4279,0.0000,-0.0000,0.0000,0.4460,-0.2395,-0.2576,-10.9700,-1.9485,-72.1425
262.60,0.6759,0.6759,0.6759,0.4243,0.0000,-0.0000,0.0000,0.4433,-0.2326,-0.2516,-11.0705,-1.9262,-71.9566
263.53,0.6663,0.6663,0.6663,0.4202,0.0000,-0.0000,0.0000,0.4406,-0.2257,-0.2461,-11.1712,-1.9042,-71.7706
264.45,0.6567,0.6567,0.6567,0.4156,0.0000,-0.0000,0.0000,0.4379,-0.2189,-0.2411,-11.2724,-1.8826,-71.5843
265.38,0.6472,0.6472,0.6472,0.4104,0.0000,-0.0000,0.0000,0.4352,-0.2120,-0.2368,-11.3738,-1.8612,-71.3977
266.31,0.6377,0.6377,0.6377,0.4047,0.0000,-0.0000,0.0000,0.4325,-0.2052,-0.2330,-11.4755,-1.8402,-71.2110
267.24,0.6282,0.6282,0.6282,0.3985,0.0000,-0.0000,0.0000,0.4299,-0.1983,-0.2297,-11.5775,-1.8194,-71.0240
268.18,0.6187,0.6187,0.6187,0.3916,0.0000,-0.0000,0.0000,0.4272,-0.1915,-0.2271,-11.6799,-1.7990,-70.8368
269.12,0.6096,0.6096,0.6096,0.3846,0.0000,-0.0000,0.0000,0.4246,-0.1850,-0.2251,-11.7825,-1.7784,-70.6494
270.07,0.6093,0.6093,0.6093,0.3858,0.0000,-0.0000,0.0000,0.4220,-0.1873,-0.2235,-11.8854,-1.7466,-70.4618
271.02,0.6090,0.6090,0.6090,0.3868,0.0000,-0.0000,0.0000,0.4194,-0.1896,-0.2222,-11.9886,-1.7152,-70.2739
271.97,0.6090,0.6090,0.6090,0.3876,0.0000,-0.0000,0.0000,0.4168,-0.1921,-0.2213,-12.0920,-1.6839,-70.0858
272.92,0.6090,0.6090,0.6090,0.3883,0.0000,-0.0000,0.0000,0.4143,-0.1947,-0.2207,-12.1957,-1.6528,-69.9008
273.88,0.6092,0.6092,0.6092,0.3887,0.0000,-0.0000,0.0000,0.4117,-0.1975,-0.2205,-12.2997,-1.6220,-69.7214
274.84,0.6096,0.6096,0.6096,0.3889,0.0000,-0.0000,0.0000,0.4092,-0.2004,-0.2206,-12.4039,-1.5914,-69.5417
275.80,0.6101,0.6101,0.6101,0.3889,0.0000,-0.0000,0.0000,0.4067,-0.2034,-0.2211,-12.5084,-1.5609,-69.3618
276.77,0.6107,0.6107,0.6107,0.3888,0.0000,-0.0000,0.0000,0.4041,-0.2066,-0.2220,-12.6132,-1.5307,-69.1818
277.74,0.6116,0.6116,0.6116,0.3884,0.0000,-0.0000,0.0000,0.4016,-0.2099,-0.2232,-12.7181,-1.5006,-69.0015
278.72,0.6126,0.6126,0.6126,0.3878,0.0000,-0.0000,0.0000,0.3992,-0.2134,-0.2248,-12.8233,-1.4707,-68.8211
279.70,0.6137,0.6137,0.6137,0.3869,0.0000,-0.0000,0.0000,0.3967,-0.2170,-0.2268,-12.9288,-1.4410,-68.6404
280.68,0.6150,0.6150,0.6150,0.3859,0.0000,-0.0000,0.0000,0.3942,-0.2208,-0.2291,-13.0344,-1.4115,-68.4595
281.66,0.6165,0.6165,0.6165,0.3846,0.0000,-0.0000,0.0000,0.3918,-0.2247,-0.2319,-13.1403,-1.3822,-68.2785
282.65,0.6182,0.6182,0.6182,0.3832,0.0000,-0.0000,0.0000,0.3894,-0.2288,-0.2350,-13.2464,-1.3530,-68.0972
283.64,0.6200,0.6200,0.6200,0.3814,0.0000,-0.0000,0.0000,0.3869,-0.2331,-0.2386,-13.3527,-1.3239,-67.9158
284.64,0.6220,0.6220,0.6220,0.3795,0.0000,-0.0000,0.0000,0.3845,-0.2375,-0.2425,-13.4592,-1.2951,-67.7341
285.64,0.6239,0.6239,0.6239,0.3770,0.0000,-0.0000,0.0000,0.3821,-0.2417,-0.2468,-13.5659,-1.2667,-67.5522
286.64,0.6257,0.6257,0.6257,0.3745,0.0000,-0.0000,0.0000,0.3798,-0.2459,-0.2512,-13.6728,-1.2389,-67.3701
287.65,0.6276,0.6276,0.6276,0.3722,0.0000,-0.0000,0.0000,0.3774,-0.2502,-0.2554,-13.7799,-1.2111,-67.1878
288.66,0.6298,0.6298,0.6298,0.3701,0.0000,-0.0000,0.0000,0.3750,-0.2547,-0.2597,-13.8872,-1.1835,-67.0053
289.67,0.6321,0.6321,0.6321,0.3682,0.0000,-0.0000,0.0000,0.3727,-0.2594,-0.2639,-13.9946,-1.1561,-66.7978
290.69,0.6346,0.6346,0.6346,0.3665,0.0000,-0.0000,0.0000,0.3704,-0.2642,-0.2681,-14.1023,-1.1288,-66.5837
291.71,0.6373,0.6373,0.6373,0.3650,0.0000,-0.0000,0.0000,0.3681,-0.2692,-0.2723,-14.2101,-1.1016,-66.3692
292.73,0.6401,0.6401,0.6401,0.3637,0.0000,-0.0000,0.0000,0.3658,-0.2744,-0.2764,-14.3181,-1.0745,-66.1544
293.76,0.6432,0.6432,0.6432,0.3627,0.0000,-0.0000,0.0000,0.3635,-0.2797,-0.2805,-14.4263,-1.0476,-65.9393
294.79,0.6464,0.6464,0.6464,0.3618,0.0000,-0.0000,0.0000,0.3612,-0.2852,-0.2846,-14.5346,-1.0207,-65.7239
295.82,0.6498,0.6498,0.6498,0.3612,0.0000,-0.0000,0.0000,0.3589,-0.2909,-0.2886,-14.6431,-0.9940,-65.5082
296.86,0.6534,0.6534,0.6534,0.3608,0.0000,-0.0000,0.0000,0.3567,-0.2967,-0.2926,-14.7518,-0.9674,-65.2921
297.90,0.6572,0.6572,0.6572,0.3606,0.0000,-0.0000,0.0000,0.3544,-0.3027,-0.2966,-14.8606,-0.9409,-65.0757
298.95,0.6611,0.6611,0.6611,0.3606,0.0000,-0.0000,0.0000,0.3522,-0.3089,-0.3006,-14.9695,-0.9146,-64.8590
300.00,0.6653,0.6653,0.6653,0.3608,0.0000,-0.0000,0.0000,0.3500,-0.3153,-0.3045,-15.0786,-0.8883,-64.6420
301.05,0.6696,0.6696,0.6696,0.3613,0.0000,-0.0000,0.0000,0.3478,-0.3218,-0.3083,-15.1879,-0.8621,-64.4246
302.11,0.6738,0.6738,0.6738,0.3616,0.0000,-0.0000,0.0000,0.3456,-0.3281,-0.3122,-15.2973,-0.8364,-64.2070
303.17,0.6729,0.6729,0.6729,0.3568,0.0000,-0.0000,0.0000,0.3434,-0.3294,-0.3161,-15.4068,-0.8170,-63.9889
304.23,0.6722,0.6722,0.6722,0.3521,0.0000,-0.0000,0.0000,0.3413,-0.3309,-0.3201,-15.5165,-0.7977,-63.7706
305.30,0.6716,0.6716,0.6716,0.3474,0.0000,-0.0000,0.0000,0.3391,-0.3324,-0.3242,-15.6263,-0.7786,-63.5519
306.37,0.6711,0.6711,0.6711,0.3426,0.0000,-0.0000,0.0000,0.3370,-0.3341,-0.3285,-15.7362,-0.7595,-63.3443
307.44,0.6708,0.6708,0.6708,0.3379,0.0000,-0.0000,0.0000,0.3349,-0.3359,-0.3329,-15.8463,-0.7406,-63.1763
308.52,0.6706,0.6706,0.6706,0.3332,0.0000,-0.0000,0.0000,0.3327,-0.3378,-0.3374,-15.9565,-0.7217,-63.0081
309.61,0.6705,0.6705,0.6705,0.3285,0.0000,-0.0000,0.0000,0.3306,-0.3399,-0.3420,-16.0668,-0.7030,-62.8398
310.69,0.6706,0.6706,0.6706,0.3238,0.0000,-0.0000,0.0000,0.3285,-0.3421,-0.3468,-16.1772,-0.6843,-62.6713
311.78,0.6708,0.6708,0.6708,0.3191,0.0000,-0.0000,0.0000,0.3265,-0.3444,-0.3517,-16.2878,-0.6657,-62.5027
312.88,0.6712,0.6712,0.6712,0.3145,0.0000,-0.0000,0.0000,0.3244,-0.3468,-0.3567,-16.3984,-0.6473,-62.3339
313.98,0.6717,0.6717,0.6717,0.3098,0.0000,-0.0000,0.0000,0.3223,-0.3493,-0.3618,-16.5092,-0.6289,-62.1650
315.08,0.6723,0.6723,0.6723,0.3052,0.0000,-0.0000,0.0000,0.3203,-0.3520,-0.3671,-16.6201,-0.6106,-61.9959
316.18,0.6731,0.6731,0.6731,0.3006,0.0000,-0.0000,0.0000,0.3183,-0.3548,-0.3725,-16.7311,-0.5924,-61.8266
317.29,0.6740,0.6740,0.6740,0.2960,0.0000,-0.0000,0.0000,0.3162,-0.3578,-0.3780,-16.8422,-0.5743,-61.6572
318.41,0.6751,0.6751,0.6751,0.2914,0.0000,-0.0000,0.0000,0.3142,-0.3608,-0.3836,-16.9534,-0.5563,-61.4876
319.52,0.6762,0.6762,0.6762,0.2869,0.0000,-0.0000,0.0000,0.3122,-0.3640,-0.3894,-17.0647,-0.5383,-61.3179
320.64,0.6803,0.6803,0.6803,0.2851,0.0000,-0.0000,0.0000,0.3102,-0.3701,-0.3952,-17.1761,-0.5173,-61.1480
321.77,0.6867,0.6867,0.6867,0.2858,0.0000,-0.0000,0.0000,0.3083,-0.3784,-0.4008,-17.2876,-0.4940,-60.9779
322.90,0.6932,0.6932,0.6932,0.2869,0.0000,-0.0000,0.0000,0.3063,-0.3869,-0.4062,-17.3992,-0.4707,-60.8077
324.03,0.6998,0.6998,0.6998,0.2884,0.0000,-0.0000,0.0000,0.3044,-0.3955,-0.4114,-17.5109,-0.4474,-60.6373
325.17,0.7067,0.7067,0.7067,0.2903,0.0000,-0.0000,0.0000,0.3024,-0.4043,-0.4164,-17.6227,-0.4242,-60.4470
326.31,0.7137,0.7137,0.7137,0.2926,0.0000,-0.0000,0.0000,0.3005,-0.4132,-0.4211,-17.7346,-0.4011,-60.2461
327.46,0.7209,0.7209,0.7209,0.2953,0.0000,-0.0000,0.0000,0.2986,-0.4224,-0.4257,-17.8466,-0.3780,-60.0451
328.61,0.7283,0.7283,0.7283,0.2983,0.0000,-0.0000,0.0000,0.2967,-0.4316,-0.4300,-17.9587,-0.3550,-59.8437
329.76,0.7358,0.7358,0.7358,0.3018,0.0000,-0.0000,0.0000,0.2948,-0.4411,-0.4340,-18.0708,-0.3320,-59.6421
330.92,0.7436,0.7436,0.7436,0.3057,0.0000,-0.0000,0.0000,0.2929,-0.4507,-0.4379,-18.1830,-0.3091,-59.4401
332.08,0.7514,0.7514,0.7514,0.3100,0.0000,-0.0000,0.0000,0.2910,-0.4604,-0.4415,-18.2953,-0.2862,-59.2380
333.24,0.7595,0.7595,0.7595,0.3146,0.0000,-0.0000,0.0000,0.2891,-0.4703,-0.4448,-18.4077,-0.2633,-59.0355
334.41,0.7677,0.7677,0.7677,0.3197,0.0000,-0.0000,0.0000,0.2873,-0.4804,-0.4480,-18.5202,-0.2405,-58.8328
335.59,0.7761,0.7761,0.7761,0.3252,0.0000,-0.0000,0.0000,0.2854,-0.4906,-0.4508,-18.6328,-0.2178,-58.6298
336.76,0.7846,0.7846,0.7846,0.3311,0.0000,-0.0000,0.0000,0.2836,-0.5010,-0.4535,-18.7454,-0.1950,-58.4265
337.94,0.7933,0.7933,0.7933,0.3375,0.0000,-0.0000,0.0000,0.2818,-0.5115,-0.4558,-18.8581,-0.1723,-58.2230
339.13,0.8007,0.8007,0.8007,0.3428,0.0000,-0.0000,0.0000,0.2800,-0.5208,-0.4580,-18.9709,-0.1512,-58.0192
340.32,0.7932,0.7932,0.7932,0.3335,0.0000,-0.0000,0.0000,0.2782,-0.5151,-0.4598,-19.0837,-0.1470,-57.8151
341.52,0.7858,0.7858,0.7858,0.3246,0.0000,-0.0000,0.0000,0.2764,-0.5094,-0.4612,-19.1967,-0.1429,-57.6107
342.71,0.7784,0.7784,0.7784,0.3162,0.0000,-0.0000,0.0000,0.2746,-0.5038,-0.4622,-19.3096,-0.1389,-57.4061
343.92,0.7710,0.7710,0.7710,0.3083,0.0000,-0.0000,0.0000,0.2728,-0.4982,-0.4628,-19.4227,-0.1350,-57.2013
345.12,0.7637,0.7637,0.7637,0.3008,0.0000,-0.0000,0.0000,0.2711,-0.4927,-0.4629,-19.5358,-0.1312,-56.9979
346.33,0.7565,0.7565,0.7565,0.2938,0.0000,-0.0000,0.0000,0.2693,-0.4872,-0.4627,-19.6490,-0.1275,-56.7943
347.55,0.7493,0.7493,0.7493,0.2872,0.0000,-0.0000,0.0000,0.2676,-0.4817,-0.4621,-19.7623,-0.1239,-56.5904
348.77,0.7421,0.7421,0.7421,0.2811,0.0000,-0.0000,0.0000,0.2659,-0.4763,-0.4610,-19.8756,-0.1203,-56.3862
349.99,0.7350,0.7350,0.7350,0.2755,0.0000,-0.0000,0.0000,0.2642,-0.4709,-0.4595,-19.9890,-0.1169,-56.1817
351.22,0.7280,0.7280,0.7280,0.2704,0.0000,-0.0000,0.0000,0.2625,-0.4655,-0.4576,-20.1025,-0.1136,-55.9769
352.45,0.7210,0.7210,0.7210,0.2658,0.0000,-0.0000,0.0000,0.2608,-0.4602,-0.4552,-20.2160,-0.1103,-55.7719
353.69,0.7140,0.7140,0.7140,0.2616,0.0000,-0.0000,0.0000,0.2591,-0.4550,-0.4524,-20.3296,-0.1072,-55.5666
354.93,0.7071,0.7071,0.7071,0.2579,0.0000,-0.0000,0.0000,0.2574,-0.4497,-0.4492,-20.4432,-0.1041,-55.3610
356.18,0.7003,0.7003,0.7003,0.2548,0.0000,-0.0000,0.0000,0.2557,-0.4445,-0.4455,-20.5569,-0.1012,-55.1552
357.43,0.6934,0.6934,0.6934,0.2521,0.0000,-0.0000,0.0000,0.2541,-0.4394,-0.4414,-20.6707,-0.0983,-54.9490
358.68,0.6867,0.6867,0.6867,0.2499,0.0000,-0.0000,0.0000,0.2524,-0.4342,-0.4368,-20.7845,-0.0955,-54.7426
359.94,0.6801,0.6801,0.6801,0.2484,0.0000,-0.0000,0.0000,0.2508,-0.4293,-0.4317,-20.8983,-0.0926,-54.5359
361.20,0.6737,0.6737,0.6737,0.2471,0.0000,-0.0000,0.0000,0.2492,-0.4246,-0.4266,-21.0123,-0.0896,-54.3289
362.47,0.6674,0.6674,0.6674,0.2461,0.0000,-0.0000,0.0000,0.2475,-0.4199,-0.4213,-21.1262,-0.0868,-54.1216
363.74,0.6611,0.6611,0.6611,0.2452,0.0000,-0.0000,0.0000,0.2459,-0.4152,-0.4159,-21.2403,-0.0840,-53.9140
365.02,0.6548,0.6548,0.6548,0.2444,0.0000,-0.0000,0.0000,0.2443,-0.4105,-0.4104,-21.3544,-0.0813,-53.7315
366.30,0.6485,0.6485,0.6485,0.2438,0.0000,-0.0000,0.0000,0.2428,-0.4058,-0.4048,-21.4685,-0.0787,-53.5724
367.59,0.6423,0.6423,0.6423,0.2432,0.0000,-0.0000,0.0000,0.2412,-0.4011,-0.3990,-21.5827,-0.0762,-53.4132
368.88,0.6360,0.6360,0.6360,0.2429,0.0000,-0.0000,0.0000,0.2396,-0.3964,-0.3931,-21.6969,-0.0737,-53.2539
370.17,0.6298,0.6298,0.6298,0.2427,0.0000,-0.0000,0.0000,0.2381,-0.3918,-0.3871,-21.8112,-0.0714,-53.0945
371.47,0.6237,0.6237,0.6237,0.2427,0.0000,-0.0000,0.0000,0.2365,-0.3872,-0.3809,-21.9256,-0.0691,-52.9350
372.77,0.6175,0.6175,0.6175,0.2429,0.0000,-0.0000,0.0000,0.2350,-0.3826,-0.3747,-22.0399,-0.0670,-52.7753
374.08,0.6114,0.6114,0.6114,0.2432,0.0000,-0.0000,0.0000,0.2334,-0.3780,-0.3682,-22.1544,-0.0649,-52.6156
375.40,0.6053,0.6053,0.6053,0.2437,0.0000,-0.0000,0.0000,0.2319,-0.3734,-0.3617,-22.2689,-0.0629,-52.4557
376.71,0.5993,0.5993,0.5993,0.2443,0.0000,-0.0000,0.0000,0.2304,-0.3689,-0.3550,-22.3834,-0.0610,-52.2957
378.04,0.5933,0.5933,0.5933,0.2451,0.0000,-0.0000,0.0000,0.2289,-0.3644,-0.3482,-22.4980,-0.0592,-52.1356
379.36,0.5873,0.5873,0.5873,0.2461,0.0000,-0.0000,0.0000,0.2274,-0.3599,-0.3412,-22.6126,-0.0574,-51.9753
380.69,0.5808,0.5808,0.5808,0.2467,0.0000,-0.0000,0.0000,0.2259,-0.3548,-0.3341,-22.7273,-0.0564,-51.8150
382.03,0.5696,0.5696,0.5696,0.2428,0.0000,-0.0000,0.0000,0.2244,-0.3452,-0.3268,-22.8420,-0.0604,-51.6545
383.37,0.5585,0.5585,0.5585,0.2391,0.0000,-0.0000,0.0000,0.2230,-0.3356,-0.3194,-22.9567,-0.0645,-51.4939
384.72,0.5474,0.5474,0.5474,0.2355,0.0000,-0.0000,0.0000,0.2215,-0.3259,-0.3119,-23.0715,-0.0687,-51.3332
386.07,0.5363,0.5363,0.5363,0.2320,0.0000,-0.0000,0.0000,0.2201,-0.3162,-0.3043,-23.1864,-0.0730,-51.1724
387.42,0.5252,0.5252,0.5252,0.2287,0.0000,-0.0000,0.0000,0.2186,-0.3066,-0.2965,-23.3013,-0.0774,-50.9904
388.78,0.5141,0.5141,0.5141,0.2256,0.0000,-0.0000,0.0000,0.2172,-0.2969,-0.2885,-23.4162,-0.0819,-50.8069
390.14,0.5030,0.5030,0.5030,0.2226,0.0000,-0.0000,0.0000,0.2158,-0.2873,-0.2804,-23.5312,-0.0866,-50.6232
391.51,0.4919,0.4919,0.4919,0.2197,0.0000,-0.0000,0.0000,0.2144,-0.2776,-0.2722,-23.6462,-0.0913,-50.4393
392.89,0.4808,0.4808,0.4808,0.2170,0.0000,-0.0000,0.0000,0.2129,-0.2679,-0.2638,-23.7612,-0.0961,-50.2552
394.27,0.4697,0.4697,0.4697,0.2145,0.0000,-0.0000,0.0000,0.2115,-0.2582,-0.2552,-23.8763,-0.1011,-50.0710
395.65,0.4586,0.4586,0.4586,0.2120,0.0000,-0.0000,0.0000,0.2102,-0.2484,-0.2465,-23.9914,-0.1061,-49.8865
397.04,0.4475,0.4475,0.4475,0.2098,0.0000,-0.0000,0.0000,0.2088,-0.2387,-0.2377,-24.1066,-0.1113,-49.7018
398.43,0.4363,0.4363,0.4363,0.2076,0.0000,-0.0000,0.0000,0.2074,-0.2289,-0.2287,-24.2218,-0.1166,-49.5170
399.83,0.4252,0.4252,0.4252,0.2056,0.0000,-0.0000,0.0000,0.2060,-0.2191,-0.2195,-24.3371,-0.1220,-49.3319
401.23,0.4140,0.4140,0.4140,0.2038,0.0000,-0.0000,0.0000,0.2047,-0.2093,-0.2102,-24.4524,-0.1274,-49.1466
402.64,0.4028,0.4028,0.4028,0.2021,0.0000,-0.0000,0.0000,0.2033,-0.1995,-0.2007,-24.5677,-0.1330,-48.9611
404.05,0.3920,0.3920,0.3920,0.2010,0.0000,-0.0000,0.0000,0.2020,-0.1900,-0.1910,-24.6831,-0.1383,-48.7755
405.47,0.3815,0.3815,0.3815,0.2003,0.0000,-0.0000,0.0000,0.2007,-0.1808,-0.1812,-24.7985,-0.1434,-48.5896
406.90,0.3709,0.3709,0.3709,0.1997,0.0000,-0.0000,0.0000,0.1994,-0.1716,-0.1713,-24.9139,-0.1486,-48.4035
408.32,0.3604,0.3604,0.3604,0.1993,0.0000,-0.0000,0.0000,0.1980,-0.1623,-0.1611,-25.0294,-0.1539,-48.2172
409.76,0.3497,0.3497,0.3497,0.1989,0.0000,-0.0000,0.0000,0.1967,-0.1530,-0.1508,-25.1449,-0.1593,-48.0482
411.19,0.3389,0.3389,0.3389,0.1986,0.0000,-0.0000,0.0000,0.1954,-0.1435,-0.1403,-25.2604,-0.1649,-47.9082
412.64,0.3281,0.3281,0.3281,0.1984,0.0000,-0.0000,0.0000,0.1942,-0.1340,-0.1297,-25.3760,-0.1705,-47.7682
414.09,0.3173,0.3173,0.3173,0.1984,0.0000,-0.0000,0.0000,0.1929,-0.1244,-0.1189,-25.4916,-0.1763,-47.6281
415.54,0.3065,0.3065,0.3065,0.1985,0.0000,-0.0000,0.0000,0.1916,-0.1149,-0.1080,-25.6073,-0.1821,-47.4880
417.00,0.2956,0.2956,0.2956,0.1988,0.0000,-0.0000,0.0000,0.1903,-0.1052,-0.0968,-25.7230,-0.1881,-47.3479
418.46,0.2847,0.2847,0.2847,0.1991,0.0000,-0.0000,0.0000,0.1891,-0.0956,-0.0855,-25.8387,-0.1941,-47.2077
419.93,0.2737,0.2737,0.2737,0.1997,0.0000,-0.0000,0.0000,0.1878,-0.0859,-0.0740,-25.9544,-0.2003,-47.0675
421.40,0.2627,0.2627,0.2627,0.2004,0.0000,-0.0000,0.0000,0.1866,-0.0762,-0.0624,-26.0702,-0.2066,-46.9272
422.88,0.2517,0.2517,0.2517,0.2012,0.0000,-0.0000,0.0000,0.1854,-0.0664,-0.0506,-26.1860,-0.2130,-46.7869
424.37,0.2407,0.2407,0.2407,0.2021,0.0000,-0.0000,0.0000,0.1841,-0.0566,-0.0386,-26.3019,-0.2195,-46.6466
425.86,0.2296,0.2296,0.2296,0.2033,0.0000,-0.0000,0.0000,0.1829,-0.0467,-0.0264,-26.4178,-0.2262,-46.5062
427.35,0.2179,0.2179,0.2179,0.2039,0.0000,-0.0000,0.0000,0.1817,-0.0362,-0.0140,-26.5337,-0.2336,-46.3658
428.85,0.2018,0.2018,0.2018,0.2002,0.0000,-0.0000,0.0000,0.1805,-0.0213,-0.0016,-26.6497,-0.2457,-46.2254
430.35,0.1856,0.1856,0.1856,0.1965,0.0000,-0.0000,0.0000,0.1793,-0.0063,0.0108,-26.7656,-0.2579,-46.0849
431.86,0.1694,0.1694,0.1694,0.1927,0.0000,-0.0000,0.0000,0.1781,0.0087,0.0233,-26.8817,-0.2702,-45.9444
433.38,0.1532,0.1532,0.1532,0.1889,0.0000,-0.0000,0.0000,0.1769,0.0238,0.0357,-26.9977,-0.2826,-45.8038
434.90,0.1369,0.1369,0.1369,0.1851,0.0000,-0.0000,0.0000,0.1758,0.0388,0.0481,-27.1138,-0.2952,-45.6420
436.43,0.1207,0.1207,0.1207,0.1813,0.0000,-0.0000,0.0000,0.1746,0.0539,0.0606,-27.2299,-0.3079,-45.4749
437.96,0.1044,0.1044,0.1044,0.1774,0.0000,-0.0000,0.0000,0.1734,0.0690,0.0730,-27.3460,-0.3208,-45.3077
439.50,0.0880,0.0880,0.0880,0.1734,0.0000,-0.0000,0.0000,0.1723,0.0843,0.0854,-27.4622,-0.3338,-45.1403
441.04,0.0716,0.0716,0.0716,0.1694,0.0000,-0.0000,0.0000,0.1711,0.0995,0.0978,-27.5784,-0.3469,-44.9729
442.59,0.0551,0.0551,0.0551,0.1654,0.0000,-0.0000,0.0000,0.1700,0.1149,0.1103,-27.6946,-0.3602,-44.8052
444.14,0.0386,0.0386,0.0386,0.1612,0.0000,-0.0000,0.0000,0.1689,0.1303,0.1227,-27.8109,-0.3736,-44.6375
445.70,0.0219,0.0219,0.0219,0.1571,0.0000,-0.0000,0.0000,0.1677,0.1458,0.1351,-27.9272,-0.3871,-44.4696
447.26,0.0053,0.0053,0.0053,0.1528,0.0000,-0.0000,0.0000,0.1666,0.1614,0.1475,-28.0435,-0.4008,-44.3016
448.83,-0.0115,-0.0115,-0.0115,0.1485,0.0000,-0.0000,0.0000,0.1655,0.1770,0.1599,-28.1599,-0.4146,-44.1335
450.41,-0.0283,-0.0283,-0.0283,0.1441,0.0000,-0.0000,0.0000,0.1644,0.1927,0.1724,-28.2763,-0.4286,-43.9652
451.99,-0.0451,-0.0451,-0.0451,0.1397,0.0000,-0.0000,0.0000,0.1633,0.2085,0.1848,-28.3927,-0.4427,-43.7968
453.57,-0.0578,-0.0578,-0.0578,0.1393,0.0000,-0.0000,0.0000,0.1622,0.2200,0.1971,-28.5091,-0.4525,-43.6283
455.17,-0.0681,-0.0681,-0.0681,0.1402,0.0000,-0.0000,0.0000,0.1612,0.2293,0.2083,-28.6256,-0.4599,-43.4597
456.76,-0.0785,-0.0785,-0.0785,0.1400,0.0000,-0.0000,0.0000,0.1601,0.2386,0.2185,-28.7421,-0.4674,-43.2909
458.37,-0.0889,-0.0889,-0.0889,0.1388,0.0000,-0.0000,0.0000,0.1590,0.2479,0.2277,-28.8586,-0.4751,-43.1220
459.97,-0.0993,-0.0993,-0.0993,0.1365,0.0000,-0.0000,0.0000,0.1580,0.2573,0.2358,-28.9751,-0.4829,-42.9512
461.59,-0.1098,-0.1098,-0.1098,0.1331,0.0000,-0.0000,0.0000,0.1569,0.2667,0.2429,-29.0917,-0.4907,-42.7750
463.21,-0.1203,-0.1203,-0.1203,0.1287,0.0000,-0.0000,0.0000,0.1559,0.2761,0.2489,-29.2083,-0.4988,-42.5986
464.83,-0.1308,-0.1308,-0.1308,0.1231,0.0000,-0.0000,0.0000,0.1548,0.2856,0.2539,-29.3250,-0.5069,-42.4220
466.47,-0.1414,-0.1414,-0.1414,0.1165,0.0000,-0.0000,0.0000,0.1538,0.2951,0.2578,-29.4416,-0.5152,-42.2453
468.10,-0.1520,-0.1520,-0.1520,0.1088,0.0000,-0.0000,0.0000,0.1528,0.3047,0.2607,-29.5583,-0.5236,-42.0684
469.75,-0.1626,-0.1626,-0.1626,0.0999,0.0000,-0.0000,0.0000,0.1517,0.3143,0.2625,-29.6750,-0.5321,-41.8914
471.39,-0.1733,-0.1733,-0.1733,0.0899,0.0000,-0.0000,0.0000,0.1507,0.3240,0.2632,-29.7918,-0.5407,-41.7142
473.05,-0.1840,-0.1840,-0.1840,0.0789,0.0000,-0.0000,0.0000,0.1497,0.3338,0.2629,-29.9086,-0.5495,-41.5369
474.71,-0.1948,-0.1948,-0.1948,0.0667,0.0000,-0.0000,0.0000,0.1487,0.3435,0.2615,-30.0254,-0.5584,-41.3594
476.37,-0.2056,-0.2056,-0.2056,0.0533,0.0000,-0.0000,0.0000,0.1477,0.3534,0.2590,-30.1422,-0.5674,-41.1817
478.05,-0.2165,-0.2165,-0.2165,0.0389,0.0000,-0.0000,0.0000,0.1467,0.3632,0.2554,-30.2590,-0.5765,-41.0039
479.72,-0.2229,-0.2229,-0.2229,0.0278,0.0000,-0.0000,0.0000,0.1458,0.3686,0.2507,-30.3759,-0.5811,-40.8260
481.41,-0.2048,-0.2048,-0.2048,0.0404,0.0000,-0.0000,0.0000,0.1448,0.3496,0.2452,-30.4928,-0.5602,-40.6478
483.10,-0.1867,-0.1867,-0.1867,0.0523,0.0000,-0.0000,0.0000,0.1438,0.3305,0.2390,-30.6098,-0.5394,-40.4696
484.79,-0.1685,-0.1685,-0.1685,0.0636,0.0000,-0.0000,0.0000,0.1428,0.3113,0.2321,-30.7267,-0.5187,-40.2912
486.49,-0.1502,-0.1502,-0.1502,0.0743,0.0000,-0.0000,0.0000,0.1419,0.2921,0.2245,-30.8437,-0.4979,-40.1126
488.20,-0.1318,-0.1318,-0.1318,0.0844,0.0000,-0.0000,0.0000,0.1409,0.2727,0.2162,-30.9607,-0.4772,-39.9209
489.91,-0.1132,-0.1132,-0.1132,0.0941,0.0000,-0.0000,0.0000,0.1400,0.2532,0.2072,-31.0777,-0.4565,-39.7225
491.63,-0.0945,-0.0945,-0.0945,0.1031,0.0000,-0.0000,0.0000,0.1391,0.2335,0.1975,-31.1948,-0.4359,-39.5239
493.36,-0.0757,-0.0757,-0.0757,0.1115,0.0000,-0.0000,0.0000,0.1381,0.2139,0.1872,-31.3119,-0.4152,-39.3251
495.09,-0.0569,-0.0569,-0.0569,0.1193,0.0000,-0.0000,0.0000,0.1372,0.1941,0.1762,-31.4290,-0.3946,-39.1261
496.83,-0.0380,-0.0380,-0.0380,0.1264,0.0000,-0.0000,0.0000,0.1363,0.1743,0.1644,-31.5461,-0.3740,-38.9268
498.57,-0.0190,-0.0190,-0.0190,0.1330,0.0000,-0.0000,0.0000,0.1354,0.1544,0.1520,-31.6633,-0.3535,-38.7274
500.32,0.0000,0.0000,0.0000,0.1389,0.0000,-0.0000,0.0000,0.1344,0.1344,0.1389,-31.7805,-0.3330,-38.5277
502.08,0.0191,0.0191,0.0191,0.1442,0.0000,-0.0000,0.0000,0.1335,0.1144,0.1251,-31.8977,-0.3125,-38.3277
503.84,0.0383,0.0383,0.0383,0.1489,0.0000,-0.0000,0.0000,0.1326,0.0943,0.1106,-32.0149,-0.2920,-38.1276
505.61,0.0576,0.0576,0.0576,0.1530,0.0000,-0.0000,0.0000,0.1318,0.0742,0.0954,-32.1322,-0.2716,-37.9272
507.38,0.0769,0.0769,0.0769,0.1564,0.0000,-0.0000,0.0000,0.1309,0.0540,0.0795,-32.2495,-0.2512,-37.7266
509.16,0.0918,0.0918,0.0918,0.1549,0.0000,-0.0000,0.0000,0.1300,0.0382,0.0631,-32.3668,-0.2355,-37.5258
510.95,0.1046,0.1046,0.1046,0.1516,0.0000,-0.0000,0.0000,0.1291,0.0246,0.0470,-32.4841,-0.2222,-37.3247
512.74,0.1174,0.1174,0.1174,0.1487,0.0000,-0.0000,0.0000,0.1282,0.0109,0.0313,-32.6014,-0.2089,-37.1235
514.54,0.1302,0.1302,0.1302,0.1462,0.0000,-0.0000,0.0000,0.1274,-0.0028,0.0160,-32.7188,-0.1956,-36.9220
516.35,0.1431,0.1431,0.1431,0.1441,0.0000,-0.0000,0.0000,0.1265,-0.0165,0.0011,-32.8362,-0.1825,-36.7247
518.16,0.1553,0.1553,0.1553,0.1418,0.0000,-0.0000,0.0000,0.1257,-0.0296,-0.0135,-32.9536,-0.1693,-36.5688
519.98,0.1676,0.1676,0.1676,0.1400,0.0000,-0.0000,0.0000,0.1248,-0.0428,-0.0276,-33.0711,-0.1563,-36.4127
521.80,0.1799,0.1799,0.1799,0.1385,0.0000,-0.0000,0.0000,0.1240,-0.0559,-0.0414,-33.1886,-0.1433,-36.2566
523.63,0.1922,0.1922,0.1922,0.1374,0.0000,-0.0000,0.0000,0.1232,-0.0691,-0.0548,-33.3061,-0.1304,-36.1004
525.47,0.2046,0.2046,0.2046,0.1368,0.0000,-0.0000,0.0000,0.1223,-0.0823,-0.0678,-33.4236,-0.1175,-35.9442
527.32,0.2169,0.2169,0.2169,0.1365,0.0000,-0.0000,0.0000,0.1215,-0.0954,-0.0804,-33.5411,-0.1047,-35.7879
529.17,0.2293,0.2293,0.2293,0.1367,0.0000,-0.0000,0.0000,0.1207,-0.1086,-0.0926,-33.6587,-0.0920,-35.6315
531.02,0.2417,0.2417,0.2417,0.1372,0.0000,-0.0000,0.0000,0.1199,-0.1218,-0.1044,-33.7763,-0.0793,-35.4751
532.89,0.2541,0.2541,0.2541,0.1382,0.0000,-0.0000,0.0000,0.1191,-0.1350,-0.1159,-33.8939,-0.0668,-35.3186
534.76,0.2665,0.2665,0.2665,0.1396,0.0000,-0.0000,0.0000,0.1183,-0.1482,-0.1268,-34.0115,-0.0542,-35.1621
536.63,0.2789,0.2789,0.2789,0.1415,0.0000,-0.0000,0.0000,0.1175,-0.1614,-0.1374,-34.1292,-0.0418,-35.0055
538.52,0.2902,0.2902,0.2902,0.1425,0.0000,-0.0000,0.0000,0.1167,-0.1735,-0.1476,-34.2468,-0.0306,-34.8488
540.41,0.2962,0.2962,0.2962,0.1388,0.0000,-0.0000,0.0000,0.1159,-0.1804,-0.1574,-34.3645,-0.0249,-34.6921
542.30,0.3023,0.3023,0.3023,0.1355,0.0000,-0.0000,0.0000,0.1151,-0.1872,-0.1668,-34.4823,-0.0193,-34.5353
544.21,0.3083,0.3083,0.3083,0.1326,0.0000,-0.0000,0.0000,0.1143,-0.1940,-0.1758,-34.6000,-0.0138,-34.3785
546.12,0.3144,0.3144,0.3144,0.1300,0.0000,-0.0000,0.0000,0.1135,-0.2008,-0.1843,-34.7178,-0.0084,-34.2216
548.03,0.3204,0.3204,0.3204,0.1279,0.0000,-0.0000,0.0000,0.1128,-0.2076,-0.1925,-34.8355,-0.0031,-34.0625
549.96,0.3265,0.3265,0.3265,0.1262,0.0000,-0.0000,0.0000,0.1120,-0.2145,-0.2003,-34.9534,0.0021,-33.9014
551.89,0.3326,0.3326,0.3326,0.1248,0.0000,-0.0000,0.0000,0.1113,-0.2213,-0.2078,-35.0712,0.0073,-33.7403
553.82,0.3386,0.3386,0.3386,0.1238,0.0000,-0.0000,0.0000,0.1105,-0.2281,-0.2148,-35.1890,0.0123,-33.5791
555.77,0.3447,0.3447,0.3447,0.1232,0.0000,-0.0000,0.0000,0.1098,-0.2349,-0.2214,-35.3069,0.0172,-33.4178
557.72,0.3507,0.3507,0.3507,0.1230,0.0000,-0.0000,0.0000,0.1090,-0.2417,-0.2277,-35.4248,0.0220,-33.2565
559.67,0.3567,0.3567,0.3567,0.1232,0.0000,-0.0000,0.0000,0.1083,-0.2484,-0.2336,-35.5427,0.0267,-33.0950
561.64,0.3627,0.3627,0.3627,0.1237,0.0000,-0.0000,0.0000,0.1075,-0.2552,-0.2391,-35.6606,0.0313,-32.9336
563.61,0.3687,0.3687,0.3687,0.1246,0.0000,-0.0000,0.0000,0.1068,-0.2619,-0.2442,-35.7786,0.0358,-32.7720
565.59,0.3747,0.3747,0.3747,0.1259,0.0000,-0.0000,0.0000,0.1061,-0.2686,-0.2489,-35.8966,0.0401,-32.6104
567.57,0.3807,0.3807,0.3807,0.1275,0.0000,-0.0000,0.0000,0.1054,-0.2753,-0.2532,-36.0146,0.0444,-32.4488
569.56,0.3866,0.3866,0.3866,0.1296,0.0000,-0.0000,0.0000,0.1047,-0.2820,-0.2571,-36.1326,0.0486,-32.2870
571.56,0.3884,0.3884,0.3884,0.1279,0.0000,-0.0000,0.0000,0.1040,-0.2845,-0.2605,-36.2506,0.0483,-32.1252
573.57,0.3883,0.3883,0.3883,0.1248,0.0000,-0.0000,0.0000,0.1033,-0.2851,-0.2635,-36.3687,0.0460,-31.9634
575.58,0.3882,0.3882,0.3882,0.1223,0.0000,-0.0000,0.0000,0.1026,-0.2856,-0.2659,-36.4868,0.0435,-31.8015
577.60,0.3880,0.3880,0.3880,0.1203,0.0000,-0.0000,0.0000,0.1019,-0.2861,-0.2677,-36.6049,0.0409,-31.6395
579.63,0.3878,0.3878,0.3878,0.1188,0.0000,-0.0000,0.0000,0.1012,-0.2866,-0.2690,-36.7230,0.0381,-31.4774
581.66,0.3876,0.3876,0.3876,0.1179,0.0000,-0.0000,0.0000,0.1005,-0.2872,-0.2697,-36.8411,0.0352,-31.3129
583.70,0.3874,0.3874,0.3874,0.1176,0.0000,-0.0000,0.0000,0.0998,-0.2876,-0.2699,-36.9593,0.0322,-31.1482
585.75,0.3872,0.3872,0.3872,0.1178,0.0000,-0.0000,0.0000,0.0991,-0.2881,-0.2694,-37.0775,0.0291,-30.9835
587.81,0.3870,0.3870,0.3870,0.1185,0.0000,-0.0000,0.0000,0.0984,-0.2885,-0.2684,-37.1957,0.0257,-30.8187
589.87,0.3867,0.3867,0.3867,0.1199,0.0000,-0.0000,0.0000,0.0978,-0.2889,-0.2668,-37.3139,0.0223,-30.6538
591.94,0.3864,0.3864,0.3864,0.1218,0.0000,-0.0000,0.0000,0.0971,-0.2892,-0.2646,-37.4321,0.0187,-30.4888
594.02,0.3860,0.3860,0.3860,0.1242,0.0000,-0.0000,0.0000,0.0965,-0.2896,-0.2618,-37.5504,0.0149,-30.3238
596.10,0.3856,0.3856,0.3856,0.1272,0.0000,-0.0000,0.0000,0.0958,-0.2898,-0.2584,-37.6687,0.0110,-30.1587
598.20,0.3853,0.3853,0.3853,0.1308,0.0000,-0.0000,0.0000,0.0952,-0.2901,-0.2544,-37.7870,0.0070,-29.9936
600.30,0.3848,0.3848,0.3848,0.1350,0.0000,-0.0000,0.0000,0.0945,-0.2903,-0.2499,-37.9053,0.0028,-29.8284
602.40,0.3844,0.3844,0.3844,0.1397,0.0000,-0.0000,0.0000,0.0939,-0.2905,-0.2447,-38.0236,-0.0016,-29.6631
604.52,0.3816,0.3816,0.3816,0.1427,0.0000,-0.0000,0.0000,0.0932,-0.2884,-0.2389,-38.1420,-0.0085,-29.4978
606.64,0.3698,0.3698,0.3698,0.1369,0.0000,-0.0000,0.0000,0.0926,-0.2772,-0.2329,-38.2604,-0.0250,-29.3324
608.77,0.3579,0.3579,0.3579,0.1311,0.0000,-0.0000,0.0000,0.0920,-0.2660,-0.2268,-38.3788,-0.0417,-29.1670
610.90,0.3460,0.3460,0.3460,0.1253,0.0000,-0.0000,0.0000,0.0913,-0.2547,-0.2207,-38.4972,-0.0586,-29.0015
613.05,0.3341,0.3341,0.3341,0.1196,0.0000,-0.0000,0.0000,0.0907,-0.2434,-0.2145,-38.6156,-0.0756,-28.8360
615.20,0.3218,0.3218,0.3218,0.1135,0.0000,-0.0000,0.0000,0.0901,-0.2317,-0.2082,-38.7341,-0.0929,-28.6800
617.36,0.3088,0.3088,0.3088,0.1069,0.0000,-0.0000,0.0000,0.0895,-0.2193,-0.2019,-38.8525,-0.1104,-28.5392
619.52,0.2958,0.2958,0.2958,0.1003,0.0000,-0.0000,0.0000,0.0889,-0.2069,-0.1955,-38.9710,-0.1281,-28.3985
621.70,0.2827,0.2827,0.2827,0.0936,0.0000,-0.0000,0.0000,0.0883,-0.1944,-0.1890,-39.0895,-0.1460,-28.2577
623.88,0.2695,0.2695,0.2695,0.0869,0.0000,-0.0000,0.0000,0.0877,-0.1818,-0.1825,-39.2081,-0.1642,-28.1171
626.07,0.2562,0.2562,0.2562,0.0803,0.0000,-0.0000,0.0000,0.0871,-0.1691,-0.1759,-39.3266,-0.1825,-27.9764
628.27,0.2428,0.2428,0.2428,0.0736,0.0000,-0.0000,0.0000,0.0865,-0.1563,-0.1692,-39.4452,-0.2011,-27.8358
630.47,0.2294,0.2294,0.2294,0.0668,0.0000,-0.0000,0.0000,0.0859,-0.1435,-0.1625,-39.5637,-0.2198,-27.6952
632.68,0.2158,0.2158,0.2158,0.0601,0.0000,-0.0000,0.0000,0.0853,-0.1305,-0.1557,-39.6823,-0.2388,-27.5547
634.90,0.2022,0.2022,0.2022,0.0534,0.0000,-0.0000,0.0000,0.0847,-0.1175,-0.1488,-39.8010,-0.2580,-27.4142
637.13,0.1885,0.1885,0.1885,0.0466,0.0000,-0.0000,0.0000,0.0841,-0.1043,-0.1419,-39.9196,-0.2774,-27.2738
639.37,0.1747,0.1747,0.1747,0.0398,0.0000,-0.0000,0.0000,0.0836,-0.0911,-0.1349,-40.0382,-0.2971,-27.1334
641.61,0.1693,0.1693,0.1693,0.0414,0.0000,-0.0000,0.0000,0.0830,-0.0863,-0.1279,-40.1569,-0.3080,-26.9931
643.86,0.1672,0.1672,0.1672,0.0459,0.0000,-0.0000,0.0000,0.0824,-0.0848,-0.1214,-40.2756,-0.3156,-26.8528
646.12,0.1651,0.1651,0.1651,0.0498,0.0000,-0.0000,0.0000,0.0819,-0.0832,-0.1153,-40.3943,-0.3233,-26.7125
648.39,0.1629,0.1629,0.1629,0.0533,0.0000,-0.0000,0.0000,0.0813,-0.0816,-0.1096,-40.5130,-0.3313,-26.5723
650.67,0.1606,0.1606,0.1606,0.0562,0.0000,-0.0000,0.0000,0.0808,-0.0799,-0.1044,-40.6318,-0.3394,-26.4322
652.95,0.1584,0.1584,0.1584,0.0588,0.0000,-0.0000,0.0000,0.0802,-0.0782,-0.0996,-40.7505,-0.3477,-26.2897
655.24,0.1562,0.1562,0.1562,0.0608,0.0000,-0.0000,0.0000,0.0797,-0.0765,-0.0954,-40.8693,-0.3562,-26.1468
657.54,0.1539,0.1539,0.1539,0.0621,0.0000,-0.0000,0.0000,0.0791,-0.0748,-0.0918,-40.9881,-0.3649,-26.0039
659.85,0.1516,0.1516,0.1516,0.0629,0.0000,-0.0000,0.0000,0.0786,-0.0730,-0.0887,-41.1069,-0.3738,-25.8610
662.16,0.1492,0.1492,0.1492,0.0631,0.0000,-0.0000,0.0000,0.0780,-0.0712,-0.0862,-41.2257,-0.3829,-25.7182
664.49,0.1468,0.1468,0.1468,0.0626,0.0000,-0.0000,0.0000,0.0775,-0.0693,-0.0842,-41.3446,-0.3922,-25.5755
666.82,0.1443,0.1443,0.1443,0.0615,0.0000,-0.0000,0.0000,0.0770,-0.0673,-0.0828,-41.4634,-0.4017,-25.4328
669.16,0.1418,0.1418,0.1418,0.0598,0.0000,-0.0000,0.0000,0.0765,-0.0654,-0.0820,-41.5823,-0.4114,-25.2902
671.51,0.1392,0.1392,0.1392,0.0574,0.0000,-0.0000,0.0000,0.0759,-0.0633,-0.0818,-41.7012,-0.4213,-25.1476
673.86,0.1366,0.1366,0.1366,0.0544,0.0000,-0.0000,0.0000,0.0754,-0.0612,-0.0822,-41.8201,-0.4314,-25.0050
676.23,0.1340,0.1340,0.1340,0.0508,0.0000,-0.0000,0.0000,0.0749,-0.0591,-0.0832,-41.9390,-0.4417,-24.8626
678.60,0.1325,0.1325,0.1325,0.0478,0.0000,-0.0000,0.0000,0.0744,-0.0581,-0.0847,-42.0580,-0.4509,-24.7202
680.98,0.1353,0.1353,0.1353,0.0488,0.0000,-0.0000,0.0000,0.0739,-0.0614,-0.0866,-42.1769,-0.4558,-24.5778
683.37,0.1380,0.1380,0.1380,0.0496,0.0000,-0.0000,0.0000,0.0734,-0.0647,-0.0884,-42.2959,-0.4608,-24.4355
685.77,0.1407,0.1407,0.1407,0.0503,0.0000,-0.0000,0.0000,0.0729,-0.0679,-0.0904,-42.4149,-0.4660,-24.2933
688.18,0.1434,0.1434,0.1434,0.0509,0.0000,-0.0000,0.0000,0.0724,-0.0710,-0.0925,-42.5339,-0.4714,-24.1511
690.59,0.1467,0.1467,0.1467,0.0520,0.0000,-0.0000,0.0000,0.0719,-0.0748,-0.0947,-42.6529,-0.4771,-23.9984
693.02,0.1520,0.1520,0.1520,0.0551,0.0000,-0.0000,0.0000,0.0714,-0.0806,-0.0969,-42.7719,-0.4829,-23.8138
695.45,0.1574,0.1574,0.1574,0.0582,0.0000,-0.0000,0.0000,0.0709,-0.0865,-0.0991,-42.8910,-0.4889,-23.6291
697.89,0.1628,0.1628,0.1628,0.0614,0.0000,-0.0000,0.0000,0.0704,-0.0924,-0.1014,-43.0101,-0.4951,-23.4444
700.34,0.1684,0.1684,0.1684,0.0647,0.0000,-0.0000,0.0000,0.0699,-0.0984,-0.1037,-43.1292,-0.5016,-23.2595
702.80,0.1740,0.1740,0.1740,0.0680,0.0000,-0.0000,0.0000,0.0695,-0.1046,-0.1061,-43.2483,-0.5082,-23.0746
705.26,0.1797,0.1797,0.1797,0.0713,0.0000,-0.0000,0.0000,0.0690,-0.1108,-0.1084,-43.3674,-0.5151,-22.8896
707.74,0.1856,0.1856,0.1856,0.0748,0.0000,-0.0000,0.0000,0.0685,-0.1171,-0.1108,-43.4865,-0.5221,-22.7046
710.22,0.1915,0.1915,0.1915,0.0782,0.0000,-0.0000,0.0000,0.0680,-0.1235,-0.1133,-43.6057,-0.5294,-22.5194
712.72,0.1975,0.1975,0.1975,0.0818,0.0000,-0.0000,0.0000,0.0676,-0.1300,-0.1157,-43.7248,-0.5369,-22.3342
715.22,0.2037,0.2037,0.2037,0.0854,0.0000,-0.0000,0.0000,0.0671,-0.1366,-0.1183,-43.8440,-0.5447,-22.1489
717.73,0.2099,0.2099,0.2099,0.0891,0.0000,-0.0000,0.0000,0.0666,-0.1433,-0.1209,-43.9632,-0.5526,-21.9636
720.25,0.2121,0.2121,0.2121,0.0887,0.0000,-0.0000,0.0000,0.0662,-0.1459,-0.1234,-44.0824,-0.5654,-21.7782
722.77,0.2129,0.2129,0.2129,0.0874,0.0000,-0.0000,0.0000,0.0657,-0.1472,-0.1255,-44.2016,-0.5800,-21.5927
725.31,0.2138,0.2138,0.2138,0.0867,0.0000,-0.0000,0.0000,0.0653,-0.1485,-0.1272,-44.3209,-0.5949,-21.4072
727.86,0.2149,0.2149,0.2149,0.0865,0.0000,-0.0000,0.0000,0.0648,-0.1501,-0.1284,-44.4401,-0.6101,-21.2215
730.41,0.2161,0.2161,0.2161,0.0869,0.0000,-0.0000,0.0000,0.0644,-0.1517,-0.1293,-44.5594,-0.6255,-21.0359
732.97,0.2156,0.2156,0.2156,0.0859,0.0000,-0.0000,0.0000,0.0640,-0.1516,-0.1297,-44.6787,-0.6412,-20.8717
735.55,0.2142,0.2142,0.2142,0.0847,0.0000,-0.0000,0.0000,0.0635,-0.1507,-0.1295,-44.7980,-0.6571,-20.7177
738.13,0.2129,0.2129,0.2129,0.0841,0.0000,-0.0000,0.0000,0.0631,-0.1498,-0.1288,-44.9173,-0.6732,-20.5638
740.72,0.2116,0.2116,0.2116,0.0841,0.0000,-0.0000,0.0000,0.0626,-0.1489,-0.1275,-45.0366,-0.6897,-20.4099
743.32,0.2103,0.2103,0.2103,0.0847,0.0000,-0.0000,0.0000,0.0622,-0.1481,-0.1256,-45.1559,-0.7064,-20.2561
745.92,0.2091,0.2091,0.2091,0.0860,0.0000,-0.0000,0.0000,0.0618,-0.1473,-0.1232,-45.2753,-0.7234,-20.1024
748.54,0.2080,0.2080,0.2080,0.0878,0.0000,-0.0000,0.0000,0.0614,-0.1466,-0.1202,-45.3947,-0.7406,-19.9487
751.17,0.2069,0.2069,0.2069,0.0904,0.0000,-0.0000,0.0000,0.0609,-0.1460,-0.1166,-45.5140,-0.7581,-19.7950
753.81,0.2059,0.2059,0.2059,0.0935,0.0000,-0.0000,0.0000,0.0605,-0.1454,-0.1124,-45.6334,-0.7759,-19.6415
756.45,0.2050,0.2050,0.2050,0.0973,0.0000,-0.0000,0.0000,0.0601,-0.1449,-0.1077,-45.7529,-0.7939,-19.4880
759.11,0.2041,0.2041,0.2041,0.1017,0.0000,-0.0000,0.0000,0.0597,-0.1444,-0.1023,-45.8723,-0.8122,-19.3345
761.77,0.2006,0.2006,0.2006,0.1042,0.0000,-0.0000,0.0000,0.0593,-0.1413,-0.0964,-45.9917,-0.8339,-19.1811
764.44,0.1894,0.1894,0.1894,0.0989,0.0000,-0.0000,0.0000,0.0589,-0.1305,-0.0906,-46.1112,-0.8646,-19.0278
767.13,0.1783,0.1783,0.1783,0.0934,0.0000,-0.0000,0.0000,0.0585,-0.1199,-0.0849,-46.2306,-0.8956,-18.8745
769.82,0.1673,0.1673,0.1673,0.0879,0.0000,-0.0000,0.0000,0.0581,-0.1093,-0.0794,-46.3501,-0.9269,-18.7214
772.52,0.1565,0.1565,0.1565,0.0823,0.0000,-0.0000,0.0000,0.0577,-0.0988,-0.0742,-46.4696,-0.9586,-18.5683
775.23,0.1454,0.1454,0.1454,0.0762,0.0000,-0.0000,0.0000,0.0573,-0.0881,-0.0692,-46.5891,-0.9906,-18.4175
777.95,0.1322,0.1322,0.1322,0.0678,0.0000,-0.0000,0.0000,0.0569,-0.0753,-0.0643,-46.7086,-1.0230,-18.2859
780.68,0.1190,0.1190,0.1190,0.0593,0.0000,-0.0000,0.0000,0.0565,-0.0625,-0.0597,-46.8282,-1.0556,-18.1544
783.42,0.1058,0.1058,0.1058,0.0505,0.0000,-0.0000,0.0000,0.0561,-0.0497,-0.0552,-46.9477,-1.0887,-18.0230
786.17,0.0926,0.0926,0.0926,0.0416,0.0000,-0.0000,0.0000,0.0557,-0.0369,-0.0510,-47.0673,-1.1220,-17.8918
788.93,0.0795,0.0795,0.0795,0.0326,0.0000,-0.0000,0.0000,0.0553,-0.0241,-0.0469,-47.1869,-1.1557,-17.7608
791.70,0.0664,0.0664,0.0664,0.0234,0.0000,-0.0000,0.0000,0.0550,-0.0114,-0.0430,-47.3064,-1.1898,-17.6299
794.48,0.0533,0.0533,0.0533,0.0140,0.0000,-0.0000,0.0000,0.0546,0.0012,-0.0393,-47.4260,-1.2242,-17.4992
797.27,0.0403,0.0403,0.0403,0.0045,0.0000,-0.0000,0.0000,0.0542,0.0139,-0.0358,-47.5457,-1.2589,-17.3687
800.06,0.0274,0.0274,0.0274,-0.0051,0.0000,-0.0000,0.0000,0.0538,0.0265,-0.0324,-47.6653,-1.2940,-17.2383
802.87,0.0144,0.0144,0.0144,-0.0148,0.0000,-0.0000,0.0000,0.0535,0.0390,-0.0293,-47.7849,-1.3295,-17.1081
805.69,0.0016,0.0016,0.0016,-0.0247,0.0000,-0.0000,0.0000,0.0531,0.0515,-0.0262,-47.9046,-1.3653,-16.9780
808.52,0.0046,0.0046,0.0046,-0.0188,0.0000,-0.0000,0.0000,0.0527,0.0481,-0.0234,-48.0242,-1.3829,-16.8481
811.35,0.0126,0.0126,0.0126,-0.0081,0.0000,-0.0000,0.0000,0.0524,0.0398,-0.0207,-48.1439,-1.3950,-16.7184
814.20,0.0206,0.0206,0.0206,0.0024,0.0000,-0.0000,0.0000,0.0520,0.0315,-0.0182,-48.2636,-1.4075,-16.5889
817.06,0.0286,0.0286,0.0286,0.0128,0.0000,-0.0000,0.0000,0.0517,0.0231,-0.0158,-48.3833,-1.4202,-16.4595
819.93,0.0366,0.0366,0.0366,0.0230,0.0000,-0.0000,0.0000,0.0513,0.0147,-0.0136,-48.5030,-1.4332,-16.3303
822.80,0.0431,0.0431,0.0431,0.0316,0.0000,-0.0000,0.0000,0.0509,0.0078,-0.0116,-48.6227,-1.4465,-16.2115
825.69,0.0482,0.0482,0.0482,0.0386,0.0000,-0.0000,0.0000,0.0506,0.0023,-0.0097,-48.7425,-1.4601,-16.1018
828.59,0.0533,0.0533,0.0533,0.0454,0.0000,-0.0000,0.0000,0.0502,-0.0031,-0.0080,-48.8622,-1.4739,-15.9923
831.50,0.0584,0.0584,0.0584,0.0520,0.0000,-0.0000,0.0000,0.0499,-0.0085,-0.0064,-48.9820,-1.4881,-15.8830
834.41,0.0634,0.0634,0.0634,0.0584,0.0000,-0.0000,0.0000,0.0496,-0.0138,-0.0050,-49.1018,-1.5025,-15.7740
837.34,0.0683,0.0683,0.0683,0.0645,0.0000,-0.0000,0.0000,0.0492,-0.0191,-0.0038,-49.2216,-1.5173,-15.6653
840.28,0.0732,0.0732,0.0732,0.0705,0.0000,-0.0000,0.0000,0.0489,-0.0243,-0.0027,-49.3414,-1.5323,-15.5568
843.23,0.0781,0.0781,0.0781,0.0763,0.0000,-0.0000,0.0000,0.0485,-0.0295,-0.0018,-49.4612,-1.5477,-15.4486
846.19,0.0829,0.0829,0.0829,0.0819,0.0000,-0.0000,0.0000,0.0482,-0.0347,-0.0010,-49.5810,-1.5633,-15.3406
849.16,0.0877,0.0877,0.0877,0.0874,0.0000,-0.0000,0.0000,0.0479,-0.0398,-0.0003,-49.7008,-1.5793,-15.2329
852.14,0.0924,0.0924,0.0924,0.0926,0.0000,-0.0000,0.0000,0.0475,-0.0449,0.0002,-49.8207,-1.5955,-15.1254
855.13,0.0943,0.0943,0.0943,0.0948,0.0000,-0.0000,0.0000,0.0472,-0.0471,0.0006,-49.9405,-1.6156,-15.0182
858.13,0.0887,0.0887,0.0887,0.0902,0.0000,-0.0000,0.0000,0.0469,-0.0418,0.0015,-50.0604,-1.6449,-14.9113
861.14,0.0831,0.0831,0.0831,0.0863,0.0000,-0.0000,0.0000,0.0466,-0.0365,0.0032,-50.1803,-1.6747,-14.8046
864.16,0.0775,0.0775,0.0775,0.0832,0.0000,-0.0000,0.0000,0.0462,-0.0312,0.0057,-50.3002,-1.7048,-14.6982
867.20,0.0718,0.0718,0.0718,0.0808,0.0000,-0.0000,0.0000,0.0459,-0.0259,0.0090,-50.4201,-1.7353,-14.5921
870.24,0.0662,0.0662,0.0662,0.0792,0.0000,-0.0000,0.0000,0.0456,-0.0206,0.0130,-50.5400,-1.7661,-14.4862
873.29,0.0586,0.0586,0.0586,0.0764,0.0000,-0.0000,0.0000,0.0453,-0.0133,0.0179,-50.6599,-1.7973,-14.3907
876.36,0.0509,0.0509,0.0509,0.0744,0.0000,-0.0000,0.0000,0.0450,-0.0059,0.0236,-50.7799,-1.8288,-14.2959
879.43,0.0431,0.0431,0.0431,0.0732,0.0000,-0.0000,0.0000,0.0447,0.0016,0.0301,-50.8998,-1.8607,-14.2013
882.52,0.0352,0.0352,0.0352,0.0728,0.0000,-0.0000,0.0000,0.0444,0.0091,0.0376,-51.0198,-1.8930,-14.1071
885.62,0.0273,0.0273,0.0273,0.0732,0.0000,-0.0000,0.0000,0.0441,0.0167,0.0459,-51.1398,-1.9257,-14.0132
888.73,0.0194,0.0194,0.0194,0.0744,0.0000,-0.0000,0.0000,0.0438,0.0244,0.0551,-51.2597,-1.9587,-13.9195
891.85,0.0113,0.0113,0.0113,0.0764,0.0000,-0.0000,0.0000,0.0435,0.0321,0.0651,-51.3797,-1.9921,-13.8262
894.98,0.0032,0.0032,0.0032,0.0793,0.0000,-0.0000,0.0000,0.0432,0.0399,0.0760,-51.4997,-2.0259,-13.7333
898.12,-0.0049,-0.0049,-0.0049,0.0829,0.0000,-0.0000,0.0000,0.0429,0.0478,0.0879,-51.6198,-2.0601,-13.6406
901.27,-0.0131,-0.0131,-0.0131,0.0874,0.0000,-0.0000,0.0000,0.0426,0.0557,0.1005,-51.7398,-2.0946,-13.5483
904.43,-0.0214,-0.0214,-0.0214,0.0927,0.0000,-0.0000,0.0000,0.0423,0.0637,0.1141,-51.8598,-2.1296,-13.4563
907.60,-0.0370,-0.0370,-0.0370,0.0916,0.0000,-0.0000,0.0000,0.0420,0.0790,0.1287,-51.9799,-2.1742,-13.3646
910.79,-0.0546,-0.0546,-0.0546,0.0897,0.0000,-0.0000,0.0000,0.0417,0.0963,0.1443,-52.0999,-2.2217,-13.2732
913.99,-0.0722,-0.0722,-0.0722,0.0888,0.0000,-0.0000,0.0000,0.0414,0.1136,0.1611,-52.2200,-2.2697,-13.1822
917.19,-0.0899,-0.0899,-0.0899,0.0890,0.0000,-0.0000,0.0000,0.0411,0.1310,0.1789,-52.3401,-2.3181,-13.0915
920.41,-0.1075,-0.1075,-0.1075,0.0903,0.0000,-0.0000,0.0000,0.0408,0.1483,0.1978,-52.4602,-2.3669,-13.0011
923.64,-0.1273,-0.1273,-0.1273,0.0906,0.0000,-0.0000,0.0000,0.0406,0.1679,0.2179,-52.5803,-2.4162,-12.9204
926.88,-0.1505,-0.1505,-0.1505,0.0885,0.0000,-0.0000,0.0000,0.0403,0.1907,0.2389,-52.7004,-2.4659,-12.8541
930.14,-0.1737,-0.1737,-0.1737,0.0873,0.0000,-0.0000,0.0000,0.0400,0.2137,0.2610,-52.8205,-2.5160,-12.7882
933.40,-0.1972,-0.1972,-0.1972,0.0869,0.0000,-0.0000,0.0000,0.0397,0.2369,0.2841,-52.9406,-2.5666,-12.7227
936.68,-0.2208,-0.2208,-0.2208,0.0874,0.0000,-0.0000,0.0000,0.0394,0.2602,0.3082,-53.0608,-2.6176,-12.6576
939.96,-0.2445,-0.2445,-0.2445,0.0887,0.0000,-0.0000,0.0000,0.0392,0.2837,0.3332,-53.1809,-2.6691,-12.5930
943.26,-0.2684,-0.2684,-0.2684,0.0909,0.0000,-0.0000,0.0000,0.0389,0.3073,0.3593,-53.3011,-2.7210,-12.5287
946.57,-0.2925,-0.2925,-0.2925,0.0939,0.0000,-0.0000,0.0000,0.0386,0.3311,0.3863,-53.4212,-2.7734,-12.4649
949.90,-0.3167,-0.3167,-0.3167,0.0975,0.0000,-0.0000,0.0000,0.0384,0.3550,0.4142,-53.5414,-2.8262,-12.4015
953.23,-0.3410,-0.3410,-0.3410,0.1019,0.0000,-0.0000,0.0000,0.0381,0.3791,0.4429,-53.6616,-2.8795,-12.3385
956.57,-0.3655,-0.3655,-0.3655,0.1070,0.0000,-0.0000,0.0000,0.0378,0.4034,0.4725,-53.7818,-2.9332,-12.2759
959.93,-0.3953,-0.3953,-0.3953,0.1076,0.0000,-0.0000,0.0000,0.0376,0.4329,0.5029,-53.9020,-2.9943,-12.2138
963.30,-0.4370,-0.4370,-0.4370,0.0952,0.0000,-0.0000,0.0000,0.0373,0.4743,0.5322,-54.0222,-3.0718,-12.1521
966.68,-0.4788,-0.4788,-0.4788,0.0811,0.0000,-0.0000,0.0000,0.0371,0.5159,0.5599,-54.1425,-3.1499,-12.0908
970.07,-0.5207,-0.5207,-0.5207,0.0654,0.0000,-0.0000,0.0000,0.0368,0.5575,0.5861,-54.2627,-3.2286,-12.0299
973.48,-0.5626,-0.5626,-0.5626,0.0481,0.0000,-0.0000,0.0000,0.0365,0.5991,0.6107,-54.3829,-3.3078,-11.9695
976.89,-0.6046,-0.6046,-0.6046,0.0291,0.0000,-0.0000,0.0000,0.0363,0.6409,0.6337,-54.5032,-3.3875,-11.9095
980.32,-0.6457,-0.6457,-0.6457,0.0095,0.0000,-0.0000,0.0000,0.0360,0.6817,0.6552,-54.6235,-3.4678,-11.8462
983.76,-0.6865,-0.6865,-0.6865,-0.0117,0.0000,-0.0000,0.0000,0.0358,0.7223,0.6748,-54.7437,-3.5486,-11.7826
987.21,-0.7274,-0.7274,-0.7274,-0.0347,0.0000,-0.0000,0.0000,0.0355,0.7630,0.6927,-54.8640,-3.6300,-11.7194
990.68,-0.7684,-0.7684,-0.7684,-0.0595,0.0000,-0.0000,0.0000,0.0353,0.8037,0.7089,-54.9843,-3.7119,-11.6566
994.16,-0.8093,-0.8093,-0.8093,-0.0860,0.0000,-0.0000,0.0000,0.0351,0.8444,0.7233,-55.1046,-3.7944,-11.5942
997.65,-0.8503,-0.8503,-0.8503,-0.1144,0.0000,-0.0000,0.0000,0.0348,0.8851,0.7359,-55.2249,-3.8774,-11.5322
1001.15,-0.8912,-0.8912,-0.8912,-0.1445,0.0000,-0.0000,0.0000,0.0329,0.9241,0.7468,-55.3452,-3.9610,-11.4706
1004.66,-0.9322,-0.9322,-0.9322,-0.1763,0.0000,-0.0000,0.0000,0.0276,0.9598,0.7559,-55.4656,-4.0451,-11.4094
1008.19,-0.9732,-0.9732,-0.9732,-0.2099,0.0000,-0.0000,0.0000,0.0223,0.9955,0.7632,-55.5859,-4.1298,-11.3487
1011.72,-1.0141,-1.0141,-1.0141,-0.2453,0.0000,-0.0000,0.0000,0.0170,1.0312,0.7688,-55.7063,-4.2150,-11.2883
1015.27,-1.0551,-1.0551,-1.0551,-0.2824,0.0000,-0.0000,0.0000,0.0118,1.0668,0.7727,-55.8266,-4.3009,-11.2284
1018.84,-1.0389,-1.0389,-1.0389,-0.2640,0.0000,-0.0000,0.0000,0.0065,1.0454,0.7749,-55.9470,-4.3040,-11.1689
1022.41,-1.0099,-1.0099,-1.0099,-0.2341,0.0000,-0.0000,0.0000,0.0012,1.0111,0.7758,-56.0674,-4.2882,-11.1097
1026.00,-0.9810,-0.9810,-0.9810,-0.2057,0.0000,-0.0000,0.0000,-0.0041,0.9769,0.7753,-56.1877,-4.2726,-11.0510
1029.60,-0.9524,-0.9524,-0.9524,-0.1788,0.0000,-0.0000,0.0000,-0.0094,0.9430,0.7735,-56.3081,-4.2572,-10.9927
1033.21,-0.9239,-0.9239,-0.9239,-0.1536,0.0000,-0.0000,0.0000,-0.0147,0.9093,0.7704,-56.4285,-4.2420,-10.9348
1036.84,-0.8952,-0.8952,-0.8952,-0.1293,0.0000,-0.0000,0.0000,-0.0199,0.8752,0.7659,-56.5489,-4.2271,-10.8755
1040.48,-0.8651,-0.8651,-0.8651,-0.1050,0.0000,-0.0000,0.0000,-0.0252,0.8399,0.7601,-56.6694,-4.2123,-10.8118
1044.13,-0.8352,-0.8352,-0.8352,-0.0821,0.0000,-0.0000,0.0000,-0.0305,0.8047,0.7531,-56.7898,-4.1977,-10.7485
1047.80,-0.8055,-0.8055,-0.8055,-0.0607,0.0000,-0.0000,0.0000,-0.0358,0.7697,0.7448,-56.9102,-4.1834,-10.6855
1051.47,-0.7760,-0.7760,-0.7760,-0.0407,0.0000,-0.0000,0.0000,-0.0410,0.7349,0.7353,-57.0307,-4.1692,-10.6229
1055.16,-0.7467,-0.7467,-0.7467,-0.0221,0.0000,-0.0000,0.0000,-0.0463,0.7004,0.7246,-57.1511,-4.1552,-10.5607
1058.87,-0.7175,-0.7175,-0.7175,-0.0049,0.0000,-0.0000,0.0000,-0.0516,0.6660,0.7126,-57.2716,-4.1415,-10.4989
1062.58,-0.6886,-0.6886,-0.6886,0.0109,0.0000,-0.0000,0.0000,-0.0568,0.6318,0.6995,-57.3920,-4.1279,-10.4374
1066.31,-0.6599,-0.6599,-0.6599,0.0254,0.0000,-0.0000,0.0000,-0.0621,0.5977,0.6853,-57.5125,-4.1146,-10.3762
1070.05,-0.6313,-0.6313,-0.6313,0.0387,0.0000,-0.0000,0.0000,-0.0674,0.5639,0.6700,-57.6330,-4.1014,-10.3155
1073.81,-0.6029,-0.6029,-0.6029,0.0508,0.0000,-0.0000,0.0000,-0.0726,0.5303,0.6537,-57.7535,-4.0884,-10.2550
1077.58,-0.5846,-0.5846,-0.5846,0.0518,0.0000,-0.0000,0.0000,-0.0779,0.5067,0.6363,-57.8740,-4.0903,-10.1950
1081.36,-0.5867,-0.5867,-0.5867,0.0332,0.0000,-0.0000,0.0000,-0.0832,0.5035,0.6199,-57.9945,-4.1230,-10.1353
1085.15,-0.5889,-0.5889,-0.5889,0.0160,0.0000,-0.0000,0.0000,-0.0884,0.5005,0.6050,-58.1150,-4.1560,-10.0759
1088.96,-0.5913,-0.5913,-0.5913,0.0001,0.0000,-0.0000,0.0000,-0.0937,0.4977,0.5915,-58.2355,-4.1894,-10.0169
1092.78,-0.5939,-0.5939,-0.5939,-0.0145,0.0000,-0.0000,0.0000,-0.0989,0.4949,0.5794,-58.3560,-4.2231,-9.9582
1096.62,-0.5965,-0.5965,-0.5965,-0.0278,0.0000,-0.0000,0.0000,-0.1042,0.4923,0.5687,-58.4766,-4.2572,-9.8999
1100.47,-0.6006,-0.6006,-0.6006,-0.0412,0.0000,-0.0000,0.0000,-0.1095,0.4911,0.5594,-58.5971,-4.2917,-9.8457
1104.33,-0.6054,-0.6054,-0.6054,-0.0539,0.0000,-0.0000,0.0000,-0.1147,0.4907,0.5515,-58.7177,-4.3265,-9.7935
1108.20,-0.6104,-0.6104,-0.6104,-0.0655,0.0000,-0.0000,0.0000,-0.1200,0.4904,0.5449,-58.8382,-4.3616,-9.7417
1112.09,-0.6155,-0.6155,-0.6155,-0.0759,0.0000,-0.0000,0.0000,-0.1252,0.4903,0.5396,-58.9588,-4.3972,-9.6903
1116.00,-0.6208,-0.6208,-0.6208,-0.0851,0.0000,-0.0000,0.0000,-0.1305,0.4903,0.5356,-59.0794,-4.4330,-9.6391
1119.91,-0.6262,-0.6262,-0.6262,-0.0933,0.0000,-0.0000,0.0000,-0.1357,0.4905,0.5329,-59.2000,-4.4692,-9.5884
1123.84,-0.6317,-0.6317,-0.6317,-0.1002,0.0000,-0.0000,0.0000,-0.1409,0.4908,0.5315,-59.3206,-4.5058,-9.5379
1127.79,-0.6374,-0.6374,-0.6374,-0.1060,0.0000,-0.0000,0.0000,-0.1462,0.4912,0.5314,-59.4412,-4.5427,-9.4878
1131.74,-0.6432,-0.6432,-0.6432,-0.1107,0.0000,-0.0000,0.0000,-0.1514,0.4918,0.5325,-59.5618,-4.5800,-9.4379
1135.72,-0.6492,-0.6492,-0.6492,-0.1143,0.0000,-0.0000,0.0000,-0.1567,0.4925,0.5350,-59.6824,-4.6176,-9.3884
1139.70,-0.6553,-0.6553,-0.6553,-0.1167,0.0000,-0.0000,0.0000,-0.1619,0.4934,0.5386,-59.8030,-4.6556,-9.3392
1143.70,-0.6716,-0.6716,-0.6716,-0.1284,0.0000,-0.0000,0.0000,-0.1672,0.5044,0.5431,-59.9236,-4.7100,-9.2903
1147.72,-0.6899,-0.6899,-0.6899,-0.1422,0.0000,-0.0000,0.0000,-0.1724,0.5175,0.5477,-60.0442,-4.7678,-9.2417
1151.74,-0.7082,-0.7082,-0.7082,-0.1560,0.0000,-0.0000,0.0000,-0.1776,0.5306,0.5522,-60.1649,-4.8261,-9.1934
1155.79,-0.7267,-0.7267,-0.7267,-0.1699,0.0000,-0.0000,0.0000,-0.1829,0.5438,0.5568,-60.2855,-4.8847,-9.1454
1159.84,-0.7451,-0.7451,-0.7451,-0.1838,0.0000,-0.0000,0.0000,-0.1881,0.5570,0.5613,-60.4062,-4.9438,-9.0977
1163.91,-0.7631,-0.7631,-0.7631,-0.1972,0.0000,-0.0000,0.0000,-0.1933,0.5697,0.5659,-60.5269,-5.0033,-9.0487
1168.00,-0.7768,-0.7768,-0.7768,-0.2063,0.0000,-0.0000,0.0000,-0.1986,0.5782,0.5705,-60.6475,-5.0632,-8.9891
1172.10,-0.7905,-0.7905,-0.7905,-0.2153,0.0000,-0.0000,0.0000,-0.2038,0.5867,0.5752,-60.7682,-5.1236,-8.9296
1176.21,-0.8041,-0.8041,-0.8041,-0.2241,0.0000,-0.0000,0.0000,-0.2090,0.5950,0.5799,-60.8889,-5.1843,-8.8704
1180.34,-0.8176,-0.8176,-0.8176,-0.2328,0.0000,-0.0000,0.0000,-0.2143,0.6033,0.5848,-61.0096,-5.2454,-8.8114
1184.48,-0.8311,-0.8311,-0.8311,-0.2414,0.0000,-0.0000,0.0000,-0.2195,0.6116,0.5897,-61.1303,-5.3070,-8.7526
1188.64,-0.8444,-0.8444,-0.8444,-0.2498,0.0000,-0.0000,0.0000,-0.2247,0.6197,0.5947,-61.2510,-5.3689,-8.6940
1192.81,-0.8577,-0.8577,-0.8577,-0.2580,0.0000,-0.0000,0.0000,-0.2299,0.6278,0.5997,-61.3717,-5.4313,-8.6355
1196.99,-0.8709,-0.8709,-0.8709,-0.2661,0.0000,-0.0000,0.0000,-0.2352,0.6357,0.6048,-61.4924,-5.4941,-8.5773
1201.19,-0.8840,-0.8840,-0.8840,-0.2741,0.0000,-0.0000,0.0000,-0.2404,0.6436,0.6099,-61.6131,-5.5573,-8.5192
1205.41,-0.8970,-0.8970,-0.8970,-0.2819,0.0000,-0.0000,0.0000,-0.2456,0.6514,0.6151,-61.7338,-5.6208,-8.4613
1209.64,-0.9063,-0.9063,-0.9063,-0.2860,0.0000,-0.0000,0.0000,-0.2508,0.6555,0.6203,-61.8546,-5.6788,-8.4035
1213.89,-0.9091,-0.9091,-0.9091,-0.2839,0.0000,-0.0000,0.0000,-0.2560,0.6531,0.6253,-61.9753,-5.7258,-8.3459
1218.15,-0.9118,-0.9118,-0.9118,-0.2819,0.0000,-0.0000,0.0000,-0.2613,0.6506,0.6299,-62.0961,-5.7731,-8.2884
1222.42,-0.9145,-0.9145,-0.9145,-0.2803,0.0000,-0.0000,0.0000,-0.2665,0.6480,0.6342,-62.2168,-5.8208,-8.2311
1226.71,-0.9171,-0.9171,-0.9171,-0.2789,0.0000,-0.0000,0.0000,-0.2717,0.6454,0.6382,-62.3376,-5.8688,-8.1738
1231.02,-0.9196,-0.9196,-0.9196,-0.2777,0.0000,-0.0000,0.0000,-0.2769,0.6427,0.6419,-62.4583,-5.9172,-8.1167
1235.34,-0.9249,-0.9249,-0.9249,-0.2796,0.0000,-0.0000,0.0000,-0.2821,0.6428,0.6453,-62.5791,-5.9659,-8.0662
1239.67,-0.9325,-0.9325,-0.9325,-0.2843,0.0000,-0.0000,0.0000,-0.2873,0.6452,0.6482,-62.6999,-6.0149,-8.0211
1244.02,-0.9401,-0.9401,-0.9401,-0.2894,0.0000,-0.0000,0.0000,-0.2925,0.6475,0.6507,-62.8207,-6.0642,-7.9761
1248.39,-0.9476,-0.9476,-0.9476,-0.2950,0.0000,-0.0000,0.0000,-0.2978,0.6499,0.6526,-62.9415,-6.1139,-7.9313
1252.77,-0.9552,-0.9552,-0.9552,-0.3010,0.0000,-0.0000,0.0000,-0.3030,0.6522,0.6541,-63.0623,-6.1639,-7.8866
1257.16,-0.9627,-0.9627,-0.9627,-0.3075,0.0000,-0.0000,0.0000,-0.3082,0.6545,0.6552,-63.1831,-6.2142,-7.8420
1261.58,-0.9702,-0.9702,-0.9702,-0.3145,0.0000,-0.0000,0.0000,-0.3134,0.6568,0.6557,-63.3039,-6.2649,-7.7975
1266.00,-0.9776,-0.9776,-0.9776,-0.3219,0.0000,-0.0000,0.0000,-0.3186,0.6590,0.6558,-63.4247,-6.3159,-7.7531
1270.45,-0.9850,-0.9850,-0.9850,-0.3297,0.0000,-0.0000,0.0000,-0.3238,0.6612,0.6553,-63.5455,-6.3671,-7.7088
1274.91,-0.9924,-0.9924,-0.9924,-0.3380,0.0000,-0.0000,0.0000,-0.3290,0.6634,0.6543,-63.6664,-6.4187,-7.6646
1279.38,-0.9997,-0.9997,-0.9997,-0.3468,0.0000,-0.0000,0.0000,-0.3342,0.6655,0.6529,-63.7872,-6.4707,-7.6205
1283.87,-1.0076,-1.0076,-1.0076,-0.3564,0.0000,-0.0000,0.0000,-0.3394,0.6682,0.6511,-63.9080,-6.5241,-7.5765
1288.38,-1.0155,-1.0155,-1.0155,-0.3661,0.0000,-0.0000,0.0000,-0.3446,0.6709,0.6494,-64.0289,-6.5781,-7.5326
1292.90,-1.0233,-1.0233,-1.0233,-0.3756,0.0000,-0.0000,0.0000,-0.3498,0.6735,0.6477,-64.1497,-6.6323,-7.4887
1297.43,-1.0311,-1.0311,-1.0311,-0.3849,0.0000,-0.0000,0.0000,-0.3550,0.6761,0.6461,-64.2706,-6.6869,-7.4449
1301.99,-1.0387,-1.0387,-1.0387,-0.3942,0.0000,-0.0000,0.0000,-0.3602,0.6785,0.6445,-64.3915,-6.7418,-7.4012
1306.56,-1.0463,-1.0463,-1.0463,-0.4034,0.0000,-0.0000,0.0000,-0.3654,0.6809,0.6429,-64.5123,-6.7970,-7.3575
1311.14,-1.0450,-1.0450,-1.0450,-0.4036,0.0000,-0.0000,0.0000,-0.3706,0.6744,0.6414,-64.6332,-6.8525,-7.2959
1315.74,-1.0433,-1.0433,-1.0433,-0.4030,0.0000,-0.0000,0.0000,-0.3758,0.6676,0.6403,-64.7541,-6.9083,-7.2340
1320.36,-1.0414,-1.0414,-1.0414,-0.4019,0.0000,-0.0000,0.0000,-0.3810,0.6604,0.6395,-64.8750,-6.9644,-7.1720
1324.99,-1.0392,-1.0392,-1.0392,-0.4001,0.0000,-0.0000,0.0000,-0.3862,0.6530,0.6390,-64.9959,-7.0208,-7.1101
1329.64,-1.0367,-1.0367,-1.0367,-0.3978,0.0000,-0.0000,0.0000,-0.3914,0.6454,0.6389,-65.1167,-7.0775,-7.0481
1334.31,-1.0340,-1.0340,-1.0340,-0.3949,0.0000,-0.0000,0.0000,-0.3965,0.6375,0.6391,-65.2377,-7.1345,-6.9861
1338.99,-1.0310,-1.0310,-1.0310,-0.3914,0.0000,-0.0000,0.0000,-0.4017,0.6293,0.6396,-65.3586,-7.1918,-6.9241
1343.69,-1.0277,-1.0277,-1.0277,-0.3874,0.0000,-0.0000,0.0000,-0.4069,0.6208,0.6404,-65.4795,-7.2493,-6.8620
1348.41,-1.0242,-1.0242,-1.0242,-0.3827,0.0000,-0.0000,0.0000,-0.4121,0.6121,0.6415,-65.6004,-7.3072,-6.8000
1353.14,-1.0203,-1.0203,-1.0203,-0.3774,0.0000,-0.0000,0.0000,-0.4173,0.6030,0.6429,-65.7213,-7.3654,-6.7379
1357.89,-1.0196,-1.0196,-1.0196,-0.3750,0.0000,-0.0000,0.0000,-0.4225,0.5971,0.6447,-65.8422,-7.4309,-6.6759
1362.65,-1.0243,-1.0243,-1.0243,-0.3776,0.0000,-0.0000,0.0000,-0.4277,0.5966,0.6467,-65.9632,-7.5088,-6.6138
1367.44,-1.0285,-1.0285,-1.0285,-0.3795,0.0000,-0.0000,0.0000,-0.4329,0.5956,0.6490,-66.0841,-7.5870,-6.5517
1372.24,-1.0323,-1.0323,-1.0323,-0.3807,0.0000,-0.0000,0.0000,-0.4380,0.5943,0.6516,-66.2051,-7.6655,-6.4897
1377.05,-1.0357,-1.0357,-1.0357,-0.3812,0.0000,-0.0000,0.0000,-0.4432,0.5925,0.6546,-66.3260,-7.7444,-6.4276
1381.88,-1.0388,-1.0388,-1.0388,-0.3810,0.0000,-0.0000,0.0000,-0.4484,0.5904,0.6578,-66.4470,-7.8236,-6.3655
1386.73,-1.0481,-1.0481,-1.0481,-0.3868,0.0000,-0.0000,0.0000,-0.4536,0.5945,0.6613,-66.5679,-7.9032,-6.3158
1391.60,-1.0666,-1.0666,-1.0666,-0.4017,0.0000,-0.0000,0.0000,-0.4588,0.6079,0.6649,-66.6889,-7.9831,-6.2835
1396.48,-1.0851,-1.0851,-1.0851,-0.4163,0.0000,-0.0000,0.0000,-0.4639,0.6211,0.6687,-66.8099,-8.0633,-6.2514
1401.38,-1.1034,-1.1034,-1.1034,-0.4308,0.0000,-0.0000,0.0000,-0.4691,0.6343,0.6727,-66.9308,-8.1438,-6.2194
1406.30,-1.1216,-1.1216,-1.1216,-0.4449,0.0000,-0.0000,0.0000,-0.4743,0.6473,0.6767,-67.0518,-8.2247,-6.1876
1411.24,-1.1397,-1.1397,-1.1397,-0.4588,0.0000,-0.0000,0.0000,-0.4795,0.6602,0.6808,-67.1728,-8.3059,-6.1560
1416.19,-1.1576,-1.1576,-1.1576,-0.4725,0.0000,-0.0000,0.0000,-0.4847,0.6730,0.6851,-67.2938,-8.3875,-6.1245
1421.16,-1.1755,-1.1755,-1.1755,-0.4860,0.0000,-0.0000,0.0000,-0.4898,0.6856,0.6895,-67.4148,-8.4693,-6.0933
1426.15,-1.1932,-1.1932,-1.1932,-0.4992,0.0000,-0.0000,0.0000,-0.4950,0.6982,0.6940,-67.5358,-8.5515,-6.0622
1431.15,-1.2108,-1.2108,-1.2108,-0.5122,0.0000,-0.0000,0.0000,-0.5002,0.7106,0.6986,-67.6568,-8.6340,-6.0314
1436.18,-1.2283,-1.2283,-1.2283,-0.5250,0.0000,-0.0000,0.0000,-0.5053,0.7230,0.7034,-67.7778,-8.7168,-6.0008
1441.22,-1.2459,-1.2459,-1.2459,-0.5377,0.0000,-0.0000,0.0000,-0.5105,0.7354,0.7082,-67.8988,-8.8002,-5.9704
1446.27,-1.2634,-1.2634,-1.2634,-0.5504,0.0000,-0.0000,0.0000,-0.5157,0.7477,0.7131,-68.0198,-8.8840,-5.9403
1451.35,-1.2809,-1.2809,-1.2809,-0.5629,0.0000,-0.0000,0.0000,-0.5209,0.7600,0.7179,-68.1408,-8.9681,-5.9105
1456.44,-1.2982,-1.2982,-1.2982,-0.5755,0.0000,-0.0000,0.0000,-0.5260,0.7722,0.7228,-68.2619,-9.0525,-5.8809
1461.55,-1.3155,-1.3155,-1.3155,-0.5879,0.0000,-0.0000,0.0000,-0.5312,0.7843,0.7277,-68.3829,-9.1372,-5.8517
1466.68,-1.3328,-1.3328,-1.3328,-0.6003,0.0000,-0.0000,0.0000,-0.5364,0.7964,0.7325,-68.5039,-9.2221,-5.8228
1471.83,-1.3375,-1.3375,-1.3375,-0.6002,0.0000,-0.0000,0.0000,-0.5415,0.7959,0.7372,-68.6250,-9.3074,-5.7732
1477.00,-1.3395,-1.3395,-1.3395,-0.5982,0.0000,-0.0000,0.0000,-0.5467,0.7928,0.7414,-68.7460,-9.3930,-5.7201
1482.18,-1.3413,-1.3413,-1.3413,-0.5964,0.0000,-0.0000,0.0000,-0.5519,0.7895,0.7449,-68.8671,-9.4789,-5.6672
1487.38,-1.3429,-1.3429,-1.3429,-0.5951,0.0000,-0.0000,0.0000,-0.5570,0.7859,0.7479,-68.9881,-9.5651,-5.6146
1492.60,-1.3443,-1.3443,-1.3443,-0.5941,0.0000,-0.0000,0.0000,-0.5622,0.7821,0.7502,-69.1092,-9.6516,-5.5623
1497.84,-1.3455,-1.3455,-1.3455,-0.5934,0.0000,-0.0000,0.0000,-0.5674,0.7781,0.7521,-69.2303,-9.7383,-5.5103
1503.10,-1.3464,-1.3464,-1.3464,-0.5932,0.0000,-0.0000,0.0000,-0.5725,0.7739,0.7533,-69.3513,-9.8253,-5.4588
1508.37,-1.3472,-1.3472,-1.3472,-0.5933,0.0000,-0.0000,0.0000,-0.5777,0.7695,0.7539,-69.4724,-9.9127,-5.4075
1513.66,-1.3478,-1.3478,-1.3478,-0.5939,0.0000,-0.0000,0.0000,-0.5828,0.7650,0.7540,-69.5935,-10.0003,-5.3567
1518.98,-1.3483,-1.3483,-1.3483,-0.5948,0.0000,-0.0000,0.0000,-0.5880,0.7603,0.7534,-69.7146,-10.0881,-5.3062
1524.31,-1.3503,-1.3503,-1.3503,-0.5980,0.0000,-0.0000,0.0000,-0.5932,0.7571,0.7523,-69.8356,-10.1811,-5.2562
1529.66,-1.3548,-1.3548,-1.3548,-0.6042,0.0000,-0.0000,0.0000,-0.5983,0.7565,0.7506,-69.9567,-10.2817,-5.2066
1535.02,-1.3591,-1.3591,-1.3591,-0.6109,0.0000,-0.0000,0.0000,-0.6035,0.7556,0.7482,-70.0778,-10.3826,-5.1574
1540.41,-1.3632,-1.3632,-1.3632,-0.6180,0.0000,-0.0000,0.0000,-0.6086,0.7546,0.7452,-70.1989,-10.4838,-5.1087
1545.82,-1.3671,-1.3671,-1.3671,-0.6256,0.0000,-0.0000,0.0000,-0.6138,0.7534,0.7415,-70.3200,-10.5853,-5.0605
1551.24,-1.3709,-1.3709,-1.3709,-0.6337,0.0000,-0.0000,0.0000,-0.6189,0.7520,0.7372,-70.4411,-10.6872,-5.0127
1556.69,-1.3735,-1.3735,-1.3735,-0.6412,0.0000,-0.0000,0.0000,-0.6241,0.7494,0.7323,-70.5622,-10.7893,-4.9638
1562.15,-1.3730,-1.3730,-1.3730,-0.6454,0.0000,-0.0000,0.0000,-0.6292,0.7438,0.7277,-70.6834,-10.8917,-4.9112
1567.63,-1.3724,-1.3724,-1.3724,-0.6488,0.0000,-0.0000,0.0000,-0.6344,0.7380,0.7236,-70.8045,-10.9945,-4.8591
1573.13,-1.3716,-1.3716,-1.3716,-0.6514,0.0000,-0.0000,0.0000,-0.6396,0.7320,0.7202,-70.9256,-11.0975,-4.8074
1578.65,-1.3706,-1.3706,-1.3706,-0.6533,0.0000,-0.0000,0.0000,-0.6447,0.7259,0.7174,-71.0467,-11.2008,-4.7563
1584.19,-1.3695,-1.3695,-1.3695,-0.6543,0.0000,-0.0000,0.0000,-0.6499,0.7197,0.7152,-71.1679,-11.3044,-4.7057
1589.75,-1.3683,-1.3683,-1.3683,-0.6546,0.0000,-0.0000,0.0000,-0.6550,0.7133,0.7137,-71.2890,-11.4084,-4.6556
1595.33,-1.3669,-1.3669,-1.3669,-0.6540,0.0000,-0.0000,0.0000,-0.6602,0.7068,0.7129,-71.4101,-11.5125,-4.6061
1600.93,-1.3654,-1.3654,-1.3654,-0.6526,0.0000,-0.0000,0.0000,-0.6653,0.7001,0.7128,-71.5313,-11.6170,-4.5572
1606.55,-1.3638,-1.3638,-1.3638,-0.6504,0.0000,-0.0000,0.0000,-0.6705,0.6934,0.7134,-71.6524,-11.7218,-4.5087
1612.19,-1.3621,-1.3621,-1.3621,-0.6474,0.0000,-0.0000,0.0000,-0.6756,0.6865,0.7147,-71.7736,-11.8268,-4.4609
1617.85,-1.3587,-1.3587,-1.3587,-0.6420,0.0000,-0.0000,0.0000,-0.6808,0.6779,0.7167,-71.8947,-11.9265,-4.4136
1623.52,-1.3550,-1.3550,-1.3550,-0.6359,0.0000,-0.0000,0.0000,-0.6859,0.6691,0.7191,-72.0159,-12.0258,-4.3669
1629.22,-1.3513,-1.3513,-1.3513,-0.6293,0.0000,-0.0000,0.0000,-0.6910,0.6603,0.7221,-72.1370,-12.1254,-4.3207
1634.94,-1.3476,-1.3476,-1.3476,-0.6221,0.0000,-0.0000,0.0000,-0.6962,0.6514,0.7255,-72.2582,-12.2252,-4.2751
1640.68,-1.3439,-1.3439,-1.3439,-0.6144,0.0000,-0.0000,0.0000,-0.7013,0.6425,0.7295,-72.3794,-12.3253,-4.2301
1646.43,-1.3401,-1.3401,-1.3401,-0.6061,0.0000,-0.0000,0.0000,-0.7065,0.6337,0.7341,-72.5006,-12.4256,-4.1857
1652.21,-1.3542,-1.3542,-1.3542,-0.6150,0.0000,-0.0000,0.0000,-0.7116,0.6426,0.7391,-72.6217,-12.5262,-4.1664
1658.01,-1.3760,-1.3760,-1.3760,-0.6316,0.0000,-0.0000,0.0000,-0.7168,0.6592,0.7444,-72.7429,-12.6270,-4.1583
1663.83,-1.3981,-1.3981,-1.3981,-0.6484,0.0000,-0.0000,0.0000,-0.7219,0.6762,0.7497,-72.8641,-12.7280,-4.1508
1669.67,-1.4206,-1.4206,-1.4206,-0.6653,0.0000,-0.0000,0.0000,-0.7271,0.6935,0.7552,-72.9853,-12.8293,-4.1440
1675.53,-1.4433,-1.4433,-1.4433,-0.6824,0.0000,-0.0000,0.0000,-0.7322,0.7111,0.7609,-73.1065,-12.9308,-4.1379
1681.41,-1.4664,-1.4664,-1.4664,-0.6996,0.0000,-0.0000,0.0000,-0.7373,0.7290,0.7668,-73.2277,-13.0326,-4.1325
1687.31,-1.4897,-1.4897,-1.4897,-0.7169,0.0000,-0.0000,0.0000,-0.7425,0.7473,0.7729,-73.3489,-13.1345,-4.1278
1693.23,-1.5134,-1.5134,-1.5134,-0.7343,0.0000,-0.0000,0.0000,-0.7476,0.7658,0.7791,-73.4701,-13.2367,-4.1237
1699.17,-1.5374,-1.5374,-1.5374,-0.7518,0.0000,-0.0000,0.0000,-0.7528,0.7847,0.7856,-73.5913,-13.3392,-4.1204
1705.14,-1.5617,-1.5617,-1.5617,-0.7694,0.0000,-0.0000,0.0000,-0.7579,0.8038,0.7923,-73.7125,-13.4418,-4.1178
1711.12,-1.5845,-1.5845,-1.5845,-0.7853,0.0000,-0.0000,0.0000,-0.7630,0.8215,0.7992,-73.8337,-13.5373,-4.1158
1717.13,-1.6050,-1.6050,-1.6050,-0.7985,0.0000,-0.0000,0.0000,-0.7682,0.8369,0.8065,-73.9549,-13.6226,-4.1145
1723.15,-1.6259,-1.6259,-1.6259,-0.8118,0.0000,-0.0000,0.0000,-0.7733,0.8526,0.8142,-74.0761,-13.7081,-4.1138
1729.20,-1.6472,-1.6472,-1.6472,-0.8250,0.0000,-0.0000,0.0000,-0.7784,0.8688,0.8222,-74.1974,-13.7938,-4.1139
1735.27,-1.6689,-1.6689,-1.6689,-0.8382,0.0000,-0.0000,0.0000,-0.7836,0.8853,0.8306,-74.3186,-13.8796,-4.1145
1741.36,-1.6909,-1.6909,-1.6909,-0.8514,0.0000,-0.0000,0.0000,-0.7887,0.9022,0.8395,-74.4398,-13.9656,-4.1159
1747.47,-1.7108,-1.7108,-1.7108,-0.8621,0.0000,-0.0000,0.0000,-0.7938,0.9170,0.8487,-74.5610,-14.0517,-4.1145
1753.60,-1.7148,-1.7148,-1.7148,-0.8569,0.0000,-0.0000,0.0000,-0.7990,0.9159,0.8579,-74.6823,-14.1380,-4.0925
1759.75,-1.7191,-1.7191,-1.7191,-0.8520,0.0000,-0.0000,0.0000,-0.8041,0.9150,0.8671,-74.8035,-14.2243,-4.0710
1765.93,-1.7235,-1.7235,-1.7235,-0.8474,0.0000,-0.0000,0.0000,-0.8092,0.9143,0.8761,-74.9248,-14.3109,-4.0501
1772.13,-1.7281,-1.7281,-1.7281,-0.8430,0.0000,-0.0000,0.0000,-0.8144,0.9138,0.8851,-75.0460,-14.3976,-4.0296
1778.35,-1.7330,-1.7330,-1.7330,-0.8390,0.0000,-0.0000,0.0000,-0.8195,0.9134,0.8939,-75.1672,-14.4844,-4.0097
1784.59,-1.7380,-1.7380,-1.7380,-0.8353,0.0000,-0.0000,0.0000,-0.8246,0.9133,0.9027,-75.2885,-14.5713,-3.9903
1790.85,-1.7432,-1.7432,-1.7432,-0.8319,0.0000,-0.0000,0.0000,-0.8298,0.9134,0.9113,-75.4098,-14.6584,-3.9715
1797.14,-1.7486,-1.7486,-1.7486,-0.8288,0.0000,-0.0000,0.0000,-0.8349,0.9137,0.9198,-75.5310,-14.7455,-3.9531
1803.44,-1.7542,-1.7542,-1.7542,-0.8260,0.0000,-0.0000,0.0000,-0.8400,0.9141,0.9282,-75.6523,-14.8329,-3.9352
1809.77,-1.7599,-1.7599,-1.7599,-0.8235,0.0000,-0.0000,0.0000,-0.8452,0.9148,0.9364,-75.7735,-14.9203,-3.9177
1816.12,-1.7685,-1.7685,-1.7685,-0.8238,0.0000,-0.0000,0.0000,-0.8503,0.9182,0.9446,-75.8948,-15.0199,-3.9008
1822.50,-1.7773,-1.7773,-1.7773,-0.8245,0.0000,-0.0000,0.0000,-0.8554,0.9219,0.9528,-76.0161,-15.1204,-3.8843
1828.89,-1.7863,-1.7863,-1.7863,-0.8253,0.0000,-0.0000,0.0000,-0.8605,0.9258,0.9610,-76.1373,-15.2212,-3.8683
1835.31,-1.7955,-1.7955,-1.7955,-0.8263,0.0000,-0.0000,0.0000,-0.8657,0.9298,0.9692,-76.2586,-15.3221,-3.8527
1841.75,-1.8047,-1.8047,-1.8047,-0.8274,0.0000,-0.0000,0.0000,-0.8708,0.9339,0.9773,-76.3799,-15.4231,-3.8376
1848.22,-1.8141,-1.8141,-1.8141,-0.8286,0.0000,-0.0000,0.0000,-0.8759,0.9381,0.9854,-76.5012,-15.5243,-3.8229
1854.70,-1.8286,-1.8286,-1.8286,-0.8351,0.0000,-0.0000,0.0000,-0.8810,0.9476,0.9936,-76.6225,-15.6257,-3.8150
1861.21,-1.8473,-1.8473,-1.8473,-0.8457,0.0000,-0.0000,0.0000,-0.8862,0.9612,1.0016,-76.7438,-15.7272,-3.8126
1867.74,-1.8662,-1.8662,-1.8662,-0.8567,0.0000,-0.0000,0.0000,-0.8913,0.9750,1.0096,-76.8651,-15.8289,-3.8106
1874.30,-1.8853,-1.8853,-1.8853,-0.8679,0.0000,-0.0000,0.0000,-0.8964,0.9889,1.0174,-76.9863,-15.9307,-3.8090
1880.87,-1.9046,-1.9046,-1.9046,-0.8795,0.0000,-0.0000,0.0000,-0.9015,1.0031,1.0251,-77.1076,-16.0327,-3.8079
1887.48,-1.9240,-1.9240,-1.9240,-0.8913,0.0000,-0.0000,0.0000,-0.9067,1.0174,1.0327,-77.2289,-16.1348,-3.8072
1894.10,-1.9436,-1.9436,-1.9436,-0.9035,0.0000,-0.0000,0.0000,-0.9118,1.0319,1.0401,-77.3502,-16.2370,-3.8069
1900.75,-1.9634,-1.9634,-1.9634,-0.9160,0.0000,-0.0000,0.0000,-0.9169,1.0465,1.0474,-77.4715,-16.3394,-3.8071
1907.42,-1.9834,-1.9834,-1.9834,-0.9288,0.0000,-0.0000,0.0000,-0.9220,1.0614,1.0546,-77.5929,-16.4419,-3.8076
1914.11,-2.0035,-2.0035,-2.0035,-0.9420,0.0000,-0.0000,0.0000,-0.9271,1.0764,1.0616,-77.7142,-16.5446,-3.8085
1920.83,-2.0238,-2.0238,-2.0238,-0.9554,0.0000,-0.0000,0.0000,-0.9323,1.0916,1.0684,-77.8355,-16.6475,-3.8099
1927.57,-2.0443,-2.0443,-2.0443,-0.9694,0.0000,-0.0000,0.0000,-0.9374,1.1069,1.0750,-77.9568,-16.7508,-3.8116
1934.33,-2.0650,-2.0650,-2.0650,-0.9837,0.0000,-0.0000,0.0000,-0.9425,1.1225,1.0813,-78.0781,-16.8542,-3.8137
1941.12,-2.0858,-2.0858,-2.0858,-0.9983,0.0000,-0.0000,0.0000,-0.9476,1.1382,1.0875,-78.1994,-16.9578,-3.8162
1947.93,-2.1068,-2.1068,-2.1068,-1.0134,0.0000,-0.0000,0.0000,-0.9527,1.1540,1.0933,-78.3208,-17.0614,-3.8190
1954.77,-2.1279,-2.1279,-2.1279,-1.0289,0.0000,-0.0000,0.0000,-0.9579,1.1700,1.0990,-78.4421,-17.1652,-3.8222
1961.63,-2.1491,-2.1491,-2.1491,-1.0448,0.0000,-0.0000,0.0000,-0.9630,1.1861,1.1043,-78.5634,-17.2692,-3.8257
1968.52,-2.1499,-2.1499,-2.1499,-1.0405,0.0000,-0.0000,0.0000,-0.9681,1.1818,1.1094,-78.6848,-17.3732,-3.8046
1975.42,-2.1505,-2.1505,-2.1505,-1.0364,0.0000,-0.0000,0.0000,-0.9732,1.1773,1.1141,-78.8061,-17.4774,-3.7836
1982.36,-2.1510,-2.1510,-2.1510,-1.0327,0.0000,-0.0000,0.0000,-0.9783,1.1727,1.1184,-78.9274,-17.5817,-3.7629
1989.31,-2.1516,-2.1516,-2.1516,-1.0292,0.0000,-0.0000,0.0000,-0.9834,1.1681,1.1224,-79.0488,-17.6861,-3.7424
1996.29,-2.1521,-2.1521,-2.1521,-1.0261,0.0000,-0.0000,0.0000,-0.9886,1.1635,1.1259,-79.1701,-17.7906,-3.7222
2003.30,-2.1525,-2.1525,-2.1525,-1.0234,0.0000,-0.0000,0.0000,-0.9937,1.1589,1.1292,-79.2915,-17.8952,-3.7021
2010.33,-2.1530,-2.1530,-2.1530,-1.0210,0.0000,-0.0000,0.0000,-0.9988,1.1542,1.1320,-79.4128,-18.0000,-3.6823
2017.39,-2.1533,-2.1533,-2.1533,-1.0189,0.0000,-0.0000,0.0000,-1.0039,1.1494,1.1344,-79.5342,-18.1048,-3.6627
2024.47,-2.1537,-2.1537,-2.1537,-1.0172,0.0000,-0.0000,0.0000,-1.0090,1.1447,1.1365,-79.6555,-18.2098,-3.6433
2031.57,-2.1540,-2.1540,-2.1540,-1.0159,0.0000,-0.0000,0.0000,-1.0141,1.1398,1.1381,-79.7769,-18.3149,-3.6242
2038.70,-2.1552,-2.1552,-2.1552,-1.0158,0.0000,-0.0000,0.0000,-1.0192,1.1359,1.1394,-79.8982,-18.4261,-3.6052
2045.85,-2.1563,-2.1563,-2.1563,-1.0160,0.0000,-0.0000,0.0000,-1.0244,1.1319,1.1403,-80.0196,-18.5377,-3.5864
2053.03,-2.1574,-2.1574,-2.1574,-1.0165,0.0000,-0.0000,0.0000,-1.0295,1.1279,1.1409,-80.1409,-18.6494,-3.5678
2060.24,-2.1584,-2.1584,-2.1584,-1.0173,0.0000,-0.0000,0.0000,-1.0346,1.1238,1.1411,-80.2623,-18.7612,-3.5495
2067.47,-2.1593,-2.1593,-2.1593,-1.0184,0.0000,-0.0000,0.0000,-1.0397,1.1196,1.1409,-80.3837,-18.8731,-3.5312
2074.73,-2.1602,-2.1602,-2.1602,-1.0198,0.0000,-0.0000,0.0000,-1.0448,1.1154,1.1404,-80.5050,-18.9852,-3.5132
2082.01,-2.1637,-2.1637,-2.1637,-1.0242,0.0000,-0.0000,0.0000,-1.0499,1.1137,1.1394,-80.6264,-19.0974,-3.4985
2089.31,-2.1708,-2.1708,-2.1708,-1.0328,0.0000,-0.0000,0.0000,-1.0550,1.1157,1.1379,-80.7478,-19.2097,-3.4883
2096.65,-2.1779,-2.1779,-2.1779,-1.0422,0.0000,-0.0000,0.0000,-1.0601,1.1177,1.1357,-80.8692,-19.3221,-3.4782
2104.00,-2.1849,-2.1849,-2.1849,-1.0522,0.0000,-0.0000,0.0000,-1.0652,1.1197,1.1327,-80.9906,-19.4346,-3.4684
2111.39,-2.1919,-2.1919,-2.1919,-1.0629,0.0000,-0.0000,0.0000,-1.0704,1.1216,1.1291,-81.1119,-19.5473,-3.4587
2118.80,-2.1989,-2.1989,-2.1989,-1.0743,0.0000,-0.0000,0.0000,-1.0755,1.1235,1.1246,-81.2333,-19.6601,-3.4492
2126.23,-2.2059,-2.2059,-2.2059,-1.0864,0.0000,-0.0000,0.0000,-1.0806,1.1253,1.1194,-81.3547,-19.7729,-3.4399
2133.69,-2.2128,-2.2128,-2.2128,-1.0993,0.0000,-0.0000,0.0000,-1.0857,1.1271,1.1135,-81.4761,-19.8859,-3.4307
2141.18,-2.2197,-2.2197,-2.2197,-1.1129,0.0000,-0.0000,0.0000,-1.0908,1.1289,1.1068,-81.5975,-19.9990,-3.4217
2148.70,-2.2266,-2.2266,-2.2266,-1.1273,0.0000,-0.0000,0.0000,-1.0959,1.1307,1.0993,-81.7189,-20.1122,-3.4129
2156.24,-2.2344,-2.2344,-2.2344,-1.1434,0.0000,-0.0000,0.0000,-1.1010,1.1334,1.0910,-81.8403,-20.2339,-3.4043
2163.80,-2.2434,-2.2434,-2.2434,-1.1615,0.0000,-0.0000,0.0000,-1.1061,1.1373,1.0819,-81.9617,-20.3650,-3.3958
2171.40,-2.2523,-2.2523,-2.2523,-1.1803,0.0000,-0.0000,0.0000,-1.1112,1.1411,1.0720,-82.0831,-20.4963,-3.3874
2179.02,-2.2611,-2.2611,-2.2611,-1.1999,0.0000,-0.0000,0.0000,-1.1163,1.1448,1.0612,-82.2045,-20.6278,-3.3792
2186.67,-2.2698,-2.2698,-2.2698,-1.2202,0.0000,-0.0000,0.0000,-1.1214,1.1484,1.0496,-82.3259,-20.7595,-3.3712
2194.34,-2.2785,-2.2785,-2.2785,-1.2413,0.0000,-0.0000,0.0000,-1.1265,1.1519,1.0371,-82.4473,-20.8913,-3.3633
2202.04,-2.2870,-2.2870,-2.2870,-1.2632,0.0000,-0.0000,0.0000,-1.1316,1.1554,1.0238,-82.5687,-21.0233,-3.3556
2209.77,-2.2687,-2.2687,-2.2687,-1.2591,0.0000,-0.0000,0.0000,-1.1367,1.1320,1.0096,-82.6901,-21.1554,-3.3178
2217.52,-2.2456,-2.2456,-2.2456,-1.2509,0.0000,-0.0000,0.0000,-1.1418,1.1038,0.9947,-82.8115,-21.2877,-3.2750
2225.31,-2.2222,-2.2222,-2.2222,-1.2431,0.0000,-0.0000,0.0000,-1.1470,1.0753,0.9792,-82.9329,-21.4202,-3.2321
2233.12,-2.1985,-2.1985,-2.1985,-1.2356,0.0000,-0.0000,0.0000,-1.1521,1.0464,0.9629,-83.0543,-21.5528,-3.1893
2240.95,-2.1744,-2.1744,-2.1744,-1.2286,0.0000,-0.0000,0.0000,-1.1572,1.0173,0.9459,-83.1758,-21.6856,-3.1465
2248.82,-2.1501,-2.1501,-2.1501,-1.2219,0.0000,-0.0000,0.0000,-1.1623,0.9878,0.9281,-83.2972,-21.8185,-3.1037
2256.71,-2.1254,-2.1254,-2.1254,-1.2157,0.0000,-0.0000,0.0000,-1.1674,0.9580,0.9097,-83.4186,-21.9516,-3.0609
2264.63,-2.1004,-2.1004,-2.1004,-1.2099,0.0000,-0.0000,0.0000,-1.1725,0.9279,0.8905,-83.5400,-22.0848,-3.0181
2272.58,-2.0750,-2.0750,-2.0750,-1.2045,0.0000,-0.0000,0.0000,-1.1776,0.8975,0.8706,-83.6615,-22.2182,-2.9752
2280.55,-2.0494,-2.0494,-2.0494,-1.1995,0.0000,-0.0000,0.0000,-1.1827,0.8668,0.8499,-83.7829,-22.3518,-2.9324
2288.56,-2.0234,-2.0234,-2.0234,-1.1949,0.0000,-0.0000,0.0000,-1.1878,0.8356,0.8285,-83.9043,-22.4845,-2.8896
2296.59,-1.9970,-1.9970,-1.9970,-1.1908,0.0000,-0.0000,0.0000,-1.1929,0.8042,0.8063,-84.0258,-22.6173,-2.8467
2304.65,-1.9704,-1.9704,-1.9704,-1.1871,0.0000,-0.0000,0.0000,-1.1980,0.7724,0.7833,-84.1472,-22.7502,-2.8038
2312.73,-1.9435,-1.9435,-1.9435,-1.1840,0.0000,-0.0000,0.0000,-1.2031,0.7404,0.7595,-84.2686,-22.8833,-2.7609
2320.85,-1.9162,-1.9162,-1.9162,-1.1813,0.0000,-0.0000,0.0000,-1.2082,0.7080,0.7349,-84.3901,-23.0165,-2.7180
2329.00,-1.8887,-1.8887,-1.8887,-1.1792,0.0000,-0.0000,0.0000,-1.2133,0.6754,0.7095,-84.5115,-23.1499,-2.6751
2337.17,-1.8643,-1.8643,-1.8643,-1.1810,0.0000,-0.0000,0.0000,-1.2184,0.6459,0.6833,-84.6329,-23.2834,-2.6358
2345.37,-1.8483,-1.8483,-1.8483,-1.1906,0.0000,-0.0000,0.0000,-1.2235,0.6248,0.6577,-84.7544,-23.4171,-2.6061
2353.60,-1.8321,-1.8321,-1.8321,-1.1989,0.0000,-0.0000,0.0000,-1.2286,0.6035,0.6332,-84.8758,-23.5509,-2.5763
2361.86,-1.8157,-1.8157,-1.8157,-1.2060,0.0000,-0.0000,0.0000,-1.2337,0.5820,0.6096,-84.9973,-23.6849,-2.5466
2370.15,-1.7991,-1.7991,-1.7991,-1.2119,0.0000,-0.0000,0.0000,-1.2388,0.5603,0.5872,-85.1187,-23.8190,-2.5169
2378.47,-1.7822,-1.7822,-1.7822,-1.2165,0.0000,-0.0000,0.0000,-1.2439,0.5384,0.5657,-85.2402,-23.9532,-2.4872
2386.82,-1.7652,-1.7652,-1.7652,-1.2199,0.0000,-0.0000,0.0000,-1.2490,0.5163,0.5453,-85.3616,-24.0876,-2.4575
2395.19,-1.7480,-1.7480,-1.7480,-1.2220,0.0000,-0.0000,0.0000,-1.2541,0.4939,0.5260,-85.4831,-24.2221,-2.4278
2403.60,-1.7305,-1.7305,-1.7305,-1.2229,0.0000,-0.0000,0.0000,-1.2591,0.4714,0.5077,-85.6046,-24.3567,-2.3981
2412.03,-1.7129,-1.7129,-1.7129,-1.2224,0.0000,-0.0000,0.0000,-1.2642,0.4487,0.4905,-85.7260,-24.4915,-2.3684
2420.50,-1.6957,-1.6957,-1.6957,-1.2213,0.0000,-0.0000,0.0000,-1.2693,0.4263,0.4744,-85.8475,-24.6347,-2.3387
2428.99,-1.6788,-1.6788,-1.6788,-1.2195,0.0000,-0.0000,0.0000,-1.2744,0.4043,0.4593,-85.9689,-24.7864,-2.3090
2437.52,-1.6617,-1.6617,-1.6617,-1.2163,0.0000,-0.0000,0.0000,-1.2795,0.3821,0.4454,-86.0904,-24.9383,-2.2793
2446.07,-1.6443,-1.6443,-1.6443,-1.2118,0.0000,-0.0000,0.0000,-1.2846,0.3597,0.4325,-86.2119,-25.0905,-2.2496
2454.66,-1.6267,-1.6267,-1.6267,-1.2060,0.0000,-0.0000,0.0000,-1.2897,0.3370,0.4207,-86.3333,-25.2428,-2.2198
2463.27,-1.6089,-1.6089,-1.6089,-1.1989,0.0000,-0.0000,0.0000,-1.2948,0.3141,0.4100,-86.4548,-25.3953,-2.1901
2471.91,-1.5909,-1.5909,-1.5909,-1.1904,0.0000,-0.0000,0.0000,-1.2999,0.2910,0.4004,-86.5763,-25.5480,-2.1604
2480.59,-1.5932,-1.5932,-1.5932,-1.2014,0.0000,-0.0000,0.0000,-1.3050,0.2882,0.3919,-86.6977,-25.7009,-2.1526
2489.30,-1.6037,-1.6037,-1.6037,-1.2198,0.0000,-0.0000,0.0000,-1.3101,0.2936,0.3839,-86.8192,-25.8540,-2.1537
2498.03,-1.6141,-1.6141,-1.6141,-1.2377,0.0000,-0.0000,0.0000,-1.3152,0.2989,0.3764,-86.9407,-26.0073,-2.1549
2506.80,-1.6245,-1.6245,-1.6245,-1.2549,0.0000,-0.0000,0.0000,-1.3203,0.3042,0.3696,-87.0622,-26.1608,-2.1561
2515.60,-1.6348,-1.6348,-1.6348,-1.2714,0.0000,-0.0000,0.0000,-1.3254,0.3094,0.3634,-87.1837,-26.3144,-2.1575
2524.42,-1.6451,-1.6451,-1.6451,-1.2873,0.0000,-0.0000,0.0000,-1.3305,0.3146,0.3578,-87.3051,-26.4683,-2.1589
2533.28,-1.6553,-1.6553,-1.6553,-1.3025,0.0000,-0.0000,0.0000,-1.3356,0.3197,0.3528,-87.4266,-26.6223,-2.1605
2542.17,-1.6655,-1.6655,-1.6655,-1.3171,0.0000,-0.0000,0.0000,-1.3407,0.3248,0.3484,-87.5481,-26.7766,-2.1621
2551.09,-1.6756,-1.6756,-1.6756,-1.3310,0.0000,-0.0000,0.0000,-1.3457,0.3298,0.3446,-87.6696,-26.9310,-2.1638
2560.05,-1.6857,-1.6857,-1.6857,-1.3443,0.0000,-0.0000,0.0000,-1.3508,0.3348,0.3414,-87.7911,-27.0855,-2.1656
2569.03,-1.6949,-1.6949,-1.6949,-1.3561,0.0000,-0.0000,0.0000,-1.3559,0.3390,0.3388,-87.9126,-27.2264,-2.1674
2578.05,-1.7042,-1.7042,-1.7042,-1.3674,0.0000,-0.0000,0.0000,-1.3610,0.3432,0.3368,-88.0341,-27.3675,-2.1694
2587.10,-1.7135,-1.7135,-1.7135,-1.3780,0.0000,-0.0000,0.0000,-1.3661,0.3473,0.3354,-88.1555,-27.5086,-2.1714
2596.17,-1.7227,-1.7227,-1.7227,-1.3880,0.0000,-0.0000,0.0000,-1.3712,0.3515,0.3346,-88.2770,-27.6499,-2.1736
2605.29,-1.7319,-1.7319,-1.7319,-1.3974,0.0000,-0.0000,0.0000,-1.3763,0.3556,0.3344,-88.3985,-27.7914,-2.1758
2614.43,-1.7410,-1.7410,-1.7410,-1.4062,0.0000,-0.0000,0.0000,-1.3814,0.3596,0.3349,-88.5200,-27.9330,-2.1780
2623.60,-1.7493,-1.7493,-1.7493,-1.4134,0.0000,-0.0000,0.0000,-1.3865,0.3628,0.3359,-88.6415,-28.0747,-2.1795
2632.81,-1.7525,-1.7525,-1.7525,-1.4158,0.0000,-0.0000,0.0000,-1.3916,0.3609,0.3367,-88.7630,-28.2165,-2.1757
2642.05,-1.7556,-1.7556,-1.7556,-1.4187,0.0000,-0.0000,0.0000,-1.3967,0.3590,0.3369,-88.8845,-28.3585,-2.1720
2651.32,-1.7587,-1.7587,-1.7587,-1.4222,0.0000,-0.0000,0.0000,-1.4017,0.3570,0.3366,-89.0060,-28.5007,-2.1683
2660.63,-1.7618,-1.7618,-1.7618,-1.4262,0.0000,-0.0000,0.0000,-1.4068,0.3549,0.3356,-89.1275,-28.6429,-2.1647
2669.96,-1.7648,-1.7648,-1.7648,-1.4307,0.0000,-0.0000,0.0000,-1.4119,0.3528,0.3341,-89.2490,-28.7853,-2.1611
2679.33,-1.7677,-1.7677,-1.7677,-1.4358,0.0000,-0.0000,0.0000,-1.4170,0.3507,0.3319,-89.3706,-28.9279,-2.1576
2688.74,-1.7706,-1.7706,-1.7706,-1.4415,0.0000,-0.0000,0.0000,-1.4221,0.3485,0.3291,-89.4921,-29.0706,-2.1541
2698.17,-1.7734,-1.7734,-1.7734,-1.4477,0.0000,-0.0000,0.0000,-1.4272,0.3463,0.3258,-89.6136,-29.2134,-2.1507
2707.64,-1.7762,-1.7762,-1.7762,-1.4544,0.0000,-0.0000,0.0000,-1.4323,0.3440,0.3218,-89.7351,-29.3563,-2.1473
2717.14,-1.7788,-1.7788,-1.7788,-1.4616,0.0000,-0.0000,0.0000,-1.4374,0.3415,0.3172,-89.8566,-29.4956,-2.1440
2726.68,-1.7812,-1.7812,-1.7812,-1.4692,0.0000,-0.0000,0.0000,-1.4424,0.3388,0.3120,-89.9781,-29.6315,-2.1407
2736.25,-1.7836,-1.7836,-1.7836,-1.4773,0.0000,-0.0000,0.0000,-1.4475,0.3361,0.3063,-90.0996,-29.7675,-2.1375
2745.85,-1.7860,-1.7860,-1.7860,-1.4861,0.0000,-0.0000,0.0000,-1.4526,0.3333,0.2999,-90.2211,-29.9036,-2.1343
2755.49,-1.7883,-1.7883,-1.7883,-1.4953,0.0000,-0.0000,0.0000,-1.4577,0.3306,0.2929,-90.3427,-30.0398,-2.1312
2765.16,-1.7905,-1.7905,-1.7905,-1.5052,0.0000,-0.0000,0.0000,-1.4628,0.3277,0.2853,-90.4642,-30.1762,-2.1281
2774.86,-1.7927,-1.7927,-1.7927,-1.5156,0.0000,-0.0000,0.0000,-1.4679,0.3249,0.2771,-90.5857,-30.3126,-2.1250
2784.60,-1.7884,-1.7884,-1.7884,-1.5201,0.0000,-0.0000,0.0000,-1.4730,0.3155,0.2684,-90.7072,-30.4491,-2.1153
2794.37,-1.7793,-1.7793,-1.7793,-1.5194,0.0000,-0.0000,0.0000,-1.4780,0.3012,0.2599,-90.8288,-30.5858,-2.1006
2804.18,-1.7700,-1.7700,-1.7700,-1.5183,0.0000,-0.0000,0.0000,-1.4831,0.2868,0.2517,-90.9503,-30.7225,-2.0858
2814.02,-1.7606,-1.7606,-1.7606,-1.5169,0.0000,-0.0000,0.0000,-1.4882,0.2724,0.2437,-91.0718,-30.8594,-2.0711
2823.90,-1.7512,-1.7512,-1.7512,-1.5151,0.0000,-0.0000,0.0000,-1.4933,0.2579,0.2361,-91.1933,-30.9963,-2.0564
2833.81,-1.7416,-1.7416,-1.7416,-1.5129,0.0000,-0.0000,0.0000,-1.4984,0.2433,0.2288,-91.3149,-31.1334,-2.0417
2843.75,-1.7320,-1.7320,-1.7320,-1.5103,0.0000,-0.0000,0.0000,-1.5035,0.2286,0.2217,-91.4364,-31.2705,-2.0269
2853.73,-1.7223,-1.7223,-1.7223,-1.5073,0.0000,-0.0000,0.0000,-1.5086,0.2138,0.2150,-91.5579,-31.4078,-2.0122
2863.75,-1.7125,-1.7125,-1.7125,-1.5040,0.0000,-0.0000,0.0000,-1.5136,0.1989,0.2086,-91.6795,-31.5452,-1.9975
2873.80,-1.7027,-1.7027,-1.7027,-1.5002,0.0000,-0.0000,0.0000,-1.5187,0.1839,0.2024,-91.8010,-31.6821,-1.9827
2883.88,-1.6921,-1.6921,-1.6921,-1.4955,0.0000,-0.0000,0.0000,-1.5238,0.1683,0.1966,-91.9225,-31.8009,-1.9680
2894.00,-1.6815,-1.6815,-1.6815,-1.4905,0.0000,-0.0000,0.0000,-1.5289,0.1526,0.1911,-92.0441,-31.9198,-1.9532
2904.16,-1.6708,-1.6708,-1.6708,-1.4850,0.0000,-0.0000,0.0000,-1.5340,0.1369,0.1858,-92.1656,-32.0387,-1.9385
2914.35,-1.6601,-1.6601,-1.6601,-1.4792,0.0000,-0.0000,0.0000,-1.5391,0.1210,0.1809,-92.2871,-32.1576,-1.9237
2924.58,-1.6493,-1.6493,-1.6493,-1.4730,0.0000,-0.0000,0.0000,-1.5441,0.1052,0.1763,-92.4087,-32.2766,-1.9089
2934.84,-1.6384,-1.6384,-1.6384,-1.4664,0.0000,-0.0000,0.0000,-1.5492,0.0892,0.1720,-92.5302,-32.3956,-1.8942
2945.14,-1.6276,-1.6276,-1.6276,-1.4596,0.0000,-0.0000,0.0000,-1.5543,0.0733,0.1681,-92.6518,-32.5146,-1.8795
2955.48,-1.6401,-1.6401,-1.6401,-1.4757,0.0000,-0.0000,0.0000,-1.5594,0.0808,0.1644,-92.7733,-32.6337,-1.8889
2965.85,-1.6527,-1.6527,-1.6527,-1.4916,0.0000,-0.0000,0.0000,-1.5645,0.0882,0.1611,-92.8949,-32.7528,-1.8984
2976.26,-1.6653,-1.6653,-1.6653,-1.5072,0.0000,-0.0000,0.0000,-1.5696,0.0957,0.1581,-93.0164,-32.8719,-1.9079
2986.70,-1.6779,-1.6779,-1.6779,-1.5225,0.0000,-0.0000,0.0000,-1.5746,0.1032,0.1554,-93.1379,-32.9911,-1.9175
2997.19,-1.6905,-1.6905,-1.6905,-1.5376,0.0000,-0.0000,0.0000,-1.5797,0.1108,0.1529,-93.2595,-33.1103,-1.9272
3007.70,-1.7032,-1.7032,-1.7032,-1.5524,0.0000,-0.0000,0.0000,-1.5848,0.1184,0.1508,-93.3810,-33.2295,-1.9370
3018.26,-1.7159,-1.7159,-1.7159,-1.5669,0.0000,-0.0000,0.0000,-1.5899,0.1261,0.1490,-93.5026,-33.3488,-1.9468
3028.85,-1.7287,-1.7287,-1.7287,-1.5812,0.0000,-0.0000,0.0000,-1.5950,0.1337,0.1475,-93.6242,-33.4681,-1.9567
3039.48,-1.7415,-1.7415,-1.7415,-1.5952,0.0000,-0.0000,0.0000,-1.6000,0.1414,0.1463,-93.7457,-33.5874,-1.9667
3050.15,-1.7541,-1.7541,-1.7541,-1.6086,0.0000,-0.0000,0.0000,-1.6051,0.1489,0.1455,-93.8673,-33.6972,-1.9767
3060.85,-1.7665,-1.7665,-1.7665,-1.6216,0.0000,-0.0000,0.0000,-1.6102,0.1563,0.1449,-93.9888,-33.7988,-1.9868
3071.59,-1.7790,-1.7790,-1.7790,-1.6343,0.0000,-0.0000,0.0000,-1.6153,0.1637,0.1447,-94.1104,-33.9004,-1.9970
3082.37,-1.7915,-1.7915,-1.7915,-1.6467,0.0000,-0.0000,0.0000,-1.6204,0.1711,0.1448,-94.2319,-34.0020,-2.0073
3093.19,-1.8040,-1.8040,-1.8040,-1.6589,0.0000,-0.0000,0.0000,-1.6254,0.1786,0.1452,-94.3535,-34.1036,-2.0176
3104.05,-1.8167,-1.8167,-1.8167,-1.6707,0.0000,-0.0000,0.0000,-1.6305,0.1861,0.1459,-94.4750,-34.2051,-2.0280
3114.94,-1.8293,-1.8293,-1.8293,-1.6823,0.0000,-0.0000,0.0000,-1.6356,0.1937,0.1470,-94.5966,-34.3066,-2.0385
3125.87,-1.8367,-1.8367,-1.8367,-1.6883,0.0000,-0.0000,0.0000,-1.6407,0.1960,0.1484,-94.7182,-34.4080,-2.0436
3136.84,-1.8373,-1.8373,-1.8373,-1.6879,0.0000,-0.0000,0.0000,-1.6458,0.1915,0.1494,-94.8397,-34.5094,-2.0418
3147.85,-1.8378,-1.8378,-1.8378,-1.6878,0.0000,-0.0000,0.0000,-1.6508,0.1870,0.1501,-94.9613,-34.6108,-2.0400
3158.90,-1.8384,-1.8384,-1.8384,-1.6881,0.0000,-0.0000,0.0000,-1.6559,0.1825,0.1503,-95.0829,-34.7121,-2.0382
3169.98,-1.8390,-1.8390,-1.8390,-1.6888,0.0000,-0.0000,0.0000,-1.6610,0.1780,0.1502,-95.2044,-34.8134,-2.0364
3181.11,-1.8395,-1.8395,-1.8395,-1.6898,0.0000,-0.0000,0.0000,-1.6661,0.1734,0.1497,-95.3260,-34.9147,-2.0347
3192.27,-1.8401,-1.8401,-1.8401,-1.6913,0.0000,-0.0000,0.0000,-1.6712,0.1689,0.1488,-95.4476,-35.0159,-2.0329
3203.47,-1.8406,-1.8406,-1.8406,-1.6931,0.0000,-0.0000,0.0000,-1.6762,0.1644,0.1475,-95.5691,-35.1171,-2.0312
3214.72,-1.8412,-1.8412,-1.8412,-1.6953,0.0000,-0.0000,0.0000,-1.6813,0.1599,0.1458,-95.6907,-35.2182,-2.0296
3226.00,-1.8417,-1.8417,-1.8417,-1.6979,0.0000,-0.0000,0.0000,-1.6864,0.1553,0.1438,-95.8123,-35.3178,-2.0279
3237.32,-1.8416,-1.8416,-1.8416,-1.7002,0.0000,-0.0000,0.0000,-1.6915,0.1501,0.1414,-95.9339,-35.3904,-2.0263
3248.68,-1.8416,-1.8416,-1.8416,-1.7030,0.0000,-0.0000,0.0000,-1.6965,0.1450,0.1386,-96.0554,-35.4629,-2.0247
3260.08,-1.8415,-1.8415,-1.8415,-1.7061,0.0000,-0.0000,0.0000,-1.7016,0.1399,0.1354,-96.1770,-35.5352,-2.0231
3271.52,-1.8415,-1.8415,-1.8415,-1.7096,0.0000,-0.0000,0.0000,-1.7067,0.1348,0.1319,-96.2986,-35.6073,-2.0215
3283.00,-1.8414,-1.8414,-1.8414,-1.7135,0.0000,-0.0000,0.0000,-1.7118,0.1297,0.1279,-96.4202,-35.6794,-2.0200
3294.53,-1.8414,-1.8414,-1.8414,-1.7178,0.0000,-0.0000,0.0000,-1.7168,0.1246,0.1236,-96.5417,-35.7513,-2.0185
3306.09,-1.8414,-1.8414,-1.8414,-1.7224,0.0000,-0.0000,0.0000,-1.7219,0.1194,0.1190,-96.6633,-35.8230,-2.0170
3317.69,-1.8414,-1.8414,-1.8414,-1.7273,0.0000,-0.0000,0.0000,-1.7270,0.1144,0.1140,-96.7849,-35.8946,-2.0155
3329.33,-1.8413,-1.8413,-1.8413,-1.7324,0.0000,-0.0000,0.0000,-1.7321,0.1093,0.1090,-96.9065,-35.9660,-2.0140
3341.02,-1.8413,-1.8413,-1.8413,-1.7376,0.0000,-0.0000,0.0000,-1.7372,0.1042,0.1037,-97.0280,-36.0373,-2.0126
3352.74,-1.8413,-1.8413,-1.8413,-1.7430,0.0000,-0.0000,0.0000,-1.7422,0.0991,0.0983,-97.1496,-36.1084,-2.0112
3364.51,-1.8413,-1.8413,-1.8413,-1.7485,0.0000,-0.0000,0.0000,-1.7473,0.0940,0.0928,-97.2712,-36.1794,-2.0098
3376.32,-1.8413,-1.8413,-1.8413,-1.7542,0.0000,-0.0000,0.0000,-1.7524,0.0890,0.0871,-97.3928,-36.2503,-2.0084
3388.17,-1.8413,-1.8413,-1.8413,-1.7601,0.0000,-0.0000,0.0000,-1.7575,0.0839,0.0813,-97.5144,-36.3209,-2.0071
3400.06,-1.8414,-1.8414,-1.8414,-1.7661,0.0000,-0.0000,0.0000,-1.7625,0.0788,0.0753,-97.6360,-36.3915,-2.0057
3411.99,-1.8414,-1.8414,-1.8414,-1.7723,0.0000,-0.0000,0.0000,-1.7676,0.0738,0.0691,-97.7576,-36.4619,-2.0044
3423.96,-1.8415,-1.8415,-1.8415,-1.7787,0.0000,-0.0000,0.0000,-1.7727,0.0688,0.0628,-97.8791,-36.5370,-2.0031
3435.98,-1.8417,-1.8417,-1.8417,-1.7853,0.0000,-0.0000,0.0000,-1.7778,0.0639,0.0564,-98.0007,-36.6158,-2.0018
3448.04,-1.8419,-1.8419,-1.8419,-1.7920,0.0000,-0.0000,0.0000,-1.7828,0.0590,0.0499,-98.1223,-36.6945,-2.0006
3460.14,-1.8421,-1.8421,-1.8421,-1.7989,0.0000,-0.0000,0.0000,-1.7879,0.0542,0.0432,-98.2439,-36.7730,-1.9993
3472.28,-1.8423,-1.8423,-1.8423,-1.8058,0.0000,-0.0000,0.0000,-1.7930,0.0493,0.0364,-98.3655,-36.8514,-1.9981
3484.47,-1.8425,-1.8425,-1.8425,-1.8129,0.0000,-0.0000,0.0000,-1.7981,0.0444,0.0295,-98.4871,-36.9297,-1.9969
3496.69,-1.8427,-1.8427,-1.8427,-1.8201,0.0000,-0.0000,0.0000,-1.8031,0.0395,0.0225,-98.6087,-37.0079,-1.9957
3508.97,-1.8415,-1.8415,-1.8415,-1.8261,0.0000,-0.0000,0.0000,-1.8082,0.0333,0.0154,-98.7303,-37.0859,-1.9931
3521.28,-1.8371,-1.8371,-1.8371,-1.8287,0.0000,-0.0000,0.0000,-1.8133,0.0238,0.0083,-98.8519,-37.1638,-1.9872
3533.64,-1.8326,-1.8326,-1.8326,-1.8312,0.0000,-0.0000,0.0000,-1.8184,0.0143,0.0014,-98.9735,-37.2415,-1.9814
3546.04,-1.8282,-1.8282,-1.8282,-1.8334,0.0000,-0.0000,0.0000,-1.8234,0.0047,-0.0053,-99.0951,-37.3192,-1.9755
3558.48,-1.8237,-1.8237,-1.8237,-1.8355,0.0000,-0.0000,0.0000,-1.8285,-0.0048,-0.0118,-99.2167,-37.3967,-1.9696
3570.97,-1.8192,-1.8192,-1.8192,-1.8374,0.0000,-0.0000,0.0000,-1.8336,-0.0144,-0.0182,-99.3383,-37.4741,-1.9638
3583.50,-1.8147,-1.8147,-1.8147,-1.8391,0.0000,-0.0000,0.0000,-1.8386,-0.0239,-0.0244,-99.4599,-37.5513,-1.9579
3596.08,-1.8102,-1.8102,-1.8102,-1.8407,0.0000,-0.0000,0.0000,-1.8437,-0.0335,-0.0305,-99.5815,-37.6284,-1.9520
3608.70,-1.8057,-1.8057,-1.8057,-1.8420,0.0000,-0.0000,0.0000,-1.8488,-0.0431,-0.0364,-99.7031,-37.7053,-1.9462
3621.36,-1.8012,-1.8012,-1.8012,-1.8433,0.0000,-0.0000,0.0000,-1.8539,-0.0527,-0.0421,-99.8247,-37.7855,-1.9403
3634.07,-1.7973,-1.7973,-1.7973,-1.8449,0.0000,-0.0000,0.0000,-1.8589,-0.0617,-0.0477,-99.9463,-37.9060,-1.9344
3646.83,-1.7934,-1.7934,-1.7934,-1.8464,0.0000,-0.0000,0.0000,-1.8640,-0.0707,-0.0531,-100.0679,-38.0265,-1.9285
3659.63,-1.7894,-1.7894,-1.7894,-1.8477,0.0000,-0.0000,0.0000,-1.8691,-0.0797,-0.0583,-100.1895,-38.1470,-1.9226
3672.47,-1.7854,-1.7854,-1.7854,-1.8488,0.0000,-0.0000,0.0000,-1.8742,-0.0887,-0.0633,-100.3111,-38.2675,-1.9167
3685.36,-1.7814,-1.7814,-1.7814,-1.8497,0.0000,-0.0000,0.0000,-1.8792,-0.0978,-0.0682,-100.4327,-38.3880,-1.9109
3698.29,-1.7774,-1.7774,-1.7774,-1.8504,0.0000,-0.0000,0.0000,-1.8843,-0.1069,-0.0730,-100.5543,-38.5086,-1.9050
3711.27,-1.7733,-1.7733,-1.7733,-1.8508,0.0000,-0.0000,0.0000,-1.8894,-0.1161,-0.0775,-100.6759,-38.6291,-1.8991
3724.29,-1.7762,-1.7762,-1.7762,-1.8582,0.0000,-0.0000,0.0000,-1.8944,-0.1183,-0.0821,-100.7975,-38.7497,-1.9002
3737.36,-1.7816,-1.7816,-1.7816,-1.8689,0.0000,-0.0000,0.0000,-1.8995,-0.1179,-0.0873,-100.9191,-38.8703,-1.9040
3750.48,-1.7870,-1.7870,-1.7870,-1.8803,0.0000,-0.0000,0.0000,-1.9046,-0.1176,-0.0933,-101.0407,-38.9909,-1.9078
3763.64,-1.7925,-1.7925,-1.7925,-1.8926,0.0000,-0.0000,0.0000,-1.9097,-0.1172,-0.1001,-101.1623,-39.1115,-1.9117
3776.85,-1.7979,-1.7979,-1.7979,-1.9055,0.0000,-0.0000,0.0000,-1.9147,-0.1168,-0.1076,-101.2839,-39.2322,-1.9155
3790.10,-1.8034,-1.8034,-1.8034,-1.9192,0.0000,-0.0000,0.0000,-1.9198,-0.1164,-0.1158,-101.4056,-39.3528,-1.9195
3803.41,-1.8089,-1.8089,-1.8089,-1.9337,0.0000,-0.0000,0.0000,-1.9249,-0.1160,-0.1248,-101.5272,-39.4735,-1.9234
3816.75,-1.8144,-1.8144,-1.8144,-1.9490,0.0000,-0.0000,0.0000,-1.9299,-0.1156,-0.1346,-101.6488,-39.5941,-1.9274
3830.15,-1.8199,-1.8199,-1.8199,-1.9650,0.0000,-0.0000,0.0000,-1.9350,-0.1151,-0.1451,-101.7704,-39.7148,-1.9314
3843.59,-1.8255,-1.8255,-1.8255,-1.9819,0.0000,-0.0000,0.0000,-1.9401,-0.1146,-0.1564,-101.8920,-39.8425,-1.9354
3857.08,-1.8311,-1.8311,-1.8311,-1.9997,0.0000,-0.0000,0.0000,-1.9452,-0.1140,-0.1685,-102.0136,-39.9750,-1.9394
3870.61,-1.8368,-1.8368,-1.8368,-2.0182,0.0000,-0.0000,0.0000,-1.9502,-0.1134,-0.1814,-102.1352,-40.1076,-1.9435
3884.20,-1.8424,-1.8424,-1.8424,-2.0376,0.0000,-0.0000,0.0000,-1.9553,-0.1128,-0.1951,-102.2569,-40.2402,-1.9476
3897.83,-1.8481,-1.8481,-1.8481,-2.0577,0.0000,-0.0000,0.0000,-1.9604,-0.1122,-0.2096,-102.3785,-40.3729,-1.9518
3911.51,-1.8538,-1.8538,-1.8538,-2.0787,0.0000,-0.0000,0.0000,-1.9654,-0.1116,-0.2249,-102.5001,-40.5057,-1.9559
3925.24,-1.8595,-1.8595,-1.8595,-2.1005,0.0000,-0.0000,0.0000,-1.9705,-0.1110,-0.2410,-102.6217,-40.6385,-1.9601
3939.01,-1.8598,-1.8598,-1.8598,-2.1176,0.0000,-0.0000,0.0000,-1.9756,-0.1158,-0.2579,-102.7433,-40.7713,-1.9588
3952.84,-1.8309,-1.8309,-1.8309,-2.1069,0.0000,-0.0000,0.0000,-1.9806,-0.1498,-0.2760,-102.8649,-40.9043,-1.9282
3966.71,-1.8019,-1.8019,-1.8019,-2.0973,0.0000,-0.0000,0.0000,-1.9857,-0.1838,-0.2954,-102.9866,-41.0372,-1.8974
3980.63,-1.7728,-1.7728,-1.7728,-2.0890,0.0000,-0.0000,0.0000,-1.9908,-0.2180,-0.3162,-103.1082,-41.1703,-1.8665
3994.60,-1.7436,-1.7436,-1.7436,-2.0819,0.0000,-0.0000,0.0000,-1.9959,-0.2523,-0.3383,-103.2298,-41.3033,-1.8355
4008.62,-1.7142,-1.7142,-1.7142,-2.0760,0.0000,-0.0000,0.0000,-2.0009,-0.2867,-0.3618,-103.3514,-41.4365,-1.8044
4022.68,-1.6847,-1.6847,-1.6847,-2.0714,0.0000,-0.0000,0.0000,-2.0060,-0.3213,-0.3867,-103.4731,-41.5697,-1.7732
4036.80,-1.6551,-1.6551,-1.6551,-2.0680,0.0000,-0.0000,0.0000,-2.0111,-0.3560,-0.4130,-103.5947,-41.7029,-1.7420
4050.97,-1.6253,-1.6253,-1.6253,-2.0659,0.0000,-0.0000,0.0000,-2.0161,-0.3908,-0.4406,-103.7163,-41.8362,-1.7106
4065.19,-1.5955,-1.5955,-1.5955,-2.0651,0.0000,-0.0000,0.0000,-2.0212,-0.4257,-0.4696,-103.8379,-41.9695,-1.6791
4079.45,-1.5654,-1.5654,-1.5654,-2.0655,0.0000,-0.0000,0.0000,-2.0263,-0.4608,-0.5001,-103.9596,-42.1022,-1.6476
4093.77,-1.5353,-1.5353,-1.5353,-2.0672,0.0000,-0.0000,0.0000,-2.0313,-0.4960,-0.5319,-104.0812,-42.2349,-1.6159
4108.14,-1.5050,-1.5050,-1.5050,-2.0702,0.0000,-0.0000,0.0000,-2.0364,-0.5314,-0.5651,-104.2028,-42.3677,-1.5841
4122.55,-1.4747,-1.4747,-1.4747,-2.0744,0.0000,-0.0000,0.0000,-2.0415,-0.5668,-0.5997,-104.3244,-42.5006,-1.5522
4137.02,-1.4441,-1.4441,-1.4441,-2.0799,0.0000,-0.0000,0.0000,-2.0465,-0.6024,-0.6358,-104.4461,-42.6335,-1.5203
4151.54,-1.4135,-1.4135,-1.4135,-2.0868,0.0000,-0.0000,0.0000,-2.0516,-0.6381,-0.6733,-104.5677,-42.7664,-1.4882
4166.11,-1.3827,-1.3827,-1.3827,-2.0949,0.0000,-0.0000,0.0000,-2.0567,-0.6740,-0.7122,-104.6893,-42.8994,-1.4560
4180.73,-1.3471,-1.3471,-1.3471,-2.0994,0.0000,-0.0000,0.0000,-2.0618,-0.7147,-0.7523,-104.8109,-43.0325,-1.4189
4195.40,-1.3079,-1.3079,-1.3079,-2.0989,0.0000,-0.0000,0.0000,-2.0668,-0.7589,-0.7911,-104.9326,-43.1656,-1.3784
4210.12,-1.2685,-1.2685,-1.2685,-2.0969,0.0000,-0.0000,0.0000,-2.0719,-0.8033,-0.8284,-105.0542,-43.2988,-1.3376
4224.90,-1.2291,-1.2291,-1.2291,-2.0934,0.0000,-0.0000,0.0000,-2.0770,-0.8479,-0.8643,-105.1758,-43.4320,-1.2968
4239.73,-1.1894,-1.1894,-1.1894,-2.0882,0.0000,-0.0000,0.0000,-2.0820,-0.8926,-0.8988,-105.2975,-43.5653,-1.2558
4254.61,-1.1496,-1.1496,-1.1496,-2.0815,0.0000,-0.0000,0.0000,-2.0871,-0.9375,-0.9319,-105.4191,-43.6986,-1.2147
4269.54,-1.1096,-1.1096,-1.1096,-2.0732,0.0000,-0.0000,0.0000,-2.0922,-0.9825,-0.9636,-105.5407,-43.8320,-1.1734
4284.52,-1.0695,-1.0695,-1.0695,-2.0633,0.0000,-0.0000,0.0000,-2.0972,-1.0277,-0.9938,-105.6624,-43.9654,-1.1320
4299.56,-1.0292,-1.0292,-1.0292,-2.0518,0.0000,-0.0000,0.0000,-2.1023,-1.0731,-1.0226,-105.7840,-44.0989,-1.0905
4314.65,-0.9888,-0.9888,-0.9888,-2.0388,0.0000,-0.0000,0.0000,-2.1074,-1.1186,-1.0500,-105.9056,-44.2356,-1.0488
4329.79,-0.9482,-0.9482,-0.9482,-2.0241,0.0000,-0.0000,0.0000,-2.1124,-1.1642,-1.0759,-106.0273,-44.3744,-1.0070
4344.98,-0.9075,-0.9075,-0.9075,-2.0078,0.0000,-0.0000,0.0000,-2.1175,-1.2100,-1.1003,-106.1489,-44.5132,-0.9651
4360.23,-0.8666,-0.8666,-0.8666,-1.9899,0.0000,-0.0000,0.0000,-2.1226,-1.2560,-1.1233,-106.2706,-44.6522,-0.9230
4375.53,-0.8255,-0.8255,-0.8255,-1.9703,0.0000,-0.0000,0.0000,-2.1276,-1.3021,-1.1448,-106.3922,-44.7912,-0.8808
4390.89,-0.7843,-0.7843,-0.7843,-1.9492,0.0000,-0.0000,0.0000,-2.1327,-1.3484,-1.1649,-106.5138,-44.9302,-0.8384
4406.30,-0.7429,-0.7429,-0.7429,-1.9264,0.0000,-0.0000,0.0000,-2.1378,-1.3948,-1.1834,-106.6355,-45.0694,-0.7959
4421.76,-0.7025,-0.7025,-0.7025,-1.9030,0.0000,-0.0000,0.0000,-2.1428,-1.4404,-1.2005,-106.7571,-45.2086,-0.7544
4437.28,-0.7198,-0.7198,-0.7198,-1.9359,0.0000,-0.0000,0.0000,-2.1479,-1.4281,-1.2161,-106.8787,-45.3479,-0.7709
4452.85,-0.7371,-0.7371,-0.7371,-1.9675,0.0000,-0.0000,0.0000,-2.1530,-1.4159,-1.2304,-107.0004,-45.4872,-0.7876
4468.48,-0.7545,-0.7545,-0.7545,-1.9978,0.0000,-0.0000,0.0000,-2.1580,-1.4035,-1.2433,-107.1220,-45.6267,-0.8043
4484.16,-0.7720,-0.7720,-0.7720,-2.0267,0.0000,-0.0000,0.0000,-2.1631,-1.3911,-1.2547,-107.2437,-45.7662,-0.8210
4499.90,-0.7895,-0.7895,-0.7895,-2.0543,0.0000,-0.0000,0.0000,-2.1682,-1.3787,-1.2648,-107.3653,-45.9057,-0.8379
4515.69,-0.8071,-0.8071,-0.8071,-2.0806,0.0000,-0.0000,0.0000,-2.1732,-1.3662,-1.2735,-107.4870,-46.0454,-0.8548
4531.54,-0.8247,-0.8247,-0.8247,-2.1055,0.0000,-0.0000,0.0000,-2.1783,-1.3536,-1.2808,-107.6086,-46.1851,-0.8717
4547.44,-0.8424,-0.8424,-0.8424,-2.1291,0.0000,-0.0000,0.0000,-2.1834,-1.3410,-1.2867,-107.7302,-46.3249,-0.8888
4563.40,-0.8601,-0.8601,-0.8601,-2.1514,0.0000,-0.0000,0.0000,-2.1884,-1.3283,-1.2912,-107.8519,-46.4646,-0.9059
4579.41,-0.8780,-0.8780,-0.8780,-2.1722,0.0000,-0.0000,0.0000,-2.1935,-1.3155,-1.2943,-107.9735,-46.6035,-0.9230
4595.49,-0.8958,-0.8958,-0.8958,-2.1917,0.0000,-0.0000,0.0000,-2.1986,-1.3027,-1.2959,-108.0952,-46.7425,-0.9403
4611.61,-0.9137,-0.9137,-0.9137,-2.2099,0.0000,-0.0000,0.0000,-2.2036,-1.2899,-1.2961,-108.2168,-46.8815,-0.9576
4627.80,-0.9317,-0.9317,-0.9317,-2.2266,0.0000,-0.0000,0.0000,-2.2087,-1.2770,-1.2949,-108.3385,-47.0206,-0.9749
4644.04,-0.9497,-0.9497,-0.9497,-2.2420,0.0000,-0.0000,0.0000,-2.2138,-1.2640,-1.2923,-108.4601,-47.1597,-0.9924
4660.34,-0.9678,-0.9678,-0.9678,-2.2560,0.0000,-0.0000,0.0000,-2.2188,-1.2510,-1.2882,-108.5818,-47.2989,-1.0099
4676.69,-0.9860,-0.9860,-0.9860,-2.2687,0.0000,-0.0000,0.0000,-2.2239,-1.2379,-1.2827,-108.7034,-47.4382,-1.0275
4693.10,-0.9988,-0.9988,-0.9988,-2.2745,0.0000,-0.0000,0.0000,-2.2290,-1.2302,-1.2757,-108.8251,-47.5776,-1.0397
4709.57,-1.0049,-1.0049,-1.0049,-2.2734,0.0000,-0.0000,0.0000,-2.2340,-1.2291,-1.2685,-108.9467,-47.7170,-1.0452
4726.10,-1.0111,-1.0111,-1.0111,-2.2721,0.0000,-0.0000,0.0000,-2.2391,-1.2280,-1.2610,-109.0683,-47.8565,-1.0507
4742.69,-1.0173,-1.0173,-1.0173,-2.2702,0.0000,-0.0000,0.0000,-2.2441,-1.2269,-1.2529,-109.1900,-47.9961,-1.0563
4759.33,-1.0235,-1.0235,-1.0235,-2.2678,0.0000,-0.0000,0.0000,-2.2492,-1.2258,-1.2443,-109.3116,-48.1357,-1.0619
4776.03,-1.0297,-1.0297,-1.0297,-2.2648,0.0000,-0.0000,0.0000,-2.2543,-1.2246,-1.2352,-109.4333,-48.2755,-1.0675
4792.80,-1.0359,-1.0359,-1.0359,-2.2614,0.0000,-0.0000,0.0000,-2.2593,-1.2235,-1.2255,-109.5549,-48.4152,-1.0731
4809.61,-1.0421,-1.0421,-1.0421,-2.2573,0.0000,-0.0000,0.0000,-2.2644,-1.2223,-1.2152,-109.6766,-48.5551,-1.0788
4826.49,-1.0484,-1.0484,-1.0484,-2.2528,0.0000,-0.0000,0.0000,-2.2695,-1.2211,-1.2044,-109.7983,-48.6950,-1.0845
4843.43,-1.0547,-1.0547,-1.0547,-2.2477,0.0000,-0.0000,0.0000,-2.2745,-1.2198,-1.1930,-109.9199,-48.8419,-1.0902
4860.43,-1.0610,-1.0610,-1.0610,-2.2421,0.0000,-0.0000,0.0000,-2.2796,-1.2186,-1.1811,-110.0416,-48.9927,-1.0960
4877.49,-1.0674,-1.0674,-1.0674,-2.2360,0.0000,-0.0000,0.0000,-2.2847,-1.2173,-1.1686,-110.1632,-49.1437,-1.1018
4894.60,-1.0738,-1.0738,-1.0738,-2.2293,0.0000,-0.0000,0.0000,-2.2897,-1.2160,-1.1556,-110.2849,-49.2947,-1.1076
4911.78,-1.0801,-1.0801,-1.0801,-2.2221,0.0000,-0.0000,0.0000,-2.2948,-1.2147,-1.1420,-110.4065,-49.4459,-1.1134
4929.02,-1.0865,-1.0865,-1.0865,-2.2144,0.0000,-0.0000,0.0000,-2.2999,-1.2133,-1.1278,-110.5282,-49.5972,-1.1192
4946.32,-1.0930,-1.0930,-1.0930,-2.2061,0.0000,-0.0000,0.0000,-2.3049,-1.2120,-1.1131,-110.6498,-49.7486,-1.1251
4963.68,-1.0994,-1.0994,-1.0994,-2.1972,0.0000,-0.0000,0.0000,-2.3100,-1.2106,-1.0978,-110.7715,-49.9001,-1.1310
4981.10,-1.1246,-1.1246,-1.1246,-2.2066,0.0000,-0.0000,0.0000,-2.3151,-1.1905,-1.0820,-110.8931,-50.0517,-1.1557
4998.58,-1.1524,-1.1524,-1.1524,-2.2186,0.0000,-0.0000,0.0000,-2.3201,-1.1677,-1.0662,-111.0148,-50.2034,-1.1831
5016.12,-1.1803,-1.1873,-1.1873,-2.2375,0.0000,-0.0070,-0.0070,-2.3252,-1.1379,-1.0502,-111.1364,-50.3553,-1.2106
5033.72,-1.2084,-1.2229,-1.2229,-2.2570,0.0000,-0.0145,-0.0145,-2.3302,-1.1073,-1.0341,-111.2581,-50.5072,-1.2382
5051.39,-1.2365,-1.2586,-1.2586,-2.2766,0.0000,-0.0221,-0.0221,-2.3353,-1.0767,-1.0179,-111.3798,-50.6593,-1.2659
5069.12,-1.2647,-1.2944,-1.2944,-2.2961,0.0000,-0.0297,-0.0297,-2.3404,-1.0460,-1.0017,-111.5014,-50.8114,-1.2937
5086.90,-1.2930,-1.3303,-1.3303,-2.3156,0.0000,-0.0373,-0.0373,-2.3454,-1.0151,-0.9853,-111.6231,-50.9637,-1.3216
5104.76,-1.3214,-1.3663,-1.3663,-2.3351,0.0000,-0.0449,-0.0449,-2.3505,-0.9842,-0.9688,-111.7447,-51.1161,-1.3496
5122.67,-1.3499,-1.4024,-1.4024,-2.3546,0.0000,-0.0525,-0.0525,-2.3556,-0.9532,-0.9522,-111.8664,-51.2684,-1.3777
5140.65,-1.3785,-1.4386,-1.4386,-2.3741,0.0000,-0.0600,-0.0600,-2.3606,-0.9220,-0.9356,-111.9881,-51.4192,-1.4060
5158.69,-1.4072,-1.4749,-1.4749,-2.3936,0.0000,-0.0676,-0.0676,-2.3657,-0.8908,-0.9188,-112.1097,-51.5702,-1.4343
5176.79,-1.4360,-1.5112,-1.5112,-2.4132,0.0000,-0.0752,-0.0752,-2.3708,-0.8595,-0.9019,-112.2314,-51.7213,-1.4627
5194.96,-1.4649,-1.5477,-1.5477,-2.4327,0.0000,-0.0828,-0.0828,-2.3758,-0.8281,-0.8849,-112.3530,-51.8725,-1.4912
5213.19,-1.4939,-1.5843,-1.5843,-2.4522,0.0000,-0.0904,-0.0904,-2.3809,-0.7966,-0.8679,-112.4747,-52.0238,-1.5198
5231.49,-1.5230,-1.6210,-1.6210,-2.4717,0.0000,-0.0979,-0.0979,-2.3859,-0.7650,-0.8507,-112.5964,-52.1752,-1.5486
5249.85,-1.5522,-1.6578,-1.6578,-2.4912,0.0000,-0.1055,-0.1055,-2.3910,-0.7332,-0.8335,-112.7180,-52.3267,-1.5774
5268.27,-1.5731,-1.6862,-1.6862,-2.5023,0.0000,-0.1131,-0.1131,-2.3961,-0.7099,-0.8161,-112.8397,-52.4784,-1.5979
5286.76,-1.5750,-1.6957,-1.6957,-2.4946,0.0000,-0.1207,-0.1207,-2.4011,-0.7054,-0.7989,-112.9613,-52.6301,-1.5994
5305.31,-1.5770,-1.7053,-1.7053,-2.4871,0.0000,-0.1283,-0.1283,-2.4062,-0.7009,-0.7819,-113.0830,-52.7820,-1.6010
5323.93,-1.5790,-1.7148,-1.7148,-2.4800,0.0000,-0.1358,-0.1358,-2.4113,-0.6965,-0.7652,-113.2047,-52.9339,-1.6025
5342.62,-1.5809,-1.7244,-1.7244,-2.4733,0.0000,-0.1434,-0.1434,-2.4163,-0.6920,-0.7489,-113.3263,-53.0860,-1.6041
5361.37,-1.5829,-1.7339,-1.7339,-2.4669,0.0000,-0.1510,-0.1510,-2.4214,-0.6875,-0.7330,-113.4480,-53.2382,-1.6056
5380.18,-1.5849,-1.7435,-1.7435,-2.4609,0.0000,-0.1586,-0.1586,-2.4264,-0.6830,-0.7175,-113.5697,-53.3905,-1.6072
5399.06,-1.5868,-1.7530,-1.7530,-2.4553,0.0000,-0.1662,-0.1662,-2.4315,-0.6785,-0.7023,-113.6913,-53.5429,-1.6088
5418.01,-1.5888,-1.7626,-1.7626,-2.4501,0.0000,-0.1738,-0.1738,-2.4366,-0.6740,-0.6876,-113.8130,-53.6954,-1.6104
5437.02,-1.5908,-1.7721,-1.7721,-2.4453,0.0000,-0.1813,-0.1813,-2.4416,-0.6695,-0.6732,-113.9346,-53.8469,-1.6120
5456.11,-1.5928,-1.7817,-1.7817,-2.4409,0.0000,-0.1889,-0.1889,-2.4467,-0.6650,-0.6592,-114.0563,-53.9979,-1.6136
5475.25,-1.5948,-1.7913,-1.7913,-2.4368,0.0000,-0.1965,-0.1965,-2.4518,-0.6605,-0.6456,-114.1780,-54.1490,-1.6153
5494.47,-1.5967,-1.8008,-1.8008,-2.4332,0.0000,-0.2041,-0.2041,-2.4568,-0.6560,-0.6324,-114.2996,-54.3002,-1.6169
5513.75,-1.5987,-1.8104,-1.8104,-2.4299,0.0000,-0.2117,-0.2117,-2.4619,-0.6515,-0.6195,-114.4213,-54.4515,-1.6185
5533.10,-1.6007,-1.8200,-1.8200,-2.4271,0.0000,-0.2192,-0.2192,-2.4669,-0.6470,-0.6071,-114.5430,-54.6029,-1.6202
5552.52,-1.6027,-1.8295,-1.8295,-2.4246,0.0000,-0.2268,-0.2268,-2.4720,-0.6425,-0.5951,-114.6646,-54.7545,-1.6219
5572.01,-1.6047,-1.8391,-1.8391,-2.4226,0.0000,-0.2344,-0.2344,-2.4771,-0.6379,-0.5834,-114.7863,-54.9061,-1.6235
5591.56,-1.6166,-1.8586,-1.8586,-2.4307,0.0000,-0.2420,-0.2420,-2.4821,-0.6235,-0.5721,-114.9080,-55.0579,-1.6351
5611.18,-1.6320,-1.8816,-1.8816,-2.4430,0.0000,-0.2496,-0.2496,-2.4872,-0.6056,-0.5614,-115.0297,-55.2097,-1.6502
5630.87,-1.6475,-1.9046,-1.9046,-2.4559,0.0000,-0.2571,-0.2571,-2.4923,-0.5876,-0.5513,-115.1513,-55.3617,-1.6654
5650.64,-1.6630,-1.9277,-1.9277,-2.4696,0.0000,-0.2647,-0.2647,-2.4973,-0.5696,-0.5418,-115.2730,-55.5138,-1.6807
5670.47,-1.6786,-1.9509,-1.9509,-2.4838,0.0000,-0.2723,-0.2723,-2.5024,-0.5515,-0.5329,-115.3947,-55.6660,-1.6960
5690.37,-1.6942,-1.9741,-1.9741,-2.4988,0.0000,-0.2799,-0.2799,-2.5074,-0.5334,-0.5247,-115.5163,-55.8183,-1.7113
5710.34,-1.7099,-1.9973,-1.9973,-2.5144,0.0000,-0.2875,-0.2875,-2.5125,-0.5152,-0.5170,-115.6380,-55.9707,-1.7267
5730.38,-1.7256,-2.0207,-2.0207,-2.5307,0.0000,-0.2951,-0.2951,-2.5176,-0.4969,-0.5100,-115.7597,-56.1232,-1.7422
5750.49,-1.7414,-2.0440,-2.0440,-2.5476,0.0000,-0.3026,-0.3026,-2.5226,-0.4786,-0.5036,-115.8813,-56.2725,-1.7577
5770.67,-1.7572,-2.0674,-2.0674,-2.5652,0.0000,-0.3102,-0.3102,-2.5277,-0.4603,-0.4979,-116.0030,-56.4057,-1.7733
5790.92,-1.7730,-2.0908,-2.0908,-2.5835,0.0000,-0.3178,-0.3178,-2.5327,-0.4419,-0.4927,-116.1247,-56.5391,-1.7889
5811.24,-1.7889,-2.1143,-2.1143,-2.6025,0.0000,-0.3254,-0.3254,-2.5378,-0.4235,-0.4882,-116.2464,-56.6724,-1.8046
5831.64,-1.8049,-2.1379,-2.1379,-2.6222,0.0000,-0.3330,-0.3330,-2.5429,-0.4050,-0.4843,-116.3680,-56.8058,-1.8204
5852.10,-1.8209,-2.1615,-2.1615,-2.6425,0.0000,-0.3405,-0.3405,-2.5479,-0.3865,-0.4811,-116.4897,-56.9393,-1.8362
5872.64,-1.8370,-2.1851,-2.1851,-2.6636,0.0000,-0.3481,-0.3481,-2.5530,-0.3679,-0.4784,-116.6114,-57.0728,-1.8521
5893.25,-1.8531,-2.2088,-2.2088,-2.6853,0.0000,-0.3557,-0.3557,-2.5581,-0.3492,-0.4765,-116.7330,-57.2063,-1.8680
5913.93,-1.8635,-2.2268,-2.2268,-2.7019,0.0000,-0.3633,-0.3633,-2.5631,-0.3363,-0.4751,-116.8547,-57.3399,-1.8782
5934.69,-1.8454,-2.2163,-2.2163,-2.6910,0.0000,-0.3709,-0.3709,-2.5682,-0.3519,-0.4748,-116.9764,-57.4736,-1.8598
5955.51,-1.8272,-2.2057,-2.2057,-2.6811,0.0000,-0.3784,-0.3784,-2.5732,-0.3676,-0.4755,-117.0981,-57.6072,-1.8414
5976.41,-1.8090,-2.1950,-2.1950,-2.6723,0.0000,-0.3860,-0.3860,-2.5783,-0.3833,-0.4773,-117.2197,-57.7410,-1.8229
5997.39,-1.7907,-2.1843,-2.1843,-2.6645,0.0000,-0.3936,-0.3936,-2.5834,-0.3991,-0.4802,-117.3414,-57.8747,-1.8043
6018.43,-1.7723,-2.1735,-2.1735,-2.6577,0.0000,-0.4012,-0.4012,-2.5884,-0.4149,-0.4842,-117.4631,-58.0085,-1.7857
6039.56,-1.7539,-2.1627,-2.1627,-2.6520,0.0000,-0.4088,-0.4088,-2.5935,-0.4308,-0.4893,-117.5848,-58.1424,-1.7671
6060.75,-1.7354,-2.1517,-2.1517,-2.6473,0.0000,-0.4164,-0.4164,-2.5985,-0.4468,-0.4955,-117.7064,-58.2763,-1.7483
6082.02,-1.7168,-2.1407,-2.1407,-2.6436,0.0000,-0.4239,-0.4239,-2.6036,-0.4629,-0.5029,-117.8281,-58.4103,-1.7295
6103.37,-1.6982,-2.1297,-2.1297,-2.6410,0.0000,-0.4315,-0.4315,-2.6087,-0.4790,-0.5113,-117.9498,-58.5357,-1.7107
6124.79,-1.6794,-2.1185,-2.1185,-2.6394,0.0000,-0.4391,-0.4391,-2.6137,-0.4952,-0.5209,-118.0715,-58.6572,-1.6918
6146.28,-1.6606,-2.1073,-2.1073,-2.6389,0.0000,-0.4467,-0.4467,-2.6188,-0.5115,-0.5316,-118.1931,-58.7787,-1.6728
6167.85,-1.6418,-2.0960,-2.0960,-2.6394,0.0000,-0.4543,-0.4543,-2.6238,-0.5278,-0.5434,-118.3148,-58.9002,-1.6537
6189.50,-1.6229,-2.0847,-2.0847,-2.6410,0.0000,-0.4618,-0.4618,-2.6289,-0.5442,-0.5563,-118.4365,-59.0217,-1.6346
6211.22,-1.6039,-2.0733,-2.0733,-2.6437,0.0000,-0.4694,-0.4694,-2.6340,-0.5607,-0.5704,-118.5582,-59.1433,-1.6154
6233.01,-1.5848,-2.0618,-2.0618,-2.6474,0.0000,-0.4770,-0.4770,-2.6390,-0.5772,-0.5856,-118.6798,-59.2648,-1.5962
6254.89,-1.5657,-2.0502,-2.0502,-2.6522,0.0000,-0.4846,-0.4846,-2.6441,-0.5938,-0.6020,-118.8015,-59.3863,-1.5768
6276.84,-1.5457,-2.0379,-2.0379,-2.6572,0.0000,-0.4922,-0.4922,-2.6492,-0.6113,-0.6193,-118.9232,-59.5078,-1.5567
6298.87,-1.5252,-2.0249,-2.0249,-2.6607,0.0000,-0.4997,-0.4997,-2.6542,-0.6293,-0.6358,-119.0449,-59.6294,-1.5360
6320.97,-1.5046,-2.0119,-2.0119,-2.6635,0.0000,-0.5073,-0.5073,-2.6593,-0.6474,-0.6516,-119.1666,-59.7509,-1.5152
6343.16,-1.4839,-1.9988,-1.9988,-2.6653,0.0000,-0.5149,-0.5149,-2.6643,-0.6655,-0.6665,-119.2882,-59.8724,-1.4944
6365.42,-1.4631,-1.9856,-1.9856,-2.6663,0.0000,-0.5225,-0.5225,-2.6694,-0.6838,-0.6807,-119.4099,-59.9939,-1.4734
6387.76,-1.4423,-1.9724,-1.9724,-2.6664,0.0000,-0.5301,-0.5301,-2.6745,-0.7021,-0.6940,-119.5316,-60.1155,-1.4525
6410.17,-1.4214,-1.9591,-1.9591,-2.6657,0.0000,-0.5377,-0.5377,-2.6795,-0.7204,-0.7066,-119.6533,-60.2370,-1.4314
6432.67,-1.4004,-1.9457,-1.9457,-2.6641,0.0000,-0.5452,-0.5452,-2.6846,-0.7389,-0.7184,-119.7750,-60.3586,-1.4103
6455.24,-1.3794,-1.9322,-1.9322,-2.6616,0.0000,-0.5528,-0.5528,-2.6896,-0.7574,-0.7294,-119.8966,-60.4836,-1.3890
6477.90,-1.3583,-1.9187,-1.9187,-2.6582,0.0000,-0.5604,-0.5604,-2.6947,-0.7760,-0.7395,-120.0183,-60.6228,-1.3678
6500.63,-1.3371,-1.9051,-1.9051,-2.6540,0.0000,-0.5680,-0.5680,-2.6998,-0.7947,-0.7489,-120.1400,-60.7622,-1.3464
6523.45,-1.3159,-1.8914,-1.8914,-2.6489,0.0000,-0.5756,-0.5756,-2.7048,-0.8134,-0.7575,-120.2617,-60.9015,-1.3250
6546.34,-1.2945,-1.8777,-1.8777,-2.6429,0.0000,-0.5831,-0.5831,-2.7099,-0.8322,-0.7652,-120.3834,-61.0410,-1.3035
6569.31,-1.2731,-1.8638,-1.8638,-2.6360,0.0000,-0.5907,-0.5907,-2.7149,-0.8511,-0.7721,-120.5050,-61.1805,-1.2819
6592.37,-1.2516,-1.8499,-1.8499,-2.6282,0.0000,-0.5983,-0.5983,-2.7200,-0.8701,-0.7782,-120.6267,-61.3201,-1.2603
6615.50,-1.2301,-1.8359,-1.8359,-2.6195,0.0000,-0.6059,-0.6059,-2.7251,-0.8891,-0.7835,-120.7484,-61.4598,-1.2385
6638.72,-1.2093,-1.8228,-1.8228,-2.6108,0.0000,-0.6135,-0.6135,-2.7301,-0.9073,-0.7880,-120.8701,-61.5995,-1.2176
6662.02,-1.2170,-1.8380,-1.8380,-2.6294,0.0000,-0.6210,-0.6210,-2.7352,-0.8972,-0.7914,-120.9918,-61.7392,-1.2252
6685.40,-1.2247,-1.8533,-1.8533,-2.6468,0.0000,-0.6286,-0.6286,-2.7402,-0.8869,-0.7936,-121.1134,-61.8791,-1.2327
6708.86,-1.2324,-1.8686,-1.8686,-2.6630,0.0000,-0.6362,-0.6362,-2.7453,-0.8767,-0.7944,-121.2351,-62.0190,-1.2403
6732.40,-1.2401,-1.8839,-1.8839,-2.6779,0.0000,-0.6438,-0.6438,-2.7503,-0.8664,-0.7940,-121.3568,-62.1590,-1.2480
6756.03,-1.2479,-1.8993,-1.8993,-2.6915,0.0000,-0.6514,-0.6514,-2.7554,-0.8561,-0.7922,-121.4785,-62.2990,-1.2556
6779.74,-1.2557,-1.9147,-1.9147,-2.7039,0.0000,-0.6590,-0.6590,-2.7605,-0.8458,-0.7892,-121.6002,-62.4391,-1.2633
6803.53,-1.2635,-1.9301,-1.9301,-2.7149,0.0000,-0.6665,-0.6665,-2.7655,-0.8355,-0.7849,-121.7219,-62.5793,-1.2710
6827.41,-1.2714,-1.9455,-1.9455,-2.7247,0.0000,-0.6741,-0.6741,-2.7706,-0.8251,-0.7792,-121.8435,-62.7195,-1.2788
6851.37,-1.2793,-1.9610,-1.9610,-2.7332,0.0000,-0.6817,-0.6817,-2.7756,-0.8147,-0.7723,-121.9652,-62.8549,-1.2865
6875.42,-1.2872,-1.9764,-1.9764,-2.7404,0.0000,-0.6893,-0.6893,-2.7807,-0.8043,-0.7640,-122.0869,-62.9883,-1.2943
6899.54,-1.2951,-1.9920,-1.9920,-2.7463,0.0000,-0.6969,-0.6969,-2.7858,-0.7938,-0.7544,-122.2086,-63.1218,-1.3021
6923.76,-1.3031,-2.0075,-2.0075,-2.7510,0.0000,-0.7044,-0.7044,-2.7908,-0.7833,-0.7435,-122.3303,-63.2553,-1.3100
6948.06,-1.3110,-2.0231,-2.0231,-2.7543,0.0000,-0.7120,-0.7120,-2.7959,-0.7728,-0.7312,-122.4520,-63.3888,-1.3179
6972.44,-1.3191,-2.0387,-2.0387,-2.7563,0.0000,-0.7196,-0.7196,-2.8009,-0.7623,-0.7176,-122.5737,-63.5224,-1.3258
6996.91,-1.3271,-2.0543,-2.0543,-2.7569,0.0000,-0.7272,-0.7272,-2.8060,-0.7517,-0.7027,-122.6953,-63.6560,-1.3337
7021.46,-1.3352,-2.0699,-2.0699,-2.7563,0.0000,-0.7348,-0.7348,-2.8111,-0.7411,-0.6864,-122.8170,-63.7897,-1.3417
7046.11,-1.3495,-2.0919,-2.0919,-2.7606,0.0000,-0.7423,-0.7423,-2.8161,-0.7242,-0.6688,-122.9387,-63.9234,-1.3560
7070.83,-1.3713,-2.1212,-2.1212,-2.7727,0.0000,-0.7499,-0.7499,-2.8212,-0.7000,-0.6515,-123.0604,-64.0571,-1.3777
7095.65,-1.3931,-2.1507,-2.1507,-2.7852,0.0000,-0.7575,-0.7575,-2.8262,-0.6756,-0.6346,-123.1821,-64.1909,-1.3994
7120.55,-1.4151,-2.1802,-2.1802,-2.7983,0.0000,-0.7651,-0.7651,-2.8313,-0.6511,-0.6181,-123.3038,-64.3248,-1.4213
7145.54,-1.4371,-2.2097,-2.2097,-2.8118,0.0000,-0.7727,-0.7727,-2.8364,-0.6266,-0.6021,-123.4255,-64.4587,-1.4432
7170.62,-1.4592,-2.2394,-2.2394,-2.8258,0.0000,-0.7803,-0.7803,-2.8414,-0.6020,-0.5864,-123.5471,-64.5926,-1.4652
7195.78,-1.4813,-2.2691,-2.2691,-2.8403,0.0000,-0.7878,-0.7878,-2.8465,-0.5773,-0.5712,-123.6688,-64.7266,-1.4873
7221.03,-1.5035,-2.2990,-2.2990,-2.8553,0.0000,-0.7954,-0.7954,-2.8515,-0.5526,-0.5564,-123.7905,-64.8606,-1.5095
7246.37,-1.5259,-2.3289,-2.3289,-2.8708,0.0000,-0.8030,-0.8030,-2.8566,-0.5277,-0.5420,-123.9122,-64.9945,-1.5317
7271.81,-1.5482,-2.3588,-2.3588,-2.8868,0.0000,-0.8106,-0.8106,-2.8617,-0.5028,-0.5280,-124.0339,-65.1279,-1.5540
7297.33,-1.5707,-2.3889,-2.3889,-2.9033,0.0000,-0.8182,-0.8182,-2.8667,-0.4778,-0.5145,-124.1556,-65.2614,-1.5764
7322.93,-1.5933,-2.4190,-2.4190,-2.9204,0.0000,-0.8257,-0.8257,-2.8718,-0.4528,-0.5014,-124.2773,-65.3949,-1.5989
7348.63,-1.6159,-2.4492,-2.4492,-2.9379,0.0000,-0.8333,-0.8333,-2.8768,-0.4276,-0.4887,-124.3990,-65.5284,-1.6214
7374.42,-1.6386,-2.4795,-2.4795,-2.9559,0.0000,-0.8409,-0.8409,-2.8819,-0.4024,-0.4764,-124.5206,-65.6620,-1.6441
7400.30,-1.6614,-2.5099,-2.5099,-2.9744,0.0000,-0.8485,-0.8485,-2.8869,-0.3771,-0.4645,-124.6423,-65.7956,-1.6668
7426.27,-1.6842,-2.5403,-2.5403,-2.9934,0.0000,-0.8561,-0.8561,-2.8920,-0.3517,-0.4531,-124.7640,-65.9293,-1.6896
7452.34,-1.7072,-2.5708,-2.5708,-3.0130,0.0000,-0.8636,-0.8636,-2.8971,-0.3262,-0.4422,-124.8857,-66.0630,-1.7125
7478.49,-1.7045,-2.5757,-2.5757,-3.0073,0.0000,-0.8712,-0.8712,-2.9021,-0.3264,-0.4316,-125.0074,-66.1967,-1.7097
7504.73,-1.6986,-2.5774,-2.5774,-2.9988,0.0000,-0.8788,-0.8788,-2.9072,-0.3297,-0.4214,-125.1291,-66.3305,-1.7037
7531.07,-1.6927,-2.5791,-2.5791,-2.9906,0.0000,-0.8864,-0.8864,-2.9122,-0.3331,-0.4115,-125.2508,-66.4644,-1.6978
7557.50,-1.6868,-2.5808,-2.5808,-2.9827,0.0000,-0.8940,-0.8940,-2.9173,-0.3365,-0.4019,-125.3725,-66.5983,-1.6918
7584.02,-1.6809,-2.5825,-2.5825,-2.9750,0.0000,-0.9016,-0.9016,-2.9224,-0.3399,-0.3925,-125.4942,-66.7322,-1.6858
7610.64,-1.6750,-2.5841,-2.5841,-2.9676,0.0000,-0.9091,-0.9091,-2.9274,-0.3433,-0.3835,-125.6159,-66.8662,-1.6797
7637.35,-1.6690,-2.5857,-2.5857,-2.9606,0.0000,-0.9167,-0.9167,-2.9325,-0.3468,-0.3748,-125.7375,-67.0002,-1.6737
7664.15,-1.6630,-2.5873,-2.5873,-2.9538,0.0000,-0.9243,-0.9243,-2.9375,-0.3502,-0.3665,-125.8592,-67.1342,-1.6676
7691.05,-1.6570,-2.5889,-2.5889,-2.9472,0.0000,-0.9319,-0.9319,-2.9426,-0.3537,-0.3584,-125.9809,-67.2592,-1.6615
7718.04,-1.6509,-2.5904,-2.5904,-2.9410,0.0000,-0.9395,-0.9395,-2.9476,-0.3573,-0.3506,-126.1026,-67.3808,-1.6554
7745.13,-1.6449,-2.5919,-2.5919,-2.9351,0.0000,-0.9470,-0.9470,-2.9527,-0.3608,-0.3432,-126.2243,-67.5024,-1.6493
7772.31,-1.6388,-2.5934,-2.5934,-2.9294,0.0000,-0.9546,-0.9546,-2.9578,-0.3644,-0.3360,-126.3460,-67.6240,-1.6432
7799.58,-1.6327,-2.5949,-2.5949,-2.9241,0.0000,-0.9622,-0.9622,-2.9628,-0.3679,-0.3292,-126.4677,-67.7457,-1.6370
7826.96,-1.6266,-2.5963,-2.5963,-2.9191,0.0000,-0.9698,-0.9698,-2.9679,-0.3715,-0.3227,-126.5894,-67.8673,-1.6308
7854.42,-1.6204,-2.5978,-2.5978,-2.9143,0.0000,-0.9774,-0.9774,-2.9729,-0.3752,-0.3165,-126.7111,-67.9889,-1.6246
7881.99,-1.6142,-2.5992,-2.5992,-2.9098,0.0000,-0.9849,-0.9849,-2.9780,-0.3788,-0.3107,-126.8328,-68.1105,-1.6184
7909.65,-1.6138,-2.6063,-2.6063,-2.9114,0.0000,-0.9925,-0.9925,-2.9831,-0.3767,-0.3051,-126.9545,-68.2321,-1.6179
7937.41,-1.6256,-2.6257,-2.6257,-2.9252,0.0000,-1.0001,-1.0001,-2.9881,-0.3624,-0.2995,-127.0761,-68.3538,-1.6296
7965.26,-1.6374,-2.6451,-2.6451,-2.9390,0.0000,-1.0077,-1.0077,-2.9932,-0.3481,-0.2939,-127.1978,-68.4754,-1.6413
7993.22,-1.6492,-2.6645,-2.6645,-2.9528,0.0000,-1.0153,-1.0153,-2.9982,-0.3337,-0.2883,-127.3195,-68.5970,-1.6531
8021.27,-1.6611,-2.6840,-2.6840,-2.9667,0.0000,-1.0229,-1.0229,-3.0033,-0.3193,-0.2827,-127.4412,-68.7186,-1.6650
8049.42,-1.6730,-2.7035,-2.7035,-2.9806,0.0000,-1.0304,-1.0304,-3.0083,-0.3049,-0.2772,-127.5629,-68.8403,-1.6768
8077.67,-1.6850,-2.7230,-2.7230,-2.9946,0.0000,-1.0380,-1.0380,-3.0134,-0.2904,-0.2716,-127.6846,-68.9619,-1.6888
8106.02,-1.6970,-2.7426,-2.7426,-3.0086,0.0000,-1.0456,-1.0456,-3.0185,-0.2759,-0.2660,-127.8063,-69.0835,-1.7007
8134.46,-1.7091,-2.7622,-2.7622,-3.0226,0.0000,-1.0532,-1.0532,-3.0235,-0.2613,-0.2604,-127.9280,-69.2066,-1.7127
8163.01,-1.7212,-2.7819,-2.7819,-3.0367,0.0000,-1.0608,-1.0608,-3.0286,-0.2467,-0.2548,-128.0497,-69.3341,-1.7248
8191.66,-1.7333,-2.8016,-2.8016,-3.0508,0.0000,-1.0683,-1.0683,-3.0336,-0.2320,-0.2492,-128.1714,-69.4617,-1.7369
8220.41,-1.7455,-2.8214,-2.8214,-3.0650,0.0000,-1.0759,-1.0759,-3.0387,-0.2173,-0.2436,-128.2931,-69.5893,-1.7490
8249.25,-1.7577,-2.8412,-2.8412,-3.0792,0.0000,-1.0835,-1.0835,-3.0437,-0.2025,-0.2380,-128.4148,-69.7169,-1.7612
8278.20,-1.7700,-2.8611,-2.8611,-3.0935,0.0000,-1.0911,-1.0911,-3.0488,-0.1877,-0.2324,-128.5365,-69.8445,-1.7734
8307.26,-1.7823,-2.8810,-2.8810,-3.1078,0.0000,-1.0987,-1.0987,-3.0539,-0.1729,-0.2268,-128.6582,-69.9721,-1.7857
8336.41,-1.7947,-2.9009,-2.9009,-3.1221,0.0000,-1.1062,-1.1062,-3.0589,-0.1580,-0.2212,-128.7799,-70.0998,-1.7980
8365.67,-1.8071,-2.9209,-2.9209,-3.1365,0.0000,-1.1138,-1.1138,-3.0640,-0.1431,-0.2157,-128.9015,-70.2275,-1.8104
8395.02,-1.8057,-2.9272,-2.9272,-3.1373,0.0000,-1.1214,-1.1214,-3.0690,-0.1419,-0.2102,-129.0232,-70.3552,-1.8090
8424.49,-1.7999,-2.9289,-2.9289,-3.1337,0.0000,-1.1290,-1.1290,-3.0741,-0.1452,-0.2049,-129.1449,-70.4830,-1.8031
8454.05,-1.7940,-2.9305,-2.9305,-3.1303,0.0000,-1.1366,-1.1366,-3.0792,-0.1486,-0.1998,-129.2666,-70.6107,-1.7971
8483.72,-1.7881,-2.9322,-2.9322,-3.1271,0.0000,-1.1442,-1.1442,-3.0842,-0.1520,-0.1949,-129.3883,-70.7385,-1.7912
8513.49,-1.7821,-2.9339,-2.9339,-3.1241,0.0000,-1.1517,-1.1517,-3.0893,-0.1554,-0.1902,-129.5100,-70.8663,-1.7852
8543.37,-1.7762,-2.9355,-2.9355,-3.1212,0.0000,-1.1593,-1.1593,-3.0943,-0.1588,-0.1857,-129.6317,-70.9941,-1.7792
8573.35,-1.7702,-2.9371,-2.9371,-3.1185,0.0000,-1.1669,-1.1669,-3.0994,-0.1623,-0.1814,-129.7534,-71.1220,-1.7731
8603.44,-1.7642,-2.9387,-2.9387,-3.1160,0.0000,-1.1745,-1.1745,-3.1044,-0.1658,-0.1773,-129.8751,-71.2498,-1.7671
8633.63,-1.7582,-2.9402,-2.9402,-3.1137,0.0000,-1.1821,-1.1821,-3.1095,-0.1693,-0.1734,-129.9968,-71.4042,-1.7610
8663.93,-1.7521,-2.9418,-2.9418,-3.1115,0.0000,-1.1896,-1.1896,-3.1146,-0.1728,-0.1697,-130.1185,-71.5673,-1.7550
8694.34,-1.7461,-2.9433,-2.9433,-3.1096,0.0000,-1.1972,-1.1972,-3.1196,-0.1763,-0.1662,-130.2402,-71.7305,-1.7488
8724.85,-1.7400,-2.9448,-2.9448,-3.1078,0.0000,-1.2048,-1.2048,-3.1247,-0.1799,-0.1629,-130.3619,-71.8939,-1.7427
8755.47,-1.7339,-2.9463,-2.9463,-3.1062,0.0000,-1.2124,-1.2124,-3.1297,-0.1834,-0.1599,-130.4836,-72.0574,-1.7366
8786.20,-1.7278,-2.9478,-2.9478,-3.1047,0.0000,-1.2200,-1.2200,-3.1348,-0.1870,-0.1570,-130.6053,-72.2210,-1.7304
8817.03,-1.7217,-2.9492,-2.9492,-3.1035,0.0000,-1.2275,-1.2275,-3.1398,-0.1906,-0.1543,-130.7270,-72.3848,-1.7242
8847.97,-1.7155,-2.9506,-2.9506,-3.1024,0.0000,-1.2351,-1.2351,-3.1449,-0.1943,-0.1518,-130.8487,-72.5488,-1.7180
8879.03,-1.7114,-2.9541,-2.9541,-3.1037,0.0000,-1.2427,-1.2427,-3.1500,-0.1959,-0.1496,-130.9704,-72.7129,-1.7138
8910.19,-1.7167,-2.9670,-2.9670,-3.1144,0.0000,-1.2503,-1.2503,-3.1550,-0.1880,-0.1474,-131.0921,-72.8771,-1.7191
8941.46,-1.7220,-2.9799,-2.9799,-3.1253,0.0000,-1.2579,-1.2579,-3.1601,-0.1802,-0.1454,-131.2138,-73.0415,-1.7244
8972.83,-1.7274,-2.9928,-2.9928,-3.1364,0.0000,-1.2655,-1.2655,-3.1651,-0.1723,-0.1435,-131.3355,-73.2061,-1.7297
9004.32,-1.7327,-3.0058,-3.0058,-3.1476,0.0000,-1.2730,-1.2730,-3.1702,-0.1644,-0.1419,-131.4572,-73.3708,-1.7350
9035.92,-1.7381,-3.0187,-3.0187,-3.1590,0.0000,-1.2806,-1.2806,-3.1752,-0.1565,-0.1403,-131.5789,-73.5356,-1.7403
9067.64,-1.7435,-3.0317,-3.0317,-3.1707,0.0000,-1.2882,-1.2882,-3.1803,-0.1486,-0.1390,-131.7006,-73.7007,-1.7457
9099.46,-1.7489,-3.0447,-3.0447,-3.1825,0.0000,-1.2958,-1.2958,-3.1854,-0.1407,-0.1378,-131.8223,-73.8658,-1.7511
9131.39,-1.7543,-3.0577,-3.0577,-3.1944,0.0000,-1.3034,-1.3034,-3.1904,-0.1327,-0.1367,-131.9440,-74.0463,-1.7565
9163.44,-1.7598,-3.0708,-3.0708,-3.2066,0.0000,-1.3109,-1.3109,-3.1955,-0.1247,-0.1359,-132.0657,-74.2684,-1.7619
9195.60,-1.7653,-3.0838,-3.0838,-3.2190,0.0000,-1.3185,-1.3185,-3.2005,-0.1167,-0.1352,-132.1874,-74.4908,-1.7673
9227.87,-1.7708,-3.0969,-3.0969,-3.2315,0.0000,-1.3261,-1.3261,-3.2056,-0.1087,-0.1346,-132.3090,-74.7136,-1.7728
9260.25,-1.7763,-3.1100,-3.1100,-3.2443,0.0000,-1.3337,-1.3337,-3.2106,-0.1006,-0.1343,-132.4307,-74.9368,-1.7782
9292.75,-1.7819,-3.1231,-3.1231,-3.2572,0.0000,-1.3413,-1.3413,-3.2157,-0.0926,-0.1341,-132.5524,-75.1603,-1.7837
9325.36,-1.7874,-3.1363,-3.1363,-3.2703,0.0000,-1.3488,-1.3488,-3.2208,-0.0845,-0.1340,-132.6741,-75.3841,-1.7892
9358.09,-1.7930,-3.1494,-3.1494,-3.2836,0.0000,-1.3564,-1.3564,-3.2258,-0.0764,-0.1342,-132.7958,-75.6083,-1.7948
9390.93,-1.7986,-3.1626,-3.1626,-3.2970,0.0000,-1.3640,-1.3640,-3.2309,-0.0683,-0.1345,-132.9175,-75.8329,-1.8003
9423.89,-1.7939,-3.1655,-3.1655,-3.3005,0.0000,-1.3716,-1.3716,-3.2359,-0.0704,-0.1350,-133.0392,-76.0578,-1.7956
9456.96,-1.7828,-3.1620,-3.1620,-3.2978,0.0000,-1.3792,-1.3792,-3.2410,-0.0790,-0.1358,-133.1609,-76.2832,-1.7844
9490.15,-1.7716,-3.1583,-3.1583,-3.2954,0.0000,-1.3868,-1.3868,-3.2460,-0.0877,-0.1370,-133.2826,-76.5088,-1.7732
9523.45,-1.7604,-3.1547,-3.1547,-3.2933,0.0000,-1.3943,-1.3943,-3.2511,-0.0964,-0.1386,-133.4043,-76.7349,-1.7619
9556.87,-1.7491,-3.1510,-3.1510,-3.2915,0.0000,-1.4019,-1.4019,-3.2562,-0.1052,-0.1405,-133.5260,-76.9613,-1.7506
9590.41,-1.7378,-3.1473,-3.1473,-3.2900,0.0000,-1.4095,-1.4095,-3.2612,-0.1140,-0.1427,-133.6477,-77.1880,-1.7392
9624.07,-1.7264,-3.1435,-3.1435,-3.2888,0.0000,-1.4171,-1.4171,-3.2663,-0.1228,-0.1453,-133.7694,-77.4152,-1.7278
9657.85,-1.7150,-3.1397,-3.1397,-3.2879,0.0000,-1.4247,-1.4247,-3.2713,-0.1317,-0.1482,-133.8911,-77.6427,-1.7164
9691.74,-1.7036,-3.1358,-3.1358,-3.2873,0.0000,-1.4322,-1.4322,-3.2764,-0.1406,-0.1515,-134.0128,-77.8383,-1.7049
9725.75,-1.6921,-3.1319,-3.1319,-3.2870,0.0000,-1.4398,-1.4398,-3.2814,-0.1496,-0.1551,-134.1345,-78.0250,-1.6934
9759.88,-1.6805,-3.1279,-3.1279,-3.2870,0.0000,-1.4474,-1.4474,-3.2865,-0.1586,-0.1590,-134.2562,-78.2120,-1.6818
9794.14,-1.6690,-3.1240,-3.1240,-3.2873,0.0000,-1.4550,-1.4550,-3.2916,-0.1676,-0.1634,-134.3779,-78.3992,-1.6702
9828.51,-1.6574,-3.1199,-3.1199,-3.2880,0.0000,-1.4626,-1.4626,-3.2966,-0.1767,-0.1680,-134.4996,-78.5867,-1.6586
9863.00,-1.6457,-3.1159,-3.1159,-3.2889,0.0000,-1.4701,-1.4701,-3.3017,-0.1858,-0.1731,-134.6213,-78.7744,-1.6469
9897.61,-1.6340,-3.1117,-3.1117,-3.2902,0.0000,-1.4777,-1.4777,-3.3067,-0.1950,-0.1784,-134.7430,-78.9623,-1.6352
9932.35,-1.6223,-3.1076,-3.1076,-3.2917,0.0000,-1.4853,-1.4853,-3.3118,-0.2042,-0.1842,-134.8647,-79.1504,-1.6234
9967.20,-1.6108,-3.1036,-3.1036,-3.2939,0.0000,-1.4929,-1.4929,-3.3168,-0.2132,-0.1902,-134.9864,-79.3388,-1.6119
10002.18,-1.6049,-3.1054,-3.1054,-3.3022,0.0000,-1.5005,-1.5005,-3.3219,-0.2165,-0.1969,-135.1081,-79.5274,-1.6060
10037.29,-1.5990,-3.1071,-3.1071,-3.3113,0.0000,-1.5081,-1.5081,-3.3269,-0.2199,-0.2043,-135.2298,-79.7163,-1.6001
10072.51,-1.5931,-3.1087,-3.1087,-3.3213,0.0000,-1.5156,-1.5156,-3.3320,-0.2233,-0.2126,-135.3515,-79.9054,-1.5942
10107.86,-1.5872,-3.1104,-3.1104,-3.3321,0.0000,-1.5232,-1.5232,-3.3371,-0.2267,-0.2217,-135.4732,-80.0947,-1.5882
10143.33,-1.5812,-3.1120,-3.1120,-3.3437,0.0000,-1.5308,-1.5308,-3.3421,-0.2301,-0.2317,-135.5949,-80.2843,-1.5822
10178.93,-1.5752,-3.1136,-3.1136,-3.3561,0.0000,-1.5384,-1.5384,-3.3472,-0.2336,-0.2425,-135.7166,-80.4741,-1.5762
10214.65,-1.5693,-3.1152,-3.1152,-3.3694,0.0000,-1.5460,-1.5460,-3.3522,-0.2370,-0.2542,-135.8383,-80.6641,-1.5702
10250.50,-1.5632,-3.1168,-3.1168,-3.3835,0.0000,-1.5535,-1.5535,-3.3573,-0.2405,-0.2667,-135.9600,-80.8464,-1.5642
10286.47,-1.5572,-3.1183,-3.1183,-3.3984,0.0000,-1.5611,-1.5611,-3.3623,-0.2440,-0.2801,-136.0817,-81.0094,-1.5581
10322.57,-1.5511,-3.1198,-3.1198,-3.4142,0.0000,-1.5687,-1.5687,-3.3674,-0.2476,-0.2943,-136.2034,-81.1726,-1.5521
10358.80,-1.5451,-3.1213,-3.1213,-3.4308,0.0000,-1.5763,-1.5763,-3.3725,-0.2511,-0.3094,-136.3251,-81.3359,-1.5460
10395.15,-1.5390,-3.1228,-3.1228,-3.4483,0.0000,-1.5839,-1.5839,-3.3775,-0.2547,-0.3254,-136.4469,-81.4993,-1.5398
10431.63,-1.5328,-3.1243,-3.1243,-3.4666,0.0000,-1.5914,-1.5914,-3.3826,-0.2583,-0.3423,-136.5686,-81.6630,-1.5337
10468.24,-1.5267,-3.1257,-3.1257,-3.4857,0.0000,-1.5990,-1.5990,-3.3876,-0.2619,-0.3600,-136.6903,-81.8267,-1.5275
10504.98,-1.5205,-3.1271,-3.1271,-3.5057,0.0000,-1.6066,-1.6066,-3.3927,-0.2655,-0.3786,-136.8120,-81.9906,-1.5213
10541.85,-1.5143,-3.1285,-3.1285,-3.5266,0.0000,-1.6142,-1.6142,-3.3977,-0.2692,-0.3981,-136.9337,-82.1547,-1.5151
10578.84,-1.4928,-3.1145,-3.1145,-3.5330,0.0000,-1.6218,-1.6218,-3.4028,-0.2883,-0.4185,-137.0554,-82.3189,-1.4936
10615.97,-1.4540,-3.0833,-3.0833,-3.5226,0.0000,-1.6294,-1.6294,-3.4079,-0.3245,-0.4393,-137.1771,-82.4832,-1.4547
10653.22,-1.4150,-3.0519,-3.0519,-3.5125,0.0000,-1.6369,-1.6369,-3.4129,-0.3610,-0.4606,-137.2988,-82.6477,-1.4158
10690.61,-1.3759,-3.0204,-3.0204,-3.5027,0.0000,-1.6445,-1.6445,-3.4180,-0.3975,-0.4822,-137.4205,-82.8124,-1.3766
10728.13,-1.3367,-2.9888,-2.9888,-3.4931,0.0000,-1.6521,-1.6521,-3.4230,-0.4342,-0.5043,-137.5422,-82.9772,-1.3374
10765.78,-1.2973,-2.9570,-2.9570,-3.4838,0.0000,-1.6597,-1.6597,-3.4281,-0.4711,-0.5268,-137.6639,-83.1422,-1.2980
10803.56,-1.2578,-2.9251,-2.9251,-3.4748,0.0000,-1.6673,-1.6673,-3.4331,-0.5081,-0.5497,-137.7856,-83.3073,-1.2585
10841.47,-1.2182,-2.8930,-2.8930,-3.4661,0.0000,-1.6748,-1.6748,-3.4382,-0.5452,-0.5730,-137.9073,-83.4725,-1.2189
10879.52,-1.1784,-2.8608,-2.8608,-3.4576,0.0000,-1.6824,-1.6824,-3.4432,-0.5824,-0.5968,-138.0290,-83.7404,-1.1791
10917.70,-1.1385,-2.8285,-2.8285,-3.4495,0.0000,-1.6900,-1.6900,-3.4483,-0.6198,-0.6210,-138.1507,-84.0337,-1.1391
10956.02,-1.0984,-2.7960,-2.7960,-3.4416,0.0000,-1.6976,-1.6976,-3.4534,-0.6573,-0.6456,-138.2724,-84.3277,-1.0990
10994.47,-1.0583,-2.7634,-2.7634,-3.4340,0.0000,-1.7052,-1.7052,-3.4584,-0.6950,-0.6706,-138.3941,-84.6222,-1.0588
11033.05,-1.0179,-2.7307,-2.7307,-3.4267,0.0000,-1.7127,-1.7127,-3.4635,-0.7328,-0.6960,-138.5158,-84.9173,-1.0185
11071.77,-0.9774,-2.6978,-2.6978,-3.4196,0.0000,-1.7203,-1.7203,-3.4685,-0.7708,-0.7219,-138.6375,-85.2130,-0.9780
11110.63,-0.9368,-2.6647,-2.6647,-3.4129,0.0000,-1.7279,-1.7279,-3.4736,-0.8089,-0.7482,-138.7592,-85.5094,-0.9373
11149.62,-0.8961,-2.6316,-2.6316,-3.4064,0.0000,-1.7355,-1.7355,-3.4786,-0.8471,-0.7749,-138.8809,-85.8064,-0.8966
11188.75,-0.8552,-2.5982,-2.5982,-3.4003,0.0000,-1.7431,-1.7431,-3.4837,-0.8855,-0.8021,-139.0026,-86.1039,-0.8556
11228.01,-0.8337,-2.5843,-2.5843,-3.4134,0.0000,-1.7507,-1.7507,-3.4888,-0.9044,-0.8291,-139.1243,-86.4021,-0.8341
11267.42,-0.8143,-2.5725,-2.5725,-3.4278,0.0000,-1.7582,-1.7582,-3.4938,-0.9213,-0.8553,-139.2460,-86.7009,-0.8147
11306.96,-0.7948,-2.5606,-2.5606,-3.4413,0.0000,-1.7658,-1.7658,-3.4989,-0.9383,-0.8807,-139.3677,-87.0004,-0.7952
11346.64,-0.7752,-2.5486,-2.5486,-3.4538,0.0000,-1.7734,-1.7734,-3.5039,-0.9553,-0.9053,-139.4894,-87.3004,-0.7756
11386.46,-0.7555,-2.5365,-2.5365,-3.4655,0.0000,-1.7810,-1.7810,-3.5090,-0.9725,-0.9290,-139.6111,-87.6011,-0.7559
11426.42,-0.7358,-2.5244,-2.5244,-3.4763,0.0000,-1.7886,-1.7886,-3.5140,-0.9896,-0.9519,-139.7328,-87.9025,-0.7362
11466.52,-0.7161,-2.5122,-2.5122,-3.4862,0.0000,-1.7961,-1.7961,-3.5191,-1.0069,-0.9740,-139.8545,-88.2044,-0.7164
11506.76,-0.6962,-2.4999,-2.4999,-3.4951,0.0000,-1.8037,-1.8037,-3.5241,-1.0242,-0.9952,-139.9762,-88.5280,-0.6966
11547.14,-0.6763,-2.4876,-2.4876,-3.5032,0.0000,-1.8113,-1.8113,-3.5292,-1.0416,-1.0156,-140.0979,-88.8979,-0.6766
11587.67,-0.6563,-2.4752,-2.4752,-3.5103,0.0000,-1.8189,-1.8189,-3.5343,-1.0591,-1.0351,-140.2196,-89.2686,-0.6566
11628.33,-0.6362,-2.4627,-2.4627,-3.5166,0.0000,-1.8265,-1.8265,-3.5393,-1.0766,-1.0538,-140.3413,-89.6401,-0.6366
11669.14,-0.6161,-2.4502,-2.4502,-3.5219,0.0000,-1.8340,-1.8340,-3.5444,-1.0942,-1.0717,-140.4630,-90.0126,-0.6164
11710.09,-0.5959,-2.4376,-2.4376,-3.5263,0.0000,-1.8416,-1.8416,-3.5494,-1.1119,-1.0887,-140.5848,-90.3859,-0.5962
11751.19,-0.5757,-2.4249,-2.4249,-3.5297,0.0000,-1.8492,-1.8492,-3.5545,-1.1296,-1.1048,-140.7065,-90.7602,-0.5759
11792.43,-0.5553,-2.4121,-2.4121,-3.5322,0.0000,-1.8568,-1.8568,-3.5595,-1.1474,-1.1201,-140.8282,-91.1353,-0.5556
11833.82,-0.5349,-2.3993,-2.3993,-3.5338,0.0000,-1.8644,-1.8644,-3.5646,-1.1653,-1.1346,-140.9499,-91.5113,-0.5351
11875.35,-0.5173,-2.3893,-2.3893,-3.5374,0.0000,-1.8720,-1.8720,-3.5696,-1.1804,-1.1481,-141.0716,-91.8882,-0.5176
11917.02,-0.5056,-2.3851,-2.3851,-3.5467,0.0000,-1.8795,-1.8795,-3.5747,-1.1896,-1.1616,-141.1933,-92.2660,-0.5058
11958.84,-0.4938,-2.3809,-2.3809,-3.5560,0.0000,-1.8871,-1.8871,-3.5798,-1.1989,-1.1751,-141.3150,-92.6446,-0.4940
12000.81,-0.4819,-2.3766,-2.3766,-3.5652,0.0000,-1.8947,-1.8947,-3.5848,-1.2082,-1.1886,-141.4367,-93.0242,-0.4822
12042.93,-0.4701,-2.3723,-2.3723,-3.5744,0.0000,-1.9023,-1.9023,-3.5899,-1.2175,-1.2021,-141.5584,-93.4047,-0.4703
12085.19,-0.4581,-2.3680,-2.3680,-3.5836,0.0000,-1.9099,-1.9099,-3.5949,-1.2269,-1.2156,-141.6801,-93.7861,-0.4583
12127.60,-0.4462,-2.3636,-2.3636,-3.5928,0.0000,-1.9174,-1.9174,-3.6000,-1.2364,-1.2292,-141.8018,-94.1684,-0.4464
12170.16,-0.4342,-2.3592,-2.3592,-3.6020,0.0000,-1.9250,-1.9250,-3.6050,-1.2458,-1.2428,-141.9235,-94.5517,-0.4343
12212.87,-0.4221,-2.3547,-2.3547,-3.6111,0.0000,-1.9326,-1.9326,-3.6101,-1.2554,-1.2564,-142.0452,-94.8845,-0.4223
12255.73,-0.4100,-2.3502,-2.3502,-3.6202,0.0000,-1.9402,-1.9402,-3.6152,-1.2649,-1.2700,-142.1669,-95.2074,-0.4102
12298.75,-0.3979,-2.3457,-2.3457,-3.6292,0.0000,-1.9478,-1.9478,-3.6202,-1.2746,-1.2836,-142.2886,-95.5311,-0.3980
12341.91,-0.3857,-2.3411,-2.3411,-3.6383,0.0000,-1.9553,-1.9553,-3.6253,-1.2842,-1.2972,-142.4103,-95.8554,-0.3859
12385.22,-0.3735,-2.3364,-2.3364,-3.6473,0.0000,-1.9629,-1.9629,-3.6303,-1.2939,-1.3109,-142.5320,-96.1805,-0.3736
12428.68,-0.3612,-2.3317,-2.3317,-3.6563,0.0000,-1.9705,-1.9705,-3.6354,-1.3036,-1.3246,-142.6537,-96.5063,-0.3614
12472.30,-0.3489,-2.3270,-2.3270,-3.6653,0.0000,-1.9781,-1.9781,-3.6404,-1.3134,-1.3383,-142.7754,-96.8328,-0.3490
12516.07,-0.3366,-2.3222,-2.3222,-3.6742,0.0000,-1.9857,-1.9857,-3.6455,-1.3232,-1.3520,-142.8971,-97.1600,-0.3367
12560.00,-0.3242,-2.3174,-2.3174,-3.6832,0.0000,-1.9933,-1.9933,-3.6505,-1.3331,-1.3657,-143.0188,-97.4879,-0.3243
12604.08,-0.3060,-2.3068,-2.3068,-3.6862,0.0000,-2.0008,-2.0008,-3.6556,-1.3488,-1.3794,-143.1405,-97.8166,-0.3061
12648.31,-0.2860,-2.2944,-2.2944,-3.6869,0.0000,-2.0084,-2.0084,-3.6607,-1.3663,-1.3925,-143.2623,-98.1460,-0.2861
12692.70,-0.2659,-2.2819,-2.2819,-3.6868,0.0000,-2.0160,-2.0160,-3.6657,-1.3838,-1.4049,-143.3840,-98.4761,-0.2660
12737.24,-0.2457,-2.2693,-2.2693,-3.6861,0.0000,-2.0236,-2.0236,-3.6708,-1.4015,-1.4168,-143.5057,-98.8069,-0.2458
12781.94,-0.2255,-2.2566,-2.2566,-3.6847,0.0000,-2.0312,-2.0312,-3.6758,-1.4192,-1.4280,-143.6274,-99.1385,-0.2256
12826.80,-0.2052,-2.2439,-2.2439,-3.6826,0.0000,-2.0387,-2.0387,-3.6809,-1.4369,-1.4387,-143.7491,-99.4708,-0.2053
12871.81,-0.1848,-2.2311,-2.2311,-3.6798,0.0000,-2.0463,-2.0463,-3.6859,-1.4548,-1.4487,-143.8708,-99.8039,-0.1849
12916.99,-0.1644,-2.2183,-2.2183,-3.6763,0.0000,-2.0539,-2.0539,-3.6910,-1.4727,-1.4581,-143.9925,-100.1055,-0.1645
12962.32,-0.1438,-2.2053,-2.2053,-3.6722,0.0000,-2.0615,-2.0615,-3.6960,-1.4907,-1.4668,-144.1142,-100.3454,-0.1439
13007.81,-0.1233,-2.1923,-2.1923,-3.6673,0.0000,-2.0691,-2.0691,-3.7011,-1.5088,-1.4750,-144.2359,-100.5857,-0.1233
13053.46,-0.1026,-2.1792,-2.1792,-3.6617,0.0000,-2.0766,-2.0766,-3.7062,-1.5269,-1.4825,-144.3576,-100.8264,-0.1027
13099.27,-0.0819,-2.1661,-2.1661,-3.6555,0.0000,-2.0842,-2.0842,-3.7112,-1.5451,-1.4894,-144.4793,-101.0675,-0.0819
13145.24,-0.0610,-2.1529,-2.1529,-3.6485,0.0000,-2.0918,-2.0918,-3.7163,-1.5634,-1.4957,-144.6010,-101.3090,-0.0611
13191.37,-0.0402,-2.1396,-2.1396,-3.6409,0.0000,-2.0994,-2.0994,-3.7213,-1.5818,-1.5013,-144.7227,-101.5510,-0.0402
13237.67,-0.0192,-2.1262,-2.1262,-3.6325,0.0000,-2.1070,-2.1070,-3.7264,-1.6002,-1.5063,-144.8444,-101.7934,-0.0193
13284.12,0.0018,-2.1127,-2.1127,-3.6234,0.0000,-2.1146,-2.1146,-3.7314,-1.6187,-1.5107,-144.9661,-102.0362,0.0017
13330.74,0.0172,-2.1049,-2.1049,-3.6193,0.0000,-2.1221,-2.1221,-3.7365,-1.6316,-1.5144,-145.0878,-102.2794,0.0172
13377.53,0.0090,-2.1207,-2.1207,-3.6376,0.0000,-2.1297,-2.1297,-3.7415,-1.6208,-1.5169,-145.2095,-102.5231,0.0089
13424.47,0.0008,-2.1365,-2.1365,-3.6545,0.0000,-2.1373,-2.1373,-3.7466,-1.6101,-1.5179,-145.3312,-102.7671,0.0007
13471.58,-0.0075,-2.1524,-2.1524,-3.6699,0.0000,-2.1449,-2.1449,-3.7517,-1.5993,-1.5175,-145.4530,-103.0117,-0.0076
13518.86,-0.0158,-2.1683,-2.1683,-3.6838,0.0000,-2.1525,-2.1525,-3.7567,-1.5884,-1.5155,-145.5747,-103.2566,-0.0159
13566.31,-0.0242,-2.1842,-2.1842,-3.6962,0.0000,-2.1600,-2.1600,-3.7618,-1.5776,-1.5120,-145.6964,-103.5020,-0.0242
13613.92,-0.0325,-2.2002,-2.2002,-3.7071,0.0000,-2.1676,-2.1676,-3.7668,-1.5667,-1.5069,-145.8181,-103.7478,-0.0326
13661.69,-0.0409,-2.2161,-2.2161,-3.7165,0.0000,-2.1752,-2.1752,-3.7719,-1.5557,-1.5004,-145.9398,-103.9940,-0.0410
13709.64,-0.0494,-2.2321,-2.2321,-3.7245,0.0000,-2.1828,-2.1828,-3.7769,-1.5448,-1.4923,-146.0615,-104.2197,-0.0494
13757.75,-0.0578,-2.2482,-2.2482,-3.7309,0.0000,-2.1904,-2.1904,-3.7820,-1.5338,-1.4827,-146.1832,-104.4420,-0.0579
13806.03,-0.0663,-2.2643,-2.2643,-3.7358,0.0000,-2.1979,-2.1979,-3.7870,-1.5228,-1.4716,-146.3049,-104.6647,-0.0664
13854.48,-0.0748,-2.2804,-2.2804,-3.7392,0.0000,-2.2055,-2.2055,-3.7921,-1.5117,-1.4589,-146.4266,-104.8877,-0.0749
13903.11,-0.0834,-2.2965,-2.2965,-3.7411,0.0000,-2.2131,-2.2131,-3.7972,-1.5007,-1.4446,-146.5483,-105.1111,-0.0834
13951.90,-0.0919,-2.3126,-2.3126,-3.7414,0.0000,-2.2207,-2.2207,-3.8022,-1.4896,-1.4288,-146.6700,-105.3348,-0.0920
14000.86,-0.1006,-2.3288,-2.3288,-3.7402,0.0000,-2.2283,-2.2283,-3.8073,-1.4784,-1.4114,-146.7917,-105.5589,-0.1006
14050.00,-0.1092,-2.3450,-2.3450,-3.7375,0.0000,-2.2359,-2.2359,-3.8123,-1.4673,-1.3925,-146.9134,-105.7834,-0.1092
14099.30,-0.1179,-2.3613,-2.3613,-3.7333,0.0000,-2.2434,-2.2434,-3.8174,-1.4561,-1.3720,-147.0351,-106.0082,-0.1179
14148.78,-0.1394,-2.3904,-2.3904,-3.7405,0.0000,-2.2510,-2.2510,-3.8224,-1.4320,-1.3501,-147.1568,-106.2334,-0.1395
14198.44,-0.1688,-2.4274,-2.4274,-3.7559,0.0000,-2.2586,-2.2586,-3.8275,-1.4000,-1.3285,-147.2785,-106.4590,-0.1689
14248.27,-0.1984,-2.4646,-2.4646,-3.7717,0.0000,-2.2662,-2.2662,-3.8325,-1.3680,-1.3071,-147.4002,-106.6849,-0.1984
14298.27,-0.2280,-2.5018,-2.5018,-3.7878,0.0000,-2.2738,-2.2738,-3.8376,-1.3358,-1.2860,-147.5220,-106.9112,-0.2280
14348.45,-0.2577,-2.5391,-2.5391,-3.8042,0.0000,-2.2813,-2.2813,-3.8427,-1.3036,-1.2651,-147.6437,-107.1378,-0.2578
14398.80,-0.2876,-2.5765,-2.5765,-3.8210,0.0000,-2.2889,-2.2889,-3.8477,-1.2712,-1.2445,-147.7654,-107.3648,-0.2876
14449.33,-0.3175,-2.6140,-2.6140,-3.8382,0.0000,-2.2965,-2.2965,-3.8528,-1.2387,-1.2242,-147.8871,-107.5922,-0.3175
14500.04,-0.3476,-2.6516,-2.6516,-3.8557,0.0000,-2.3041,-2.3041,-3.8578,-1.2062,-1.2041,-148.0088,-107.7963,-0.3476
14550.93,-0.3777,-2.6894,-2.6894,-3.8736,0.0000,-2.3117,-2.3117,-3.8629,-1.1735,-1.1842,-148.1305,-107.9594,-0.3777
14602.00,-0.4080,-2.7272,-2.7272,-3.8918,0.0000,-2.3192,-2.3192,-3.8679,-1.1407,-1.1646,-148.2522,-108.1226,-0.4080
14653.24,-0.4383,-2.7652,-2.7652,-3.9104,0.0000,-2.3268,-2.3268,-3.8730,-1.1078,-1.1453,-148.3739,-108.2860,-0.4384
14704.66,-0.4688,-2.8032,-2.8032,-3.9294,0.0000,-2.3344,-2.3344,-3.8780,-1.0748,-1.1262,-148.4956,-108.4495,-0.4688
14756.27,-0.4994,-2.8414,-2.8414,-3.9487,0.0000,-2.3420,-2.3420,-3.8831,-1.0417,-1.1074,-148.6173,-108.6131,-0.4994
14808.06,-0.5301,-2.8796,-2.8796,-3.9684,0.0000,-2.3496,-2.3496,-3.8882,-1.0085,-1.0888,-148.7390,-108.7769,-0.5301
14860.02,-0.5608,-2.9180,-2.9180,-3.9885,0.0000,-2.3572,-2.3572,-3.8932,-0.9752,-1.0705,-148.8607,-108.9409,-0.5609
14912.17,-0.5917,-2.9565,-2.9565,-4.0090,0.0000,-2.3647,-2.3647,-3.8983,-0.9418,-1.0525,-148.9824,-109.1050,-0.5918
14964.51,-0.6211,-2.9934,-2.9934,-4.0281,0.0000,-2.3723,-2.3723,-3.9033,-0.9099,-1.0347,-149.1041,-109.2692,-0.6211
15017.02,-0.6211,-3.0010,-3.0010,-4.0190,0.0000,-2.3799,-2.3799,-3.9084,-0.9074,-1.0180,-149.2258,-109.4336,-0.6211
15069.72,-0.6211,-3.0085,-3.0085,-4.0117,0.0000,-2.3875,-2.3875,-3.9134,-0.9049,-1.0031,-149.3475,-109.5981,-0.6211
15122.61,-0.6211,-3.0161,-3.0161,-4.0061,0.0000,-2.3951,-2.3951,-3.9185,-0.9024,-0.9900,-149.4692,-109.7628,-0.6211
15175.68,-0.6211,-3.0237,-3.0237,-4.0024,0.0000,-2.4026,-2.4026,-3.9235,-0.8998,-0.9787,-149.5910,-109.9277,-0.6211
15228.94,-0.6210,-3.0313,-3.0313,-4.0004,0.0000,-2.4102,-2.4102,-3.9286,-0.8973,-0.9692,-149.7127,-110.0927,-0.6211
15282.39,-0.6210,-3.0389,-3.0389,-4.0003,0.0000,-2.4178,-2.4178,-3.9336,-0.8948,-0.9614,-149.8344,-110.2578,-0.6211
15336.02,-0.6210,-3.0464,-3.0464,-4.0020,0.0000,-2.4254,-2.4254,-3.9387,-0.8923,-0.9555,-149.9561,-110.4231,-0.6211
15389.84,-0.6210,-3.0540,-3.0540,-4.0055,0.0000,-2.4330,-2.4330,-3.9438,-0.8897,-0.9515,-150.0778,-110.7157,-0.6211
15443.85,-0.6210,-3.0616,-3.0616,-4.0108,0.0000,-2.4405,-2.4405,-3.9488,-0.8872,-0.9492,-150.1995,-111.0268,-0.6211
15498.05,-0.6210,-3.0692,-3.0692,-4.0180,0.0000,-2.4481,-2.4481,-3.9539,-0.8847,-0.9488,-150.3212,-111.3386,-0.6211
15552.44,-0.6210,-3.0767,-3.0767,-4.0270,0.0000,-2.4557,-2.4557,-3.9589,-0.8822,-0.9502,-150.4429,-111.6511,-0.6211
15607.02,-0.6210,-3.0843,-3.0843,-4.0378,0.0000,-2.4633,-2.4633,-3.9640,-0.8797,-0.9535,-150.5646,-111.9642,-0.6211
15661.79,-0.6210,-3.0919,-3.0919,-4.0505,0.0000,-2.4709,-2.4709,-3.9690,-0.8771,-0.9586,-150.6863,-112.2780,-0.6211
15716.75,-0.6210,-3.0995,-3.0995,-4.0651,0.0000,-2.4785,-2.4785,-3.9741,-0.8746,-0.9656,-150.8080,-112.5925,-0.6211
15771.91,-0.6210,-3.1071,-3.1071,-4.0815,0.0000,-2.4860,-2.4860,-3.9791,-0.8721,-0.9744,-150.9297,-112.9077,-0.6210
15827.26,-0.6210,-3.1146,-3.1146,-4.0998,0.0000,-2.4936,-2.4936,-3.9842,-0.8696,-0.9852,-151.0514,-113.2235,-0.6210
15882.80,-0.6068,-3.1080,-3.1080,-4.1057,0.0000,-2.5012,-2.5012,-3.9893,-0.8813,-0.9977,-151.1731,-113.5401,-0.6068
15938.54,-0.5774,-3.0862,-3.0862,-4.0957,0.0000,-2.5088,-2.5088,-3.9943,-0.9081,-1.0095,-151.2948,-113.8573,-0.5774
15994.48,-0.5479,-3.0642,-3.0642,-4.0847,0.0000,-2.5164,-2.5164,-3.9994,-0.9351,-1.0205,-151.4165,-114.1752,-0.5479
16050.61,-0.5183,-3.0422,-3.0422,-4.0728,0.0000,-2.5239,-2.5239,-4.0044,-0.9622,-1.0306,-151.5382,-114.4938,-0.5183
16106.94,-0.4885,-3.0201,-3.0201,-4.0598,0.0000,-2.5315,-2.5315,-4.0095,-0.9894,-1.0398,-151.6600,-114.8130,-0.4886
16163.46,-0.4587,-2.9978,-2.9978,-4.0459,0.0000,-2.5391,-2.5391,-4.0145,-1.0167,-1.0481,-151.7817,-115.1330,-0.4587
16220.19,-0.4288,-2.9755,-2.9755,-4.0310,0.0000,-2.5467,-2.5467,-4.0196,-1.0441,-1.0555,-151.9034,-115.4537,-0.4288
16277.11,-0.3987,-2.9530,-2.9530,-4.0151,0.0000,-2.5543,-2.5543,-4.0246,-1.0716,-1.0620,-152.0251,-115.7684,-0.3988
16334.24,-0.3686,-2.9304,-2.9304,-3.9981,0.0000,-2.5618,-2.5618,-4.0297,-1.0992,-1.0677,-152.1468,-116.0733,-0.3686
16391.56,-0.3384,-2.9078,-2.9078,-3.9802,0.0000,-2.5694,-2.5694,-4.0348,-1.1270,-1.0724,-152.2685,-116.3788,-0.3384
16449.08,-0.3080,-2.8850,-2.8850,-3.9613,0.0000,-2.5770,-2.5770,-4.0398,-1.1548,-1.0763,-152.3902,-116.6850,-0.3080
16506.81,-0.2775,-2.8621,-2.8621,-3.9414,0.0000,-2.5846,-2.5846,-4.0449,-1.1827,-1.0792,-152.5119,-116.9919,-0.2776
16564.74,-0.2470,-2.8391,-2.8391,-3.9204,0.0000,-2.5922,-2.5922,-4.0499,-1.2108,-1.0813,-152.6336,-117.2994,-0.2470
16622.87,-0.2163,-2.8161,-2.8161,-3.8984,0.0000,-2.5998,-2.5998,-4.0550,-1.2389,-1.0824,-152.7553,-117.6075,-0.2163
16681.21,-0.1855,-2.7929,-2.7929,-3.8755,0.0000,-2.6073,-2.6073,-4.0600,-1.2672,-1.0826,-152.8770,-117.9163,-0.1855
16739.75,-0.1546,-2.7695,-2.7695,-3.8515,0.0000,-2.6149,-2.6149,-4.0651,-1.2955,-1.0819,-152.9987,-118.2258,-0.1546
16798.50,-0.1236,-2.7461,-2.7461,-3.8264,0.0000,-2.6225,-2.6225,-4.0701,-1.3240,-1.0803,-153.1204,-118.5359,-0.1236
16857.45,-0.1473,-2.7774,-2.7774,-3.8549,0.0000,-2.6301,-2.6301,-4.0752,-1.2978,-1.0775,-153.2421,-118.8467,-0.1473
16916.61,-0.1762,-2.8138,-2.8138,-3.8873,0.0000,-2.6377,-2.6377,-4.0802,-1.2664,-1.0735,-153.3638,-119.1581,-0.1762
16975.98,-0.2051,-2.8504,-2.8504,-3.9185,0.0000,-2.6452,-2.6452,-4.0853,-1.2349,-1.0681,-153.4855,-119.4702,-0.2052
17035.56,-0.2342,-2.8870,-2.8870,-3.9486,0.0000,-2.6528,-2.6528,-4.0904,-1.2033,-1.0616,-153.6072,-119.7830,-0.2342
17095.34,-0.2634,-2.9238,-2.9238,-3.9775,0.0000,-2.6604,-2.6604,-4.0954,-1.1716,-1.0537,-153.7289,-120.0965,-0.2634
17155.34,-0.2926,-2.9606,-2.9606,-4.0052,0.0000,-2.6680,-2.6680,-4.1005,-1.1398,-1.0445,-153.8506,-120.4106,-0.2927
17215.54,-0.3220,-2.9976,-2.9976,-4.0317,0.0000,-2.6756,-2.6756,-4.1055,-1.1079,-1.0341,-153.9724,-120.7254,-0.3220
17275.96,-0.3515,-3.0346,-3.0346,-4.0570,0.0000,-2.6831,-2.6831,-4.1106,-1.0759,-1.0224,-154.0941,-120.6911,-0.3515
17336.59,-0.3811,-3.0718,-3.0718,-4.0811,0.0000,-2.6907,-2.6907,-4.1156,-1.0438,-1.0093,-154.2158,-120.6174,-0.3811
17397.43,-0.4108,-3.1091,-3.1091,-4.1041,0.0000,-2.6983,-2.6983,-4.1207,-1.0116,-0.9950,-154.3375,-120.5431,-0.4108
17458.48,-0.4405,-3.1464,-3.1464,-4.1258,0.0000,-2.7059,-2.7059,-4.1257,-0.9793,-0.9794,-154.4592,-120.4680,-0.4406
17519.75,-0.4704,-3.1839,-3.1839,-4.1463,0.0000,-2.7135,-2.7135,-4.1308,-0.9469,-0.9624,-154.5809,-120.3923,-0.4704
17581.24,-0.5004,-3.2215,-3.2215,-4.1656,0.0000,-2.7211,-2.7211,-4.1359,-0.9144,-0.9442,-154.7026,-120.3159,-0.5004
17642.94,-0.5305,-3.2592,-3.2592,-4.1837,0.0000,-2.7286,-2.7286,-4.1409,-0.8817,-0.9246,-154.8243,-120.2387,-0.5305
17704.85,-0.5607,-3.2970,-3.2970,-4.2006,0.0000,-2.7362,-2.7362,-4.1460,-0.8490,-0.9037,-154.9460,-120.1609,-0.5608
17766.99,-0.5911,-3.3349,-3.3349,-4.2163,0.0000,-2.7438,-2.7438,-4.1510,-0.8162,-0.8814,-155.0677,-120.0824,-0.5911
17829.34,-0.6152,-3.3666,-3.3666,-4.2245,0.0000,-2.7514,-2.7514,-4.1561,-0.7895,-0.8579,-155.1894,-120.0032,-0.6152
17891.91,-0.6276,-3.3865,-3.3865,-4.2213,0.0000,-2.7590,-2.7590,-4.1611,-0.7746,-0.8348,-155.3111,-119.9232,-0.6276
17954.70,-0.6399,-3.4065,-3.4065,-4.2189,0.0000,-2.7665,-2.7665,-4.1662,-0.7597,-0.8124,-155.4328,-119.8426,-0.6400
18017.71,-0.6524,-3.4265,-3.4265,-4.2172,0.0000,-2.7741,-2.7741,-4.1712,-0.7447,-0.7907,-155.5545,-119.7612,-0.6524
18080.94,-0.6648,-3.4466,-3.4466,-4.2163,0.0000,-2.7817,-2.7817,-4.1763,-0.7297,-0.7697,-155.6762,-119.6792,-0.6649
18144.40,-0.6774,-3.4667,-3.4667,-4.2161,0.0000,-2.7893,-2.7893,-4.1813,-0.7147,-0.7495,-155.7979,-119.5964,-0.6774
18208.07,-0.6899,-3.4868,-3.4868,-4.2167,0.0000,-2.7969,-2.7969,-4.1864,-0.6996,-0.7299,-155.9196,-119.5129,-0.6899
18271.97,-0.7025,-3.5070,-3.5070,-4.2180,0.0000,-2.8044,-2.8044,-4.1915,-0.6845,-0.7110,-156.0413,-119.4821,-0.7025
18336.10,-0.7152,-3.5272,-3.5272,-4.2201,0.0000,-2.8120,-2.8120,-4.1965,-0.6693,-0.6929,-156.1630,-119.5270,-0.7152
18400.45,-0.7279,-3.5475,-3.5475,-4.2229,0.0000,-2.8196,-2.8196,-4.2016,-0.6541,-0.6754,-156.2847,-119.5716,-0.7279
18465.02,-0.7406,-3.5678,-3.5678,-4.2265,0.0000,-2.8272,-2.8272,-4.2066,-0.6388,-0.6587,-156.4064,-119.6159,-0.7406
18529.82,-0.7534,-3.5882,-3.5882,-4.2309,0.0000,-2.8348,-2.8348,-4.2117,-0.6235,-0.6427,-156.5281,-119.6599,-0.7534
18594.85,-0.7662,-3.6086,-3.6086,-4.2360,0.0000,-2.8424,-2.8424,-4.2167,-0.6081,-0.6274,-156.6498,-119.7037,-0.7662
18660.11,-0.7791,-3.6290,-3.6290,-4.2419,0.0000,-2.8499,-2.8499,-4.2218,-0.5927,-0.6129,-156.7715,-119.7472,-0.7791
18725.60,-0.7920,-3.6495,-3.6495,-4.2486,0.0000,-2.8575,-2.8575,-4.2268,-0.5773,-0.5990,-156.8932,-119.7905,-0.7920
18791.31,-0.8050,-3.6701,-3.6701,-4.2560,0.0000,-2.8651,-2.8651,-4.2319,-0.5618,-0.5859,-157.0149,-119.8334,-0.8050
18857.26,-0.8180,-3.6907,-3.6907,-4.2643,0.0000,-2.8727,-2.8727,-4.2369,-0.5463,-0.5736,-157.1367,-119.8761,-0.8180
18923.44,-0.8255,-3.7057,-3.7057,-3.6615,0.0000,-2.8803,-2.8803,-4.2420,-0.5363,0.0442,-157.2584,-119.9185,-0.8255
18989.85,-0.8314,-3.7192,-3.7192,-3.0578,0.0000,-2.8878,-2.8878,-4.2471,-0.5278,0.6614,-157.3801,-119.9607,-0.8314
19056.49,-0.8373,-3.7327,-3.7327,-2.4547,0.0000,-2.8954,-2.8954,-4.2521,-0.5194,1.2780,-157.5018,-120.0025,-0.8373
19123.37,-0.8432,-3.7462,-3.7462,-1.8522,0.0000,-2.9030,-2.9030,-4.2572,-0.5110,1.8940,-157.6235,-120.0441,-0.8432
19190.48,-0.8492,-3.7597,-3.7597,-1.2504,0.0000,-2.9106,-2.9106,-4.2622,-0.5025,2.5094,-157.7452,-120.0854,-0.8492
19257.83,-0.8551,-3.7733,-3.7733,-0.6492,0.0000,-2.9182,-2.9182,-4.2673,-0.4940,3.1241,-157.8669,-120.1264,-0.8551
19325.41,-0.8611,-3.7869,-3.7869,-0.0486,0.0000,-2.9257,-2.9257,-4.2723,-0.4855,3.7383,-157.9886,-120.1671,-0.8611
19393.23,-0.8671,-3.8004,-3.8004,0.5514,0.0000,-2.9333,-2.9333,-4.2774,-0.4770,4.3518,-158.1103,-110.3827,-0.8671
19461.29,-0.8731,-3.8141,-3.8141,1.1507,0.0000,-2.9409,-2.9409,-4.2824,-0.4684,4.9647,-158.2320,-110.5044,-0.8732
19529.59,-0.8792,-3.8277,-3.8277,1.7494,0.0000,-2.9485,-2.9485,-4.2875,-0.4598,5.5771,-158.3537,-110.6261,-0.8792
19598.13,-0.8853,-3.8413,-3.8413,2.3474,0.0000,-2.9561,-2.9561,-4.2926,-0.4512,6.1888,-158.4754,-110.7478,-0.8853
19666.91,-0.8914,-3.8550,-3.8550,2.9448,0.0000,-2.9637,-2.9637,-4.2976,-0.4426,6.7998,-158.5971,-110.8695,-0.8914
19735.93,-0.8975,-3.8687,-3.8687,3.5416,0.0000,-2.9712,-2.9712,-4.3027,-0.4339,7.4103,-158.7188,-110.9912,-0.8975
19805.19,-0.9036,-3.8824,-3.8824,4.1377,0.0000,-2.9788,-2.9788,-4.3077,-0.4253,8.0201,-158.8405,-111.1129,-0.9037
19874.69,-0.9098,-3.8962,-3.8962,4.7332,0.0000,-2.9864,-2.9864,-4.3128,-0.4166,8.6294,-158.9622,-111.2346,-0.9098
19944.44,-0.9160,-3.9100,-3.9100,5.3280,0.0000,-2.9940,-2.9940,-4.3178,-0.4079,9.2380,-159.0839,-111.3563,-0.9160
20014.44,-20.9207,-23.9207,-23.9207,-14.0747,0.0000,-3.0000,-3.0000,-4.3229,19.5978,9.8459,-159.2056,-111.4781,-20.9209
20084.67,-20.9207,-23.9207,-23.9207,-13.4672,0.0000,-3.0000,-3.0000,-4.3279,19.5927,10.4535,-159.3273,-111.5998,-20.9209
20155.16,-20.9207,-23.9207,-23.9207,-12.8601,0.0000,-3.0000,-3.0000,-4.3330,19.5877,11.0606,-159.4490,-111.7215,-20.9209
20225.89,-20.9207,-23.9207,-23.9207,-12.2534,0.0000,-3.0000,-3.0000,-4.3380,19.5826,11.6673,-159.5707,-111.8432,-20.9209
20296.87,-20.9207,-23.9207,-23.9207,-11.6471,0.0000,-3.0000,-3.0000,-4.3431,19.5776,12.2736,-159.6924,-111.9649,-20.9209
20368.11,-20.9207,-23.9207,-23.9207,-11.0412,0.0000,-3.0000,-3.0000,-4.3482,19.5725,12.8795,-159.8141,-112.0866,-20.9209
20439.59,-20.9207,-23.9207,-23.9207,-10.4358,0.0000,-3.0000,-3.0000,-4.3532,19.5675,13.4849,-159.9358,-112.2083,-20.9209
20511.32,-20.9207,-23.9207,-23.9207,-9.8307,0.0000,-3.0000,-3.0000,-4.3583,19.5624,14.0900,-160.0575,-112.3300,-20.9209
20583.30,-20.9207,-23.9207,-23.9207,-9.2260,0.0000,-3.0000,-3.0000,-4.3633,19.5574,14.6946,-160.1792,-112.4517,-20.9209
20655.54,-20.9207,-23.9207,-23.9207,-8.6218,0.0000,-3.0000,-3.0000,-4.3684,19.5523,15.2989,-160.3009,-112.5734,-20.9209
20728.02,-20.9207,-23.9207,-23.9207,-8.0180,0.0000,-3.0000,-3.0000,-4.3734,19.5473,15.9027,-160.4226,-112.6951,-20.9209
20800.77,-20.9207,-23.9207,-23.9207,-7.4146,0.0000,-3.0000,-3.0000,-4.3785,19.5422,16.5061,-160.5443,-112.8168,-20.9209
20873.77,-20.9207,-23.9207,-23.9207,-6.8114,0.0000,-3.0000,-3.0000,-4.3835,19.5372,17.1093,-160.6660,-112.9385,-20.9209
20947.02,-20.9207,-23.9207,-23.9207,-6.2085,0.0000,-3.0000,-3.0000,-4.3886,19.5321,17.7122,-160.7877,-113.0603,-20.9209
21020.53,-20.9207,-23.9207,-23.9207,-5.6059,0.0000,-3.0000,-3.0000,-4.3936,19.5270,18.3148,-160.9094,-113.1820,-20.9209
21094.30,-20.9207,-23.9207,-23.9207,-5.0036,0.0000,-3.0000,-3.0000,-4.3987,19.5220,18.9171,-161.0311,-113.3037,-20.9209
21168.33,-20.9207,-23.9207,-23.9207,-4.4015,0.0000,-3.0000,-3.0000,-4.4038,19.5169,19.5192,-161.1528,-113.4254,-20.9209
21242.62,-20.9207,-23.9207,-23.9207,-4.4056,0.0000,-3.0000,-3.0000,-4.4088,19.5119,19.5151,-161.2745,-113.5471,-20.9209
21317.17,-20.9207,-23.9207,-23.9207,-4.4096,0.0000,-3.0000,-3.0000,-4.4139,19.5068,19.5111,-161.3962,-113.6688,-20.9209
21391.98,-20.9207,-23.9207,-23.9207,-4.4134,0.0000,-3.0000,-3.0000,-4.4189,19.5018,19.5073,-161.5179,-113.7905,-20.9209
21467.06,-20.9207,-23.9207,-23.9207,-4.4171,0.0000,-3.0000,-3.0000,-4.4240,19.4967,19.5036,-161.6396,-113.9122,-20.9209
21542.39,-20.9207,-23.9207,-23.9207,-4.4206,0.0000,-3.0000,-3.0000,-4.4290,19.4917,19.5001,-161.7613,-114.0339,-20.9209
21617.99,-20.9207,-23.9207,-23.9207,-4.4240,0.0000,-3.0000,-3.0000,-4.4341,19.4866,19.4967,-161.8830,-114.1556,-20.9209
21693.86,-20.9207,-23.9207,-23.9207,-4.4272,0.0000,-3.0000,-3.0000,-4.4391,19.4816,19.4935,-162.0046,-114.2773,-20.9209
21769.99,-20.9207,-23.9207,-23.9207,-4.4303,0.0000,-3.0000,-3.0000,-4.4442,19.4765,19.4905,-162.1263,-114.3991,-20.9209
21846.39,-20.9207,-23.9207,-23.9207,-4.4332,0.0000,-3.0000,-3.0000,-4.4492,19.4715,19.4875,-162.2480,-114.5208,-20.9209
21923.06,-20.9207,-23.9207,-23.9207,-4.4359,0.0000,-3.0000,-3.0000,-4.4543,19.4664,19.4848,-162.3697,-114.6425,-20.9209
22000.00,-20.9207,-23.9207,-23.9207,-4.4385,0.0000,-3.0000,-3.0000,-4.4594,19.4614,19.4822,-162.4914,-114.7642,-20.9209
